2026-04-06 06:18:46	/Users/atulgrover/Desktop/RAG2/Dokuwiki/techset/lib/plugins/bureaucracy/helper/field.php(84)	E_WARNING: Undefined array key "label"
  #0 /Users/atulgrover/Desktop/RAG2/Dokuwiki/techset/lib/plugins/bureaucracy/helper/field.php(84): dokuwiki\ErrorHandler::errorHandler(2, 'Undefined array...', '/Users/atulgrov...', 84)
  #1 /Users/atulgrover/Desktop/RAG2/Dokuwiki/techset/lib/plugins/bureaucracy/helper/field.php(53): helper_plugin_bureaucracy_field->init(Array)
  #2 /Users/atulgrover/Desktop/RAG2/Dokuwiki/techset/lib/plugins/bureaucracy/helper/fieldsubmit.php(21): helper_plugin_bureaucracy_field->initialize(Array)
  #3 /Users/atulgrover/Desktop/RAG2/Dokuwiki/techset/lib/plugins/bureaucracy/syntax.php(128): helper_plugin_bureaucracy_fieldsubmit->initialize(Array)
  #4 /Users/atulgrover/Desktop/RAG2/Dokuwiki/techset/inc/parser/handler.php(298): syntax_plugin_bureaucracy->handle('\naction pagemod...', 5, 33, Object(Doku_Handler))
  #5 /Users/atulgrover/Desktop/RAG2/Dokuwiki/techset/inc/Parsing/Lexer/Lexer.php(269): Doku_Handler->plugin('<form>\naction p...', 5, 33, 'bureaucracy')
  #6 /Users/atulgrover/Desktop/RAG2/Dokuwiki/techset/inc/Parsing/Lexer/Lexer.php(196): dokuwiki\Parsing\Lexer\Lexer->invokeHandler('<form>\naction p...', 5, 33)
  #7 /Users/atulgrover/Desktop/RAG2/Dokuwiki/techset/inc/Parsing/Lexer/Lexer.php(146): dokuwiki\Parsing\Lexer\Lexer->dispatchTokens('', '<form>\naction p...', '_plugin_bureauc...', 33, 33)
  #8 /Users/atulgrover/Desktop/RAG2/Dokuwiki/techset/inc/Parsing/Parser.php(113): dokuwiki\Parsing\Lexer\Lexer->parse('\n\n\n')
  #9 /Users/atulgrover/Desktop/RAG2/Dokuwiki/techset/inc/parserutils.php(234): dokuwiki\Parsing\Parser->parse('\n~~NOTOC~~\n\n===...')
  #10 /Users/atulgrover/Desktop/RAG2/Dokuwiki/techset/inc/parserutils.php(198): p_get_instructions('~~NOTOC~~\n\n====...')
  #11 /Users/atulgrover/Desktop/RAG2/Dokuwiki/techset/inc/parserutils.php(520): p_cached_instructions('/Users/atulgrov...', false, 'lexai_agents:bu...')
  #12 /Users/atulgrover/Desktop/RAG2/Dokuwiki/techset/inc/parserutils.php(299): p_render_metadata('lexai_agents:bu...', Array)
  #13 /Users/atulgrover/Desktop/RAG2/Dokuwiki/techset/inc/parserutils.php(772): p_get_metadata('lexai_agents:bu...', 'title', 1)
  #14 /Users/atulgrover/Desktop/RAG2/Dokuwiki/techset/lib/plugins/fuzzysearch/action.php(130): p_get_first_heading('lexai_agents:bu...')
  #15 /Users/atulgrover/Desktop/RAG2/Dokuwiki/techset/lib/plugins/fuzzysearch/action.php(106): action_plugin_fuzzysearch->generatePageList()
  #16 /Users/atulgrover/Desktop/RAG2/Dokuwiki/techset/lib/plugins/fuzzysearch/action.php(51): action_plugin_fuzzysearch->ensureCacheExists(true)
  #17 /Users/atulgrover/Desktop/RAG2/Dokuwiki/techset/inc/Extension/EventHandler.php(80): action_plugin_fuzzysearch->update_cache_on_change(Object(dokuwiki\Extension\Event), NULL)
  #18 /Users/atulgrover/Desktop/RAG2/Dokuwiki/techset/inc/Extension/Event.php(75): dokuwiki\Extension\EventHandler->process_event(Object(dokuwiki\Extension\Event), 'BEFORE')
  #19 /Users/atulgrover/Desktop/RAG2/Dokuwiki/techset/inc/Extension/Event.php(133): dokuwiki\Extension\Event->advise_before(false)
  #20 /Users/atulgrover/Desktop/RAG2/Dokuwiki/techset/inc/Extension/Event.php(200): dokuwiki\Extension\Event->trigger(NULL, false)
  #21 /Users/atulgrover/Desktop/RAG2/Dokuwiki/techset/inc/indexer.php(43): dokuwiki\Extension\Event::createAndTrigger('INDEXER_VERSION...', Array, NULL, false)
  #22 /Users/atulgrover/Desktop/RAG2/Dokuwiki/techset/inc/indexer.php(145): idx_get_version()
  #23 /Users/atulgrover/Desktop/RAG2/Dokuwiki/techset/inc/TaskRunner.php(206): idx_addPage('lexai_datasets:...', true)
  #24 /Users/atulgrover/Desktop/RAG2/Dokuwiki/techset/inc/TaskRunner.php(52): dokuwiki\TaskRunner->runIndexer()
  #25 /Users/atulgrover/Desktop/RAG2/Dokuwiki/techset/lib/exe/taskrunner.php(20): dokuwiki\TaskRunner->run()
  #26 {main}
2026-04-06 07:08:38	/Users/atulgrover/Desktop/RAG2/Dokuwiki/techset/inc/Extension/PluginController.php(110)	E_WARNING: Undefined array key "base"
  #0 /Users/atulgrover/Desktop/RAG2/Dokuwiki/techset/inc/Extension/PluginController.php(110): dokuwiki\ErrorHandler::errorHandler(2, 'Undefined array...', '/Users/atulgrov...', 110)
  #1 /Users/atulgrover/Desktop/RAG2/Dokuwiki/techset/inc/pluginutils.php(55): dokuwiki\Extension\PluginController->load('syntax', 'liteparse', false, false)
  #2 /Users/atulgrover/Desktop/RAG2/Dokuwiki/techset/inc/parserutils.php(578): plugin_load('syntax', 'liteparse')
  #3 /Users/atulgrover/Desktop/RAG2/Dokuwiki/techset/inc/parserutils.php(222): p_get_parsermodes()
  #4 /Users/atulgrover/Desktop/RAG2/Dokuwiki/techset/inc/parserutils.php(198): p_get_instructions('  * https://www...')
  #5 /Users/atulgrover/Desktop/RAG2/Dokuwiki/techset/inc/parserutils.php(520): p_cached_instructions('/Users/atulgrov...', false, 'z_playground:st...')
  #6 /Users/atulgrover/Desktop/RAG2/Dokuwiki/techset/inc/parserutils.php(299): p_render_metadata('z_playground:st...', Array)
  #7 /Users/atulgrover/Desktop/RAG2/Dokuwiki/techset/inc/common.php(265): p_get_metadata('z_playground:st...')
  #8 /Users/atulgrover/Desktop/RAG2/Dokuwiki/techset/doku.php(101): pageinfo()
  #9 {main}
2026-04-06 07:08:54	/Users/atulgrover/Desktop/RAG2/Dokuwiki/techset/inc/Extension/PluginController.php(110)	E_WARNING: Undefined array key "base"
  #0 /Users/atulgrover/Desktop/RAG2/Dokuwiki/techset/inc/Extension/PluginController.php(110): dokuwiki\ErrorHandler::errorHandler(2, 'Undefined array...', '/Users/atulgrov...', 110)
  #1 /Users/atulgrover/Desktop/RAG2/Dokuwiki/techset/inc/pluginutils.php(55): dokuwiki\Extension\PluginController->load('syntax', 'liteparse', false, false)
  #2 /Users/atulgrover/Desktop/RAG2/Dokuwiki/techset/inc/parserutils.php(578): plugin_load('syntax', 'liteparse')
  #3 /Users/atulgrover/Desktop/RAG2/Dokuwiki/techset/inc/parserutils.php(222): p_get_parsermodes()
  #4 /Users/atulgrover/Desktop/RAG2/Dokuwiki/techset/inc/parserutils.php(198): p_get_instructions('This page is re...')
  #5 /Users/atulgrover/Desktop/RAG2/Dokuwiki/techset/inc/parserutils.php(158): p_cached_instructions('/Users/atulgrov...', false, '')
  #6 /Users/atulgrover/Desktop/RAG2/Dokuwiki/techset/inc/parserutils.php(129): p_cached_output('/Users/atulgrov...')
  #7 /Users/atulgrover/Desktop/RAG2/Dokuwiki/techset/inc/Ui/Editor.php(158): p_locale_xhtml('read')
  #8 /Users/atulgrover/Desktop/RAG2/Dokuwiki/techset/inc/Action/Source.php(39): dokuwiki\Ui\Editor->show()
  #9 /Users/atulgrover/Desktop/RAG2/Dokuwiki/techset/inc/template.php(120): dokuwiki\Action\Source->tplContent()
  #10 [internal function]: tpl_content_core('source')
  #11 /Users/atulgrover/Desktop/RAG2/Dokuwiki/techset/inc/Extension/Event.php(134): call_user_func_array('tpl_content_cor...', Array)
  #12 /Users/atulgrover/Desktop/RAG2/Dokuwiki/techset/inc/Extension/Event.php(200): dokuwiki\Extension\Event->trigger('tpl_content_cor...', true)
  #13 /Users/atulgrover/Desktop/RAG2/Dokuwiki/techset/inc/template.php(102): dokuwiki\Extension\Event::createAndTrigger('TPL_ACT_RENDER', 'source', 'tpl_content_cor...')
  #14 /Users/atulgrover/Desktop/RAG2/Dokuwiki/techset/lib/tpl/notes/main.php(57): tpl_content()
  #15 /Users/atulgrover/Desktop/RAG2/Dokuwiki/techset/inc/actions.php(30): include('/Users/atulgrov...')
  #16 /Users/atulgrover/Desktop/RAG2/Dokuwiki/techset/doku.php(131): act_dispatch()
  #17 {main}
2026-04-06 07:11:46	/Users/atulgrover/Desktop/RAG2/Dokuwiki/techset/inc/Extension/PluginController.php(110)	E_WARNING: Undefined array key "base"
  #0 /Users/atulgrover/Desktop/RAG2/Dokuwiki/techset/inc/Extension/PluginController.php(110): dokuwiki\ErrorHandler::errorHandler(2, 'Undefined array...', '/Users/atulgrov...', 110)
  #1 /Users/atulgrover/Desktop/RAG2/Dokuwiki/techset/inc/pluginutils.php(55): dokuwiki\Extension\PluginController->load('syntax', 'liteparse', false, false)
  #2 /Users/atulgrover/Desktop/RAG2/Dokuwiki/techset/inc/parserutils.php(578): plugin_load('syntax', 'liteparse')
  #3 /Users/atulgrover/Desktop/RAG2/Dokuwiki/techset/inc/parserutils.php(222): p_get_parsermodes()
  #4 /Users/atulgrover/Desktop/RAG2/Dokuwiki/techset/inc/parserutils.php(198): p_get_instructions('<WRAP group>\n<W...')
  #5 /Users/atulgrover/Desktop/RAG2/Dokuwiki/techset/inc/parserutils.php(520): p_cached_instructions('/Users/atulgrov...', false, 'lexai_agents:ba...')
  #6 /Users/atulgrover/Desktop/RAG2/Dokuwiki/techset/inc/parserutils.php(299): p_render_metadata('lexai_agents:ba...', Array)
  #7 /Users/atulgrover/Desktop/RAG2/Dokuwiki/techset/inc/parserutils.php(772): p_get_metadata('lexai_agents:ba...', 'title', 1)
  #8 /Users/atulgrover/Desktop/RAG2/Dokuwiki/techset/lib/plugins/fuzzysearch/action.php(130): p_get_first_heading('lexai_agents:ba...')
  #9 /Users/atulgrover/Desktop/RAG2/Dokuwiki/techset/lib/plugins/fuzzysearch/action.php(106): action_plugin_fuzzysearch->generatePageList()
  #10 /Users/atulgrover/Desktop/RAG2/Dokuwiki/techset/lib/plugins/fuzzysearch/action.php(51): action_plugin_fuzzysearch->ensureCacheExists(true)
  #11 /Users/atulgrover/Desktop/RAG2/Dokuwiki/techset/inc/Extension/EventHandler.php(80): action_plugin_fuzzysearch->update_cache_on_change(Object(dokuwiki\Extension\Event), NULL)
  #12 /Users/atulgrover/Desktop/RAG2/Dokuwiki/techset/inc/Extension/Event.php(75): dokuwiki\Extension\EventHandler->process_event(Object(dokuwiki\Extension\Event), 'BEFORE')
  #13 /Users/atulgrover/Desktop/RAG2/Dokuwiki/techset/inc/Extension/Event.php(133): dokuwiki\Extension\Event->advise_before(false)
  #14 /Users/atulgrover/Desktop/RAG2/Dokuwiki/techset/inc/Extension/Event.php(200): dokuwiki\Extension\Event->trigger(NULL, false)
  #15 /Users/atulgrover/Desktop/RAG2/Dokuwiki/techset/inc/indexer.php(43): dokuwiki\Extension\Event::createAndTrigger('INDEXER_VERSION...', Array, NULL, false)
  #16 /Users/atulgrover/Desktop/RAG2/Dokuwiki/techset/inc/indexer.php(145): idx_get_version()
  #17 /Users/atulgrover/Desktop/RAG2/Dokuwiki/techset/inc/TaskRunner.php(206): idx_addPage('start', true)
  #18 /Users/atulgrover/Desktop/RAG2/Dokuwiki/techset/inc/TaskRunner.php(52): dokuwiki\TaskRunner->runIndexer()
  #19 /Users/atulgrover/Desktop/RAG2/Dokuwiki/techset/lib/exe/taskrunner.php(20): dokuwiki\TaskRunner->run()
  #20 {main}
2026-04-06 07:11:48	/Users/atulgrover/Desktop/RAG2/Dokuwiki/techset/inc/Extension/PluginController.php(110)	E_WARNING: Undefined array key "base"
  #0 /Users/atulgrover/Desktop/RAG2/Dokuwiki/techset/inc/Extension/PluginController.php(110): dokuwiki\ErrorHandler::errorHandler(2, 'Undefined array...', '/Users/atulgrov...', 110)
  #1 /Users/atulgrover/Desktop/RAG2/Dokuwiki/techset/inc/pluginutils.php(55): dokuwiki\Extension\PluginController->load('syntax', 'liteparse', false, false)
  #2 /Users/atulgrover/Desktop/RAG2/Dokuwiki/techset/inc/parserutils.php(578): plugin_load('syntax', 'liteparse')
  #3 /Users/atulgrover/Desktop/RAG2/Dokuwiki/techset/inc/parserutils.php(222): p_get_parsermodes()
  #4 /Users/atulgrover/Desktop/RAG2/Dokuwiki/techset/inc/parserutils.php(198): p_get_instructions('{{tag>store:ins...')
  #5 /Users/atulgrover/Desktop/RAG2/Dokuwiki/techset/inc/parserutils.php(520): p_cached_instructions('/Users/atulgrov...', false, 'lexai_agents:in...')
  #6 /Users/atulgrover/Desktop/RAG2/Dokuwiki/techset/inc/parserutils.php(299): p_render_metadata('lexai_agents:in...', Array)
  #7 /Users/atulgrover/Desktop/RAG2/Dokuwiki/techset/inc/parserutils.php(772): p_get_metadata('lexai_agents:in...', 'title', 1)
  #8 /Users/atulgrover/Desktop/RAG2/Dokuwiki/techset/lib/plugins/fuzzysearch/action.php(130): p_get_first_heading('lexai_agents:in...')
  #9 /Users/atulgrover/Desktop/RAG2/Dokuwiki/techset/lib/plugins/fuzzysearch/action.php(106): action_plugin_fuzzysearch->generatePageList()
  #10 /Users/atulgrover/Desktop/RAG2/Dokuwiki/techset/lib/plugins/fuzzysearch/action.php(51): action_plugin_fuzzysearch->ensureCacheExists(true)
  #11 /Users/atulgrover/Desktop/RAG2/Dokuwiki/techset/inc/Extension/EventHandler.php(80): action_plugin_fuzzysearch->update_cache_on_change(Object(dokuwiki\Extension\Event), NULL)
  #12 /Users/atulgrover/Desktop/RAG2/Dokuwiki/techset/inc/Extension/Event.php(75): dokuwiki\Extension\EventHandler->process_event(Object(dokuwiki\Extension\Event), 'BEFORE')
  #13 /Users/atulgrover/Desktop/RAG2/Dokuwiki/techset/inc/Extension/Event.php(133): dokuwiki\Extension\Event->advise_before(false)
  #14 /Users/atulgrover/Desktop/RAG2/Dokuwiki/techset/inc/Extension/Event.php(200): dokuwiki\Extension\Event->trigger(NULL, false)
  #15 /Users/atulgrover/Desktop/RAG2/Dokuwiki/techset/inc/indexer.php(43): dokuwiki\Extension\Event::createAndTrigger('INDEXER_VERSION...', Array, NULL, false)
  #16 /Users/atulgrover/Desktop/RAG2/Dokuwiki/techset/inc/indexer.php(145): idx_get_version()
  #17 /Users/atulgrover/Desktop/RAG2/Dokuwiki/techset/inc/TaskRunner.php(206): idx_addPage('start', true)
  #18 /Users/atulgrover/Desktop/RAG2/Dokuwiki/techset/inc/TaskRunner.php(52): dokuwiki\TaskRunner->runIndexer()
  #19 /Users/atulgrover/Desktop/RAG2/Dokuwiki/techset/lib/exe/taskrunner.php(20): dokuwiki\TaskRunner->run()
  #20 {main}
2026-04-06 07:12:08	/Users/atulgrover/Desktop/RAG2/Dokuwiki/techset/inc/Extension/PluginController.php(110)	E_WARNING: Undefined array key "base"
  #0 /Users/atulgrover/Desktop/RAG2/Dokuwiki/techset/inc/Extension/PluginController.php(110): dokuwiki\ErrorHandler::errorHandler(2, 'Undefined array...', '/Users/atulgrov...', 110)
  #1 /Users/atulgrover/Desktop/RAG2/Dokuwiki/techset/inc/pluginutils.php(55): dokuwiki\Extension\PluginController->load('syntax', 'liteparse', false, false)
  #2 /Users/atulgrover/Desktop/RAG2/Dokuwiki/techset/inc/parserutils.php(578): plugin_load('syntax', 'liteparse')
  #3 /Users/atulgrover/Desktop/RAG2/Dokuwiki/techset/inc/parserutils.php(222): p_get_parsermodes()
  #4 /Users/atulgrover/Desktop/RAG2/Dokuwiki/techset/inc/parserutils.php(198): p_get_instructions('<WRAP group> \n\n...')
  #5 /Users/atulgrover/Desktop/RAG2/Dokuwiki/techset/inc/parserutils.php(520): p_cached_instructions('/Users/atulgrov...', false, 'start')
  #6 /Users/atulgrover/Desktop/RAG2/Dokuwiki/techset/inc/parserutils.php(299): p_render_metadata('start', Array)
  #7 /Users/atulgrover/Desktop/RAG2/Dokuwiki/techset/inc/common.php(265): p_get_metadata('start')
  #8 /Users/atulgrover/Desktop/RAG2/Dokuwiki/techset/doku.php(101): pageinfo()
  #9 {main}
2026-04-06 07:12:08	/Users/atulgrover/Desktop/RAG2/Dokuwiki/techset/inc/Extension/PluginController.php(110)	E_WARNING: Undefined array key "base"
  #0 /Users/atulgrover/Desktop/RAG2/Dokuwiki/techset/inc/Extension/PluginController.php(110): dokuwiki\ErrorHandler::errorHandler(2, 'Undefined array...', '/Users/atulgrov...', 110)
  #1 /Users/atulgrover/Desktop/RAG2/Dokuwiki/techset/inc/pluginutils.php(55): dokuwiki\Extension\PluginController->load('syntax', 'liteparse', false, false)
  #2 /Users/atulgrover/Desktop/RAG2/Dokuwiki/techset/inc/parserutils.php(578): plugin_load('syntax', 'liteparse')
  #3 /Users/atulgrover/Desktop/RAG2/Dokuwiki/techset/inc/parserutils.php(222): p_get_parsermodes()
  #4 /Users/atulgrover/Desktop/RAG2/Dokuwiki/techset/inc/parserutils.php(198): p_get_instructions('{{tagfilter>Age...')
  #5 /Users/atulgrover/Desktop/RAG2/Dokuwiki/techset/inc/parserutils.php(520): p_cached_instructions('/Users/atulgrov...', false, 'lexai_agents:in...')
  #6 /Users/atulgrover/Desktop/RAG2/Dokuwiki/techset/inc/parserutils.php(299): p_render_metadata('lexai_agents:in...', Array)
  #7 /Users/atulgrover/Desktop/RAG2/Dokuwiki/techset/inc/parserutils.php(772): p_get_metadata('lexai_agents:in...', 'title', 1)
  #8 /Users/atulgrover/Desktop/RAG2/Dokuwiki/techset/lib/plugins/fuzzysearch/action.php(130): p_get_first_heading('lexai_agents:in...')
  #9 /Users/atulgrover/Desktop/RAG2/Dokuwiki/techset/lib/plugins/fuzzysearch/action.php(106): action_plugin_fuzzysearch->generatePageList()
  #10 /Users/atulgrover/Desktop/RAG2/Dokuwiki/techset/lib/plugins/fuzzysearch/action.php(51): action_plugin_fuzzysearch->ensureCacheExists(true)
  #11 /Users/atulgrover/Desktop/RAG2/Dokuwiki/techset/inc/Extension/EventHandler.php(80): action_plugin_fuzzysearch->update_cache_on_change(Object(dokuwiki\Extension\Event), NULL)
  #12 /Users/atulgrover/Desktop/RAG2/Dokuwiki/techset/inc/Extension/Event.php(75): dokuwiki\Extension\EventHandler->process_event(Object(dokuwiki\Extension\Event), 'BEFORE')
  #13 /Users/atulgrover/Desktop/RAG2/Dokuwiki/techset/inc/Extension/Event.php(133): dokuwiki\Extension\Event->advise_before(false)
  #14 /Users/atulgrover/Desktop/RAG2/Dokuwiki/techset/inc/Extension/Event.php(200): dokuwiki\Extension\Event->trigger(NULL, false)
  #15 /Users/atulgrover/Desktop/RAG2/Dokuwiki/techset/inc/indexer.php(43): dokuwiki\Extension\Event::createAndTrigger('INDEXER_VERSION...', Array, NULL, false)
  #16 /Users/atulgrover/Desktop/RAG2/Dokuwiki/techset/inc/indexer.php(145): idx_get_version()
  #17 /Users/atulgrover/Desktop/RAG2/Dokuwiki/techset/inc/TaskRunner.php(206): idx_addPage('start', true)
  #18 /Users/atulgrover/Desktop/RAG2/Dokuwiki/techset/inc/TaskRunner.php(52): dokuwiki\TaskRunner->runIndexer()
  #19 /Users/atulgrover/Desktop/RAG2/Dokuwiki/techset/lib/exe/taskrunner.php(20): dokuwiki\TaskRunner->run()
  #20 {main}
2026-04-06 07:12:08	/Users/atulgrover/Desktop/RAG2/Dokuwiki/techset/lib/plugins/markdowku/syntax/ulists.php(79)	E_WARNING: Undefined array key 2
  #0 /Users/atulgrover/Desktop/RAG2/Dokuwiki/techset/lib/plugins/markdowku/syntax/ulists.php(79): dokuwiki\ErrorHandler::errorHandler(2, 'Undefined array...', '/Users/atulgrov...', 79)
  #1 /Users/atulgrover/Desktop/RAG2/Dokuwiki/techset/inc/Parsing/Handler/Lists.php(80): Doku_Handler_Markdown_Unordered_List->interpretSyntax('\n    * ', 'u')
  #2 /Users/atulgrover/Desktop/RAG2/Dokuwiki/techset/inc/Parsing/Handler/Lists.php(32): dokuwiki\Parsing\Handler\Lists->listOpen(Array)
  #3 /Users/atulgrover/Desktop/RAG2/Dokuwiki/techset/inc/Parsing/Handler/Lists.php(20): dokuwiki\Parsing\Handler\Lists->process()
  #4 /Users/atulgrover/Desktop/RAG2/Dokuwiki/techset/inc/parser/handler.php(135): dokuwiki\Parsing\Handler\Lists->finalise()
  #5 /Users/atulgrover/Desktop/RAG2/Dokuwiki/techset/inc/Parsing/Parser.php(127): Doku_Handler->finalize()
  #6 /Users/atulgrover/Desktop/RAG2/Dokuwiki/techset/inc/parserutils.php(234): dokuwiki\Parsing\Parser->parse('\n{{tagfilter>Ag...')
  #7 /Users/atulgrover/Desktop/RAG2/Dokuwiki/techset/inc/parserutils.php(198): p_get_instructions('{{tagfilter>Age...')
  #8 /Users/atulgrover/Desktop/RAG2/Dokuwiki/techset/inc/parserutils.php(520): p_cached_instructions('/Users/atulgrov...', false, 'lexai_agents:in...')
  #9 /Users/atulgrover/Desktop/RAG2/Dokuwiki/techset/inc/parserutils.php(299): p_render_metadata('lexai_agents:in...', Array)
  #10 /Users/atulgrover/Desktop/RAG2/Dokuwiki/techset/inc/parserutils.php(772): p_get_metadata('lexai_agents:in...', 'title', 1)
  #11 /Users/atulgrover/Desktop/RAG2/Dokuwiki/techset/lib/plugins/fuzzysearch/action.php(130): p_get_first_heading('lexai_agents:in...')
  #12 /Users/atulgrover/Desktop/RAG2/Dokuwiki/techset/lib/plugins/fuzzysearch/action.php(106): action_plugin_fuzzysearch->generatePageList()
  #13 /Users/atulgrover/Desktop/RAG2/Dokuwiki/techset/lib/plugins/fuzzysearch/action.php(51): action_plugin_fuzzysearch->ensureCacheExists(true)
  #14 /Users/atulgrover/Desktop/RAG2/Dokuwiki/techset/inc/Extension/EventHandler.php(80): action_plugin_fuzzysearch->update_cache_on_change(Object(dokuwiki\Extension\Event), NULL)
  #15 /Users/atulgrover/Desktop/RAG2/Dokuwiki/techset/inc/Extension/Event.php(75): dokuwiki\Extension\EventHandler->process_event(Object(dokuwiki\Extension\Event), 'BEFORE')
  #16 /Users/atulgrover/Desktop/RAG2/Dokuwiki/techset/inc/Extension/Event.php(133): dokuwiki\Extension\Event->advise_before(false)
  #17 /Users/atulgrover/Desktop/RAG2/Dokuwiki/techset/inc/Extension/Event.php(200): dokuwiki\Extension\Event->trigger(NULL, false)
  #18 /Users/atulgrover/Desktop/RAG2/Dokuwiki/techset/inc/indexer.php(43): dokuwiki\Extension\Event::createAndTrigger('INDEXER_VERSION...', Array, NULL, false)
  #19 /Users/atulgrover/Desktop/RAG2/Dokuwiki/techset/inc/indexer.php(145): idx_get_version()
  #20 /Users/atulgrover/Desktop/RAG2/Dokuwiki/techset/inc/TaskRunner.php(206): idx_addPage('start', true)
  #21 /Users/atulgrover/Desktop/RAG2/Dokuwiki/techset/inc/TaskRunner.php(52): dokuwiki\TaskRunner->runIndexer()
  #22 /Users/atulgrover/Desktop/RAG2/Dokuwiki/techset/lib/exe/taskrunner.php(20): dokuwiki\TaskRunner->run()
  #23 {main}
2026-04-06 07:12:08	/Users/atulgrover/Desktop/RAG2/Dokuwiki/techset/lib/plugins/markdowku/syntax/ulists.php(79)	E_WARNING: Undefined array key 2
  #0 /Users/atulgrover/Desktop/RAG2/Dokuwiki/techset/lib/plugins/markdowku/syntax/ulists.php(79): dokuwiki\ErrorHandler::errorHandler(2, 'Undefined array...', '/Users/atulgrov...', 79)
  #1 /Users/atulgrover/Desktop/RAG2/Dokuwiki/techset/inc/Parsing/Handler/Lists.php(80): Doku_Handler_Markdown_Unordered_List->interpretSyntax('\n    * ', 'u')
  #2 /Users/atulgrover/Desktop/RAG2/Dokuwiki/techset/inc/Parsing/Handler/Lists.php(32): dokuwiki\Parsing\Handler\Lists->listOpen(Array)
  #3 /Users/atulgrover/Desktop/RAG2/Dokuwiki/techset/inc/Parsing/Handler/Lists.php(20): dokuwiki\Parsing\Handler\Lists->process()
  #4 /Users/atulgrover/Desktop/RAG2/Dokuwiki/techset/inc/parser/handler.php(135): dokuwiki\Parsing\Handler\Lists->finalise()
  #5 /Users/atulgrover/Desktop/RAG2/Dokuwiki/techset/inc/Parsing/Parser.php(127): Doku_Handler->finalize()
  #6 /Users/atulgrover/Desktop/RAG2/Dokuwiki/techset/inc/parserutils.php(234): dokuwiki\Parsing\Parser->parse('\n**III. Legal &...')
  #7 /Users/atulgrover/Desktop/RAG2/Dokuwiki/techset/inc/parserutils.php(198): p_get_instructions('**III. Legal & ...')
  #8 /Users/atulgrover/Desktop/RAG2/Dokuwiki/techset/inc/parserutils.php(520): p_cached_instructions('/Users/atulgrov...', false, 'lexai_agents:in...')
  #9 /Users/atulgrover/Desktop/RAG2/Dokuwiki/techset/inc/parserutils.php(299): p_render_metadata('lexai_agents:in...', Array)
  #10 /Users/atulgrover/Desktop/RAG2/Dokuwiki/techset/inc/parserutils.php(772): p_get_metadata('lexai_agents:in...', 'title', 1)
  #11 /Users/atulgrover/Desktop/RAG2/Dokuwiki/techset/lib/plugins/fuzzysearch/action.php(130): p_get_first_heading('lexai_agents:in...')
  #12 /Users/atulgrover/Desktop/RAG2/Dokuwiki/techset/lib/plugins/fuzzysearch/action.php(106): action_plugin_fuzzysearch->generatePageList()
  #13 /Users/atulgrover/Desktop/RAG2/Dokuwiki/techset/lib/plugins/fuzzysearch/action.php(51): action_plugin_fuzzysearch->ensureCacheExists(true)
  #14 /Users/atulgrover/Desktop/RAG2/Dokuwiki/techset/inc/Extension/EventHandler.php(80): action_plugin_fuzzysearch->update_cache_on_change(Object(dokuwiki\Extension\Event), NULL)
  #15 /Users/atulgrover/Desktop/RAG2/Dokuwiki/techset/inc/Extension/Event.php(75): dokuwiki\Extension\EventHandler->process_event(Object(dokuwiki\Extension\Event), 'BEFORE')
  #16 /Users/atulgrover/Desktop/RAG2/Dokuwiki/techset/inc/Extension/Event.php(133): dokuwiki\Extension\Event->advise_before(false)
  #17 /Users/atulgrover/Desktop/RAG2/Dokuwiki/techset/inc/Extension/Event.php(200): dokuwiki\Extension\Event->trigger(NULL, false)
  #18 /Users/atulgrover/Desktop/RAG2/Dokuwiki/techset/inc/indexer.php(43): dokuwiki\Extension\Event::createAndTrigger('INDEXER_VERSION...', Array, NULL, false)
  #19 /Users/atulgrover/Desktop/RAG2/Dokuwiki/techset/inc/indexer.php(145): idx_get_version()
  #20 /Users/atulgrover/Desktop/RAG2/Dokuwiki/techset/inc/TaskRunner.php(206): idx_addPage('start', true)
  #21 /Users/atulgrover/Desktop/RAG2/Dokuwiki/techset/inc/TaskRunner.php(52): dokuwiki\TaskRunner->runIndexer()
  #22 /Users/atulgrover/Desktop/RAG2/Dokuwiki/techset/lib/exe/taskrunner.php(20): dokuwiki\TaskRunner->run()
  #23 {main}
2026-04-06 07:12:40	/Users/atulgrover/Desktop/RAG2/Dokuwiki/techset/inc/Extension/PluginController.php(110)	E_WARNING: Undefined array key "base"
  #0 /Users/atulgrover/Desktop/RAG2/Dokuwiki/techset/inc/Extension/PluginController.php(110): dokuwiki\ErrorHandler::errorHandler(2, 'Undefined array...', '/Users/atulgrov...', 110)
  #1 /Users/atulgrover/Desktop/RAG2/Dokuwiki/techset/inc/pluginutils.php(55): dokuwiki\Extension\PluginController->load('syntax', 'liteparse', false, false)
  #2 /Users/atulgrover/Desktop/RAG2/Dokuwiki/techset/inc/parserutils.php(578): plugin_load('syntax', 'liteparse')
  #3 /Users/atulgrover/Desktop/RAG2/Dokuwiki/techset/inc/parserutils.php(222): p_get_parsermodes()
  #4 /Users/atulgrover/Desktop/RAG2/Dokuwiki/techset/inc/parserutils.php(198): p_get_instructions('{{liteparse>htt...')
  #5 /Users/atulgrover/Desktop/RAG2/Dokuwiki/techset/inc/parserutils.php(520): p_cached_instructions('/Users/atulgrov...', false, 'liteparse')
  #6 /Users/atulgrover/Desktop/RAG2/Dokuwiki/techset/inc/parserutils.php(299): p_render_metadata('liteparse', Array)
  #7 /Users/atulgrover/Desktop/RAG2/Dokuwiki/techset/inc/common.php(265): p_get_metadata('liteparse')
  #8 /Users/atulgrover/Desktop/RAG2/Dokuwiki/techset/doku.php(101): pageinfo()
  #9 {main}
2026-04-06 07:12:40	/Users/atulgrover/Desktop/RAG2/Dokuwiki/techset/inc/Extension/PluginController.php(110)	E_WARNING: Undefined array key "base"
  #0 /Users/atulgrover/Desktop/RAG2/Dokuwiki/techset/inc/Extension/PluginController.php(110): dokuwiki\ErrorHandler::errorHandler(2, 'Undefined array...', '/Users/atulgrov...', 110)
  #1 /Users/atulgrover/Desktop/RAG2/Dokuwiki/techset/inc/pluginutils.php(55): dokuwiki\Extension\PluginController->load('syntax', 'liteparse', false, false)
  #2 /Users/atulgrover/Desktop/RAG2/Dokuwiki/techset/inc/parserutils.php(578): plugin_load('syntax', 'liteparse')
  #3 /Users/atulgrover/Desktop/RAG2/Dokuwiki/techset/inc/parserutils.php(222): p_get_parsermodes()
  #4 /Users/atulgrover/Desktop/RAG2/Dokuwiki/techset/inc/parserutils.php(198): p_get_instructions('{{liteparse>htt...')
  #5 /Users/atulgrover/Desktop/RAG2/Dokuwiki/techset/inc/parserutils.php(520): p_cached_instructions('/Users/atulgrov...', false, 'liteparse')
  #6 /Users/atulgrover/Desktop/RAG2/Dokuwiki/techset/inc/parserutils.php(299): p_render_metadata('liteparse', Array)
  #7 /Users/atulgrover/Desktop/RAG2/Dokuwiki/techset/inc/indexer.php(154): p_get_metadata('liteparse', 'internal index', 4)
  #8 /Users/atulgrover/Desktop/RAG2/Dokuwiki/techset/inc/TaskRunner.php(206): idx_addPage('liteparse', true)
  #9 /Users/atulgrover/Desktop/RAG2/Dokuwiki/techset/inc/TaskRunner.php(52): dokuwiki\TaskRunner->runIndexer()
  #10 /Users/atulgrover/Desktop/RAG2/Dokuwiki/techset/lib/exe/taskrunner.php(20): dokuwiki\TaskRunner->run()
  #11 {main}
2026-04-06 07:13:13	/Users/atulgrover/Desktop/RAG2/Dokuwiki/techset/inc/Extension/PluginController.php(110)	E_WARNING: Undefined array key "base"
  #0 /Users/atulgrover/Desktop/RAG2/Dokuwiki/techset/inc/Extension/PluginController.php(110): dokuwiki\ErrorHandler::errorHandler(2, 'Undefined array...', '/Users/atulgrov...', 110)
  #1 /Users/atulgrover/Desktop/RAG2/Dokuwiki/techset/inc/pluginutils.php(55): dokuwiki\Extension\PluginController->load('syntax', 'liteparse', false, false)
  #2 /Users/atulgrover/Desktop/RAG2/Dokuwiki/techset/inc/parserutils.php(578): plugin_load('syntax', 'liteparse')
  #3 /Users/atulgrover/Desktop/RAG2/Dokuwiki/techset/inc/parserutils.php(222): p_get_parsermodes()
  #4 /Users/atulgrover/Desktop/RAG2/Dokuwiki/techset/inc/parserutils.php(198): p_get_instructions('{{liteparse>htt...')
  #5 /Users/atulgrover/Desktop/RAG2/Dokuwiki/techset/inc/parserutils.php(520): p_cached_instructions('/Users/atulgrov...', false, 'liteparse')
  #6 /Users/atulgrover/Desktop/RAG2/Dokuwiki/techset/inc/parserutils.php(299): p_render_metadata('liteparse', Array)
  #7 /Users/atulgrover/Desktop/RAG2/Dokuwiki/techset/inc/common.php(265): p_get_metadata('liteparse')
  #8 /Users/atulgrover/Desktop/RAG2/Dokuwiki/techset/doku.php(101): pageinfo()
  #9 {main}
2026-04-06 07:13:13	/Users/atulgrover/Desktop/RAG2/Dokuwiki/techset/inc/Extension/PluginController.php(110)	E_WARNING: Undefined array key "base"
  #0 /Users/atulgrover/Desktop/RAG2/Dokuwiki/techset/inc/Extension/PluginController.php(110): dokuwiki\ErrorHandler::errorHandler(2, 'Undefined array...', '/Users/atulgrov...', 110)
  #1 /Users/atulgrover/Desktop/RAG2/Dokuwiki/techset/inc/pluginutils.php(55): dokuwiki\Extension\PluginController->load('syntax', 'liteparse', false, false)
  #2 /Users/atulgrover/Desktop/RAG2/Dokuwiki/techset/inc/parserutils.php(578): plugin_load('syntax', 'liteparse')
  #3 /Users/atulgrover/Desktop/RAG2/Dokuwiki/techset/inc/parserutils.php(222): p_get_parsermodes()
  #4 /Users/atulgrover/Desktop/RAG2/Dokuwiki/techset/inc/parserutils.php(198): p_get_instructions('**III. Legal & ...')
  #5 /Users/atulgrover/Desktop/RAG2/Dokuwiki/techset/inc/parserutils.php(520): p_cached_instructions('/Users/atulgrov...', false, 'lexai_agents:in...')
  #6 /Users/atulgrover/Desktop/RAG2/Dokuwiki/techset/inc/parserutils.php(299): p_render_metadata('lexai_agents:in...', Array)
  #7 /Users/atulgrover/Desktop/RAG2/Dokuwiki/techset/inc/parserutils.php(772): p_get_metadata('lexai_agents:in...', 'title', 1)
  #8 /Users/atulgrover/Desktop/RAG2/Dokuwiki/techset/lib/plugins/fuzzysearch/action.php(130): p_get_first_heading('lexai_agents:in...')
  #9 /Users/atulgrover/Desktop/RAG2/Dokuwiki/techset/lib/plugins/fuzzysearch/action.php(106): action_plugin_fuzzysearch->generatePageList()
  #10 /Users/atulgrover/Desktop/RAG2/Dokuwiki/techset/lib/plugins/fuzzysearch/action.php(51): action_plugin_fuzzysearch->ensureCacheExists(true)
  #11 /Users/atulgrover/Desktop/RAG2/Dokuwiki/techset/inc/Extension/EventHandler.php(80): action_plugin_fuzzysearch->update_cache_on_change(Object(dokuwiki\Extension\Event), NULL)
  #12 /Users/atulgrover/Desktop/RAG2/Dokuwiki/techset/inc/Extension/Event.php(75): dokuwiki\Extension\EventHandler->process_event(Object(dokuwiki\Extension\Event), 'BEFORE')
  #13 /Users/atulgrover/Desktop/RAG2/Dokuwiki/techset/inc/Extension/Event.php(133): dokuwiki\Extension\Event->advise_before(false)
  #14 /Users/atulgrover/Desktop/RAG2/Dokuwiki/techset/inc/Extension/Event.php(200): dokuwiki\Extension\Event->trigger(NULL, false)
  #15 /Users/atulgrover/Desktop/RAG2/Dokuwiki/techset/inc/indexer.php(43): dokuwiki\Extension\Event::createAndTrigger('INDEXER_VERSION...', Array, NULL, false)
  #16 /Users/atulgrover/Desktop/RAG2/Dokuwiki/techset/inc/indexer.php(145): idx_get_version()
  #17 /Users/atulgrover/Desktop/RAG2/Dokuwiki/techset/inc/TaskRunner.php(206): idx_addPage('liteparse', true)
  #18 /Users/atulgrover/Desktop/RAG2/Dokuwiki/techset/inc/TaskRunner.php(52): dokuwiki\TaskRunner->runIndexer()
  #19 /Users/atulgrover/Desktop/RAG2/Dokuwiki/techset/lib/exe/taskrunner.php(20): dokuwiki\TaskRunner->run()
  #20 {main}
2026-04-06 07:13:13	/Users/atulgrover/Desktop/RAG2/Dokuwiki/techset/lib/plugins/markdowku/syntax/ulists.php(79)	E_WARNING: Undefined array key 2
  #0 /Users/atulgrover/Desktop/RAG2/Dokuwiki/techset/lib/plugins/markdowku/syntax/ulists.php(79): dokuwiki\ErrorHandler::errorHandler(2, 'Undefined array...', '/Users/atulgrov...', 79)
  #1 /Users/atulgrover/Desktop/RAG2/Dokuwiki/techset/inc/Parsing/Handler/Lists.php(80): Doku_Handler_Markdown_Unordered_List->interpretSyntax('\n    * ', 'u')
  #2 /Users/atulgrover/Desktop/RAG2/Dokuwiki/techset/inc/Parsing/Handler/Lists.php(32): dokuwiki\Parsing\Handler\Lists->listOpen(Array)
  #3 /Users/atulgrover/Desktop/RAG2/Dokuwiki/techset/inc/Parsing/Handler/Lists.php(20): dokuwiki\Parsing\Handler\Lists->process()
  #4 /Users/atulgrover/Desktop/RAG2/Dokuwiki/techset/inc/parser/handler.php(135): dokuwiki\Parsing\Handler\Lists->finalise()
  #5 /Users/atulgrover/Desktop/RAG2/Dokuwiki/techset/inc/Parsing/Parser.php(127): Doku_Handler->finalize()
  #6 /Users/atulgrover/Desktop/RAG2/Dokuwiki/techset/inc/parserutils.php(234): dokuwiki\Parsing\Parser->parse('\n**III. Legal &...')
  #7 /Users/atulgrover/Desktop/RAG2/Dokuwiki/techset/inc/parserutils.php(198): p_get_instructions('**III. Legal & ...')
  #8 /Users/atulgrover/Desktop/RAG2/Dokuwiki/techset/inc/parserutils.php(520): p_cached_instructions('/Users/atulgrov...', false, 'lexai_agents:in...')
  #9 /Users/atulgrover/Desktop/RAG2/Dokuwiki/techset/inc/parserutils.php(299): p_render_metadata('lexai_agents:in...', Array)
  #10 /Users/atulgrover/Desktop/RAG2/Dokuwiki/techset/inc/parserutils.php(772): p_get_metadata('lexai_agents:in...', 'title', 1)
  #11 /Users/atulgrover/Desktop/RAG2/Dokuwiki/techset/lib/plugins/fuzzysearch/action.php(130): p_get_first_heading('lexai_agents:in...')
  #12 /Users/atulgrover/Desktop/RAG2/Dokuwiki/techset/lib/plugins/fuzzysearch/action.php(106): action_plugin_fuzzysearch->generatePageList()
  #13 /Users/atulgrover/Desktop/RAG2/Dokuwiki/techset/lib/plugins/fuzzysearch/action.php(51): action_plugin_fuzzysearch->ensureCacheExists(true)
  #14 /Users/atulgrover/Desktop/RAG2/Dokuwiki/techset/inc/Extension/EventHandler.php(80): action_plugin_fuzzysearch->update_cache_on_change(Object(dokuwiki\Extension\Event), NULL)
  #15 /Users/atulgrover/Desktop/RAG2/Dokuwiki/techset/inc/Extension/Event.php(75): dokuwiki\Extension\EventHandler->process_event(Object(dokuwiki\Extension\Event), 'BEFORE')
  #16 /Users/atulgrover/Desktop/RAG2/Dokuwiki/techset/inc/Extension/Event.php(133): dokuwiki\Extension\Event->advise_before(false)
  #17 /Users/atulgrover/Desktop/RAG2/Dokuwiki/techset/inc/Extension/Event.php(200): dokuwiki\Extension\Event->trigger(NULL, false)
  #18 /Users/atulgrover/Desktop/RAG2/Dokuwiki/techset/inc/indexer.php(43): dokuwiki\Extension\Event::createAndTrigger('INDEXER_VERSION...', Array, NULL, false)
  #19 /Users/atulgrover/Desktop/RAG2/Dokuwiki/techset/inc/indexer.php(145): idx_get_version()
  #20 /Users/atulgrover/Desktop/RAG2/Dokuwiki/techset/inc/TaskRunner.php(206): idx_addPage('liteparse', true)
  #21 /Users/atulgrover/Desktop/RAG2/Dokuwiki/techset/inc/TaskRunner.php(52): dokuwiki\TaskRunner->runIndexer()
  #22 /Users/atulgrover/Desktop/RAG2/Dokuwiki/techset/lib/exe/taskrunner.php(20): dokuwiki\TaskRunner->run()
  #23 {main}
2026-04-06 07:13:13	/Users/atulgrover/Desktop/RAG2/Dokuwiki/techset/lib/plugins/markdowku/syntax/ulists.php(79)	E_WARNING: Undefined array key 2
  #0 /Users/atulgrover/Desktop/RAG2/Dokuwiki/techset/lib/plugins/markdowku/syntax/ulists.php(79): dokuwiki\ErrorHandler::errorHandler(2, 'Undefined array...', '/Users/atulgrov...', 79)
  #1 /Users/atulgrover/Desktop/RAG2/Dokuwiki/techset/inc/Parsing/Handler/Lists.php(80): Doku_Handler_Markdown_Unordered_List->interpretSyntax('\n    * ', 'u')
  #2 /Users/atulgrover/Desktop/RAG2/Dokuwiki/techset/inc/Parsing/Handler/Lists.php(32): dokuwiki\Parsing\Handler\Lists->listOpen(Array)
  #3 /Users/atulgrover/Desktop/RAG2/Dokuwiki/techset/inc/Parsing/Handler/Lists.php(20): dokuwiki\Parsing\Handler\Lists->process()
  #4 /Users/atulgrover/Desktop/RAG2/Dokuwiki/techset/inc/parser/handler.php(135): dokuwiki\Parsing\Handler\Lists->finalise()
  #5 /Users/atulgrover/Desktop/RAG2/Dokuwiki/techset/inc/Parsing/Parser.php(127): Doku_Handler->finalize()
  #6 /Users/atulgrover/Desktop/RAG2/Dokuwiki/techset/inc/parserutils.php(234): dokuwiki\Parsing\Parser->parse('\n{{tagfilter>Ag...')
  #7 /Users/atulgrover/Desktop/RAG2/Dokuwiki/techset/inc/parserutils.php(198): p_get_instructions('{{tagfilter>Age...')
  #8 /Users/atulgrover/Desktop/RAG2/Dokuwiki/techset/inc/parserutils.php(520): p_cached_instructions('/Users/atulgrov...', false, 'lexai_agents:in...')
  #9 /Users/atulgrover/Desktop/RAG2/Dokuwiki/techset/inc/parserutils.php(299): p_render_metadata('lexai_agents:in...', Array)
  #10 /Users/atulgrover/Desktop/RAG2/Dokuwiki/techset/inc/parserutils.php(772): p_get_metadata('lexai_agents:in...', 'title', 1)
  #11 /Users/atulgrover/Desktop/RAG2/Dokuwiki/techset/lib/plugins/fuzzysearch/action.php(130): p_get_first_heading('lexai_agents:in...')
  #12 /Users/atulgrover/Desktop/RAG2/Dokuwiki/techset/lib/plugins/fuzzysearch/action.php(106): action_plugin_fuzzysearch->generatePageList()
  #13 /Users/atulgrover/Desktop/RAG2/Dokuwiki/techset/lib/plugins/fuzzysearch/action.php(51): action_plugin_fuzzysearch->ensureCacheExists(true)
  #14 /Users/atulgrover/Desktop/RAG2/Dokuwiki/techset/inc/Extension/EventHandler.php(80): action_plugin_fuzzysearch->update_cache_on_change(Object(dokuwiki\Extension\Event), NULL)
  #15 /Users/atulgrover/Desktop/RAG2/Dokuwiki/techset/inc/Extension/Event.php(75): dokuwiki\Extension\EventHandler->process_event(Object(dokuwiki\Extension\Event), 'BEFORE')
  #16 /Users/atulgrover/Desktop/RAG2/Dokuwiki/techset/inc/Extension/Event.php(133): dokuwiki\Extension\Event->advise_before(false)
  #17 /Users/atulgrover/Desktop/RAG2/Dokuwiki/techset/inc/Extension/Event.php(200): dokuwiki\Extension\Event->trigger(NULL, false)
  #18 /Users/atulgrover/Desktop/RAG2/Dokuwiki/techset/inc/indexer.php(43): dokuwiki\Extension\Event::createAndTrigger('INDEXER_VERSION...', Array, NULL, false)
  #19 /Users/atulgrover/Desktop/RAG2/Dokuwiki/techset/inc/indexer.php(145): idx_get_version()
  #20 /Users/atulgrover/Desktop/RAG2/Dokuwiki/techset/inc/TaskRunner.php(206): idx_addPage('liteparse', true)
  #21 /Users/atulgrover/Desktop/RAG2/Dokuwiki/techset/inc/TaskRunner.php(52): dokuwiki\TaskRunner->runIndexer()
  #22 /Users/atulgrover/Desktop/RAG2/Dokuwiki/techset/lib/exe/taskrunner.php(20): dokuwiki\TaskRunner->run()
  #23 {main}
2026-04-06 07:13:13	/Users/atulgrover/Desktop/RAG2/Dokuwiki/techset/lib/plugins/markdowku/syntax/ulists.php(79)	E_WARNING: Undefined array key 2
  #0 /Users/atulgrover/Desktop/RAG2/Dokuwiki/techset/lib/plugins/markdowku/syntax/ulists.php(79): dokuwiki\ErrorHandler::errorHandler(2, 'Undefined array...', '/Users/atulgrov...', 79)
  #1 /Users/atulgrover/Desktop/RAG2/Dokuwiki/techset/inc/Parsing/Handler/Lists.php(80): Doku_Handler_Markdown_Unordered_List->interpretSyntax('\n    * ', 'u')
  #2 /Users/atulgrover/Desktop/RAG2/Dokuwiki/techset/inc/Parsing/Handler/Lists.php(32): dokuwiki\Parsing\Handler\Lists->listOpen(Array)
  #3 /Users/atulgrover/Desktop/RAG2/Dokuwiki/techset/inc/Parsing/Handler/Lists.php(20): dokuwiki\Parsing\Handler\Lists->process()
  #4 /Users/atulgrover/Desktop/RAG2/Dokuwiki/techset/inc/parser/handler.php(135): dokuwiki\Parsing\Handler\Lists->finalise()
  #5 /Users/atulgrover/Desktop/RAG2/Dokuwiki/techset/inc/Parsing/Parser.php(127): Doku_Handler->finalize()
  #6 /Users/atulgrover/Desktop/RAG2/Dokuwiki/techset/inc/parserutils.php(234): dokuwiki\Parsing\Parser->parse('\n{{tagfilter>Ag...')
  #7 /Users/atulgrover/Desktop/RAG2/Dokuwiki/techset/inc/parserutils.php(198): p_get_instructions('{{tagfilter>Age...')
  #8 /Users/atulgrover/Desktop/RAG2/Dokuwiki/techset/inc/parserutils.php(520): p_cached_instructions('/Users/atulgrov...', false, 'lexai_agents:in...')
  #9 /Users/atulgrover/Desktop/RAG2/Dokuwiki/techset/inc/parserutils.php(299): p_render_metadata('lexai_agents:in...', Array)
  #10 /Users/atulgrover/Desktop/RAG2/Dokuwiki/techset/inc/parserutils.php(772): p_get_metadata('lexai_agents:in...', 'title', 1)
  #11 /Users/atulgrover/Desktop/RAG2/Dokuwiki/techset/lib/plugins/fuzzysearch/action.php(130): p_get_first_heading('lexai_agents:in...')
  #12 /Users/atulgrover/Desktop/RAG2/Dokuwiki/techset/lib/plugins/fuzzysearch/action.php(106): action_plugin_fuzzysearch->generatePageList()
  #13 /Users/atulgrover/Desktop/RAG2/Dokuwiki/techset/lib/plugins/fuzzysearch/action.php(51): action_plugin_fuzzysearch->ensureCacheExists(true)
  #14 /Users/atulgrover/Desktop/RAG2/Dokuwiki/techset/inc/Extension/EventHandler.php(80): action_plugin_fuzzysearch->update_cache_on_change(Object(dokuwiki\Extension\Event), NULL)
  #15 /Users/atulgrover/Desktop/RAG2/Dokuwiki/techset/inc/Extension/Event.php(75): dokuwiki\Extension\EventHandler->process_event(Object(dokuwiki\Extension\Event), 'BEFORE')
  #16 /Users/atulgrover/Desktop/RAG2/Dokuwiki/techset/inc/Extension/Event.php(133): dokuwiki\Extension\Event->advise_before(false)
  #17 /Users/atulgrover/Desktop/RAG2/Dokuwiki/techset/inc/Extension/Event.php(200): dokuwiki\Extension\Event->trigger(NULL, false)
  #18 /Users/atulgrover/Desktop/RAG2/Dokuwiki/techset/inc/indexer.php(43): dokuwiki\Extension\Event::createAndTrigger('INDEXER_VERSION...', Array, NULL, false)
  #19 /Users/atulgrover/Desktop/RAG2/Dokuwiki/techset/inc/indexer.php(145): idx_get_version()
  #20 /Users/atulgrover/Desktop/RAG2/Dokuwiki/techset/inc/TaskRunner.php(206): idx_addPage('liteparse', true)
  #21 /Users/atulgrover/Desktop/RAG2/Dokuwiki/techset/inc/TaskRunner.php(52): dokuwiki\TaskRunner->runIndexer()
  #22 /Users/atulgrover/Desktop/RAG2/Dokuwiki/techset/lib/exe/taskrunner.php(20): dokuwiki\TaskRunner->run()
  #23 {main}
2026-04-06 07:13:17	/Users/atulgrover/Desktop/RAG2/Dokuwiki/techset/inc/Extension/PluginController.php(110)	E_WARNING: Undefined array key "base"
  #0 /Users/atulgrover/Desktop/RAG2/Dokuwiki/techset/inc/Extension/PluginController.php(110): dokuwiki\ErrorHandler::errorHandler(2, 'Undefined array...', '/Users/atulgrov...', 110)
  #1 /Users/atulgrover/Desktop/RAG2/Dokuwiki/techset/inc/pluginutils.php(55): dokuwiki\Extension\PluginController->load('syntax', 'liteparse', false, false)
  #2 /Users/atulgrover/Desktop/RAG2/Dokuwiki/techset/inc/parserutils.php(578): plugin_load('syntax', 'liteparse')
  #3 /Users/atulgrover/Desktop/RAG2/Dokuwiki/techset/inc/parserutils.php(222): p_get_parsermodes()
  #4 /Users/atulgrover/Desktop/RAG2/Dokuwiki/techset/inc/parserutils.php(198): p_get_instructions('{{tag>store:ins...')
  #5 /Users/atulgrover/Desktop/RAG2/Dokuwiki/techset/inc/parserutils.php(520): p_cached_instructions('/Users/atulgrov...', false, 'lexai_agents:in...')
  #6 /Users/atulgrover/Desktop/RAG2/Dokuwiki/techset/inc/parserutils.php(299): p_render_metadata('lexai_agents:in...', Array)
  #7 /Users/atulgrover/Desktop/RAG2/Dokuwiki/techset/inc/parserutils.php(772): p_get_metadata('lexai_agents:in...', 'title', 1)
  #8 /Users/atulgrover/Desktop/RAG2/Dokuwiki/techset/lib/plugins/fuzzysearch/action.php(130): p_get_first_heading('lexai_agents:in...')
  #9 /Users/atulgrover/Desktop/RAG2/Dokuwiki/techset/lib/plugins/fuzzysearch/action.php(106): action_plugin_fuzzysearch->generatePageList()
  #10 /Users/atulgrover/Desktop/RAG2/Dokuwiki/techset/lib/plugins/fuzzysearch/action.php(51): action_plugin_fuzzysearch->ensureCacheExists(true)
  #11 /Users/atulgrover/Desktop/RAG2/Dokuwiki/techset/inc/Extension/EventHandler.php(80): action_plugin_fuzzysearch->update_cache_on_change(Object(dokuwiki\Extension\Event), NULL)
  #12 /Users/atulgrover/Desktop/RAG2/Dokuwiki/techset/inc/Extension/Event.php(75): dokuwiki\Extension\EventHandler->process_event(Object(dokuwiki\Extension\Event), 'BEFORE')
  #13 /Users/atulgrover/Desktop/RAG2/Dokuwiki/techset/inc/Extension/Event.php(133): dokuwiki\Extension\Event->advise_before(false)
  #14 /Users/atulgrover/Desktop/RAG2/Dokuwiki/techset/inc/Extension/Event.php(200): dokuwiki\Extension\Event->trigger(NULL, false)
  #15 /Users/atulgrover/Desktop/RAG2/Dokuwiki/techset/inc/indexer.php(43): dokuwiki\Extension\Event::createAndTrigger('INDEXER_VERSION...', Array, NULL, false)
  #16 /Users/atulgrover/Desktop/RAG2/Dokuwiki/techset/inc/indexer.php(145): idx_get_version()
  #17 /Users/atulgrover/Desktop/RAG2/Dokuwiki/techset/inc/TaskRunner.php(206): idx_addPage('liteparse', true)
  #18 /Users/atulgrover/Desktop/RAG2/Dokuwiki/techset/inc/TaskRunner.php(52): dokuwiki\TaskRunner->runIndexer()
  #19 /Users/atulgrover/Desktop/RAG2/Dokuwiki/techset/lib/exe/taskrunner.php(20): dokuwiki\TaskRunner->run()
  #20 {main}
2026-04-06 07:13:17	/Users/atulgrover/Desktop/RAG2/Dokuwiki/techset/lib/plugins/markdowku/syntax/ulists.php(79)	E_WARNING: Undefined array key 2
  #0 /Users/atulgrover/Desktop/RAG2/Dokuwiki/techset/lib/plugins/markdowku/syntax/ulists.php(79): dokuwiki\ErrorHandler::errorHandler(2, 'Undefined array...', '/Users/atulgrov...', 79)
  #1 /Users/atulgrover/Desktop/RAG2/Dokuwiki/techset/inc/Parsing/Handler/Lists.php(80): Doku_Handler_Markdown_Unordered_List->interpretSyntax('\n    * ', 'u')
  #2 /Users/atulgrover/Desktop/RAG2/Dokuwiki/techset/inc/Parsing/Handler/Lists.php(32): dokuwiki\Parsing\Handler\Lists->listOpen(Array)
  #3 /Users/atulgrover/Desktop/RAG2/Dokuwiki/techset/inc/Parsing/Handler/Lists.php(20): dokuwiki\Parsing\Handler\Lists->process()
  #4 /Users/atulgrover/Desktop/RAG2/Dokuwiki/techset/inc/parser/handler.php(135): dokuwiki\Parsing\Handler\Lists->finalise()
  #5 /Users/atulgrover/Desktop/RAG2/Dokuwiki/techset/inc/Parsing/Parser.php(127): Doku_Handler->finalize()
  #6 /Users/atulgrover/Desktop/RAG2/Dokuwiki/techset/inc/parserutils.php(234): dokuwiki\Parsing\Parser->parse('\n**VII. Forensi...')
  #7 /Users/atulgrover/Desktop/RAG2/Dokuwiki/techset/inc/parserutils.php(198): p_get_instructions('**VII. Forensic...')
  #8 /Users/atulgrover/Desktop/RAG2/Dokuwiki/techset/inc/parserutils.php(520): p_cached_instructions('/Users/atulgrov...', false, 'lexai_agents:in...')
  #9 /Users/atulgrover/Desktop/RAG2/Dokuwiki/techset/inc/parserutils.php(299): p_render_metadata('lexai_agents:in...', Array)
  #10 /Users/atulgrover/Desktop/RAG2/Dokuwiki/techset/inc/parserutils.php(772): p_get_metadata('lexai_agents:in...', 'title', 1)
  #11 /Users/atulgrover/Desktop/RAG2/Dokuwiki/techset/lib/plugins/fuzzysearch/action.php(130): p_get_first_heading('lexai_agents:in...')
  #12 /Users/atulgrover/Desktop/RAG2/Dokuwiki/techset/lib/plugins/fuzzysearch/action.php(106): action_plugin_fuzzysearch->generatePageList()
  #13 /Users/atulgrover/Desktop/RAG2/Dokuwiki/techset/lib/plugins/fuzzysearch/action.php(51): action_plugin_fuzzysearch->ensureCacheExists(true)
  #14 /Users/atulgrover/Desktop/RAG2/Dokuwiki/techset/inc/Extension/EventHandler.php(80): action_plugin_fuzzysearch->update_cache_on_change(Object(dokuwiki\Extension\Event), NULL)
  #15 /Users/atulgrover/Desktop/RAG2/Dokuwiki/techset/inc/Extension/Event.php(75): dokuwiki\Extension\EventHandler->process_event(Object(dokuwiki\Extension\Event), 'BEFORE')
  #16 /Users/atulgrover/Desktop/RAG2/Dokuwiki/techset/inc/Extension/Event.php(133): dokuwiki\Extension\Event->advise_before(false)
  #17 /Users/atulgrover/Desktop/RAG2/Dokuwiki/techset/inc/Extension/Event.php(200): dokuwiki\Extension\Event->trigger(NULL, false)
  #18 /Users/atulgrover/Desktop/RAG2/Dokuwiki/techset/inc/indexer.php(43): dokuwiki\Extension\Event::createAndTrigger('INDEXER_VERSION...', Array, NULL, false)
  #19 /Users/atulgrover/Desktop/RAG2/Dokuwiki/techset/inc/indexer.php(145): idx_get_version()
  #20 /Users/atulgrover/Desktop/RAG2/Dokuwiki/techset/inc/TaskRunner.php(206): idx_addPage('liteparse', true)
  #21 /Users/atulgrover/Desktop/RAG2/Dokuwiki/techset/inc/TaskRunner.php(52): dokuwiki\TaskRunner->runIndexer()
  #22 /Users/atulgrover/Desktop/RAG2/Dokuwiki/techset/lib/exe/taskrunner.php(20): dokuwiki\TaskRunner->run()
  #23 {main}
2026-04-06 07:18:44	/Users/atulgrover/Desktop/RAG2/Dokuwiki/techset/lib/plugins/markdowku/syntax/ulists.php(79)	E_WARNING: Undefined array key 2
  #0 /Users/atulgrover/Desktop/RAG2/Dokuwiki/techset/lib/plugins/markdowku/syntax/ulists.php(79): dokuwiki\ErrorHandler::errorHandler(2, 'Undefined array...', '/Users/atulgrov...', 79)
  #1 /Users/atulgrover/Desktop/RAG2/Dokuwiki/techset/inc/Parsing/Handler/Lists.php(80): Doku_Handler_Markdown_Unordered_List->interpretSyntax('\n    * ', 'u')
  #2 /Users/atulgrover/Desktop/RAG2/Dokuwiki/techset/inc/Parsing/Handler/Lists.php(32): dokuwiki\Parsing\Handler\Lists->listOpen(Array)
  #3 /Users/atulgrover/Desktop/RAG2/Dokuwiki/techset/inc/Parsing/Handler/Lists.php(20): dokuwiki\Parsing\Handler\Lists->process()
  #4 /Users/atulgrover/Desktop/RAG2/Dokuwiki/techset/inc/parser/handler.php(135): dokuwiki\Parsing\Handler\Lists->finalise()
  #5 /Users/atulgrover/Desktop/RAG2/Dokuwiki/techset/inc/Parsing/Parser.php(127): Doku_Handler->finalize()
  #6 /Users/atulgrover/Desktop/RAG2/Dokuwiki/techset/inc/parserutils.php(234): dokuwiki\Parsing\Parser->parse('\n**VII. Forensi...')
  #7 /Users/atulgrover/Desktop/RAG2/Dokuwiki/techset/inc/parserutils.php(198): p_get_instructions('**VII. Forensic...')
  #8 /Users/atulgrover/Desktop/RAG2/Dokuwiki/techset/inc/parserutils.php(520): p_cached_instructions('/Users/atulgrov...', false, 'lexai_agents:in...')
  #9 /Users/atulgrover/Desktop/RAG2/Dokuwiki/techset/inc/parserutils.php(299): p_render_metadata('lexai_agents:in...', Array)
  #10 /Users/atulgrover/Desktop/RAG2/Dokuwiki/techset/inc/parserutils.php(772): p_get_metadata('lexai_agents:in...', 'title', 1)
  #11 /Users/atulgrover/Desktop/RAG2/Dokuwiki/techset/lib/plugins/fuzzysearch/action.php(130): p_get_first_heading('lexai_agents:in...')
  #12 /Users/atulgrover/Desktop/RAG2/Dokuwiki/techset/lib/plugins/fuzzysearch/action.php(106): action_plugin_fuzzysearch->generatePageList()
  #13 /Users/atulgrover/Desktop/RAG2/Dokuwiki/techset/lib/plugins/fuzzysearch/action.php(51): action_plugin_fuzzysearch->ensureCacheExists(true)
  #14 /Users/atulgrover/Desktop/RAG2/Dokuwiki/techset/inc/Extension/EventHandler.php(80): action_plugin_fuzzysearch->update_cache_on_change(Object(dokuwiki\Extension\Event), NULL)
  #15 /Users/atulgrover/Desktop/RAG2/Dokuwiki/techset/inc/Extension/Event.php(75): dokuwiki\Extension\EventHandler->process_event(Object(dokuwiki\Extension\Event), 'BEFORE')
  #16 /Users/atulgrover/Desktop/RAG2/Dokuwiki/techset/inc/Extension/Event.php(133): dokuwiki\Extension\Event->advise_before(false)
  #17 /Users/atulgrover/Desktop/RAG2/Dokuwiki/techset/inc/Extension/Event.php(200): dokuwiki\Extension\Event->trigger(NULL, false)
  #18 /Users/atulgrover/Desktop/RAG2/Dokuwiki/techset/inc/indexer.php(43): dokuwiki\Extension\Event::createAndTrigger('INDEXER_VERSION...', Array, NULL, false)
  #19 /Users/atulgrover/Desktop/RAG2/Dokuwiki/techset/inc/indexer.php(145): idx_get_version()
  #20 /Users/atulgrover/Desktop/RAG2/Dokuwiki/techset/inc/TaskRunner.php(206): idx_addPage('liteparse', true)
  #21 /Users/atulgrover/Desktop/RAG2/Dokuwiki/techset/inc/TaskRunner.php(52): dokuwiki\TaskRunner->runIndexer()
  #22 /Users/atulgrover/Desktop/RAG2/Dokuwiki/techset/lib/exe/taskrunner.php(20): dokuwiki\TaskRunner->run()
  #23 {main}
2026-04-06 07:18:50	/Users/atulgrover/Desktop/RAG2/Dokuwiki/techset/lib/plugins/markdowku/syntax/ulists.php(79)	E_WARNING: Undefined array key 2
  #0 /Users/atulgrover/Desktop/RAG2/Dokuwiki/techset/lib/plugins/markdowku/syntax/ulists.php(79): dokuwiki\ErrorHandler::errorHandler(2, 'Undefined array...', '/Users/atulgrov...', 79)
  #1 /Users/atulgrover/Desktop/RAG2/Dokuwiki/techset/inc/Parsing/Handler/Lists.php(80): Doku_Handler_Markdown_Unordered_List->interpretSyntax('\n    * ', 'u')
  #2 /Users/atulgrover/Desktop/RAG2/Dokuwiki/techset/inc/Parsing/Handler/Lists.php(32): dokuwiki\Parsing\Handler\Lists->listOpen(Array)
  #3 /Users/atulgrover/Desktop/RAG2/Dokuwiki/techset/inc/Parsing/Handler/Lists.php(20): dokuwiki\Parsing\Handler\Lists->process()
  #4 /Users/atulgrover/Desktop/RAG2/Dokuwiki/techset/inc/parser/handler.php(135): dokuwiki\Parsing\Handler\Lists->finalise()
  #5 /Users/atulgrover/Desktop/RAG2/Dokuwiki/techset/inc/Parsing/Parser.php(127): Doku_Handler->finalize()
  #6 /Users/atulgrover/Desktop/RAG2/Dokuwiki/techset/inc/parserutils.php(234): dokuwiki\Parsing\Parser->parse('\n**IV. Asset Ma...')
  #7 /Users/atulgrover/Desktop/RAG2/Dokuwiki/techset/inc/parserutils.php(198): p_get_instructions('**IV. Asset Man...')
  #8 /Users/atulgrover/Desktop/RAG2/Dokuwiki/techset/inc/parserutils.php(520): p_cached_instructions('/Users/atulgrov...', false, 'lexai_agents:in...')
  #9 /Users/atulgrover/Desktop/RAG2/Dokuwiki/techset/inc/parserutils.php(299): p_render_metadata('lexai_agents:in...', Array)
  #10 /Users/atulgrover/Desktop/RAG2/Dokuwiki/techset/inc/parserutils.php(772): p_get_metadata('lexai_agents:in...', 'title', 1)
  #11 /Users/atulgrover/Desktop/RAG2/Dokuwiki/techset/lib/plugins/fuzzysearch/action.php(130): p_get_first_heading('lexai_agents:in...')
  #12 /Users/atulgrover/Desktop/RAG2/Dokuwiki/techset/lib/plugins/fuzzysearch/action.php(106): action_plugin_fuzzysearch->generatePageList()
  #13 /Users/atulgrover/Desktop/RAG2/Dokuwiki/techset/lib/plugins/fuzzysearch/action.php(51): action_plugin_fuzzysearch->ensureCacheExists(true)
  #14 /Users/atulgrover/Desktop/RAG2/Dokuwiki/techset/inc/Extension/EventHandler.php(80): action_plugin_fuzzysearch->update_cache_on_change(Object(dokuwiki\Extension\Event), NULL)
  #15 /Users/atulgrover/Desktop/RAG2/Dokuwiki/techset/inc/Extension/Event.php(75): dokuwiki\Extension\EventHandler->process_event(Object(dokuwiki\Extension\Event), 'BEFORE')
  #16 /Users/atulgrover/Desktop/RAG2/Dokuwiki/techset/inc/Extension/Event.php(133): dokuwiki\Extension\Event->advise_before(false)
  #17 /Users/atulgrover/Desktop/RAG2/Dokuwiki/techset/inc/Extension/Event.php(200): dokuwiki\Extension\Event->trigger(NULL, false)
  #18 /Users/atulgrover/Desktop/RAG2/Dokuwiki/techset/inc/indexer.php(43): dokuwiki\Extension\Event::createAndTrigger('INDEXER_VERSION...', Array, NULL, false)
  #19 /Users/atulgrover/Desktop/RAG2/Dokuwiki/techset/inc/indexer.php(145): idx_get_version()
  #20 /Users/atulgrover/Desktop/RAG2/Dokuwiki/techset/inc/TaskRunner.php(206): idx_addPage('liteparse', true)
  #21 /Users/atulgrover/Desktop/RAG2/Dokuwiki/techset/inc/TaskRunner.php(52): dokuwiki\TaskRunner->runIndexer()
  #22 /Users/atulgrover/Desktop/RAG2/Dokuwiki/techset/lib/exe/taskrunner.php(20): dokuwiki\TaskRunner->run()
  #23 {main}
2026-04-06 07:20:02	/Users/atulgrover/Desktop/RAG2/Dokuwiki/techset/lib/plugins/markdowku/syntax/ulists.php(79)	E_WARNING: Undefined array key 2
  #0 /Users/atulgrover/Desktop/RAG2/Dokuwiki/techset/lib/plugins/markdowku/syntax/ulists.php(79): dokuwiki\ErrorHandler::errorHandler(2, 'Undefined array...', '/Users/atulgrov...', 79)
  #1 /Users/atulgrover/Desktop/RAG2/Dokuwiki/techset/inc/Parsing/Handler/Lists.php(80): Doku_Handler_Markdown_Unordered_List->interpretSyntax('\n    * ', 'u')
  #2 /Users/atulgrover/Desktop/RAG2/Dokuwiki/techset/inc/Parsing/Handler/Lists.php(32): dokuwiki\Parsing\Handler\Lists->listOpen(Array)
  #3 /Users/atulgrover/Desktop/RAG2/Dokuwiki/techset/inc/Parsing/Handler/Lists.php(20): dokuwiki\Parsing\Handler\Lists->process()
  #4 /Users/atulgrover/Desktop/RAG2/Dokuwiki/techset/inc/parser/handler.php(135): dokuwiki\Parsing\Handler\Lists->finalise()
  #5 /Users/atulgrover/Desktop/RAG2/Dokuwiki/techset/inc/Parsing/Parser.php(127): Doku_Handler->finalize()
  #6 /Users/atulgrover/Desktop/RAG2/Dokuwiki/techset/inc/parserutils.php(234): dokuwiki\Parsing\Parser->parse('\n{{tagfilter>Ag...')
  #7 /Users/atulgrover/Desktop/RAG2/Dokuwiki/techset/inc/parserutils.php(198): p_get_instructions('{{tagfilter>Age...')
  #8 /Users/atulgrover/Desktop/RAG2/Dokuwiki/techset/inc/parserutils.php(520): p_cached_instructions('/Users/atulgrov...', false, 'lexai_agents:in...')
  #9 /Users/atulgrover/Desktop/RAG2/Dokuwiki/techset/inc/parserutils.php(299): p_render_metadata('lexai_agents:in...', Array)
  #10 /Users/atulgrover/Desktop/RAG2/Dokuwiki/techset/inc/parserutils.php(772): p_get_metadata('lexai_agents:in...', 'title', 1)
  #11 /Users/atulgrover/Desktop/RAG2/Dokuwiki/techset/lib/plugins/fuzzysearch/action.php(130): p_get_first_heading('lexai_agents:in...')
  #12 /Users/atulgrover/Desktop/RAG2/Dokuwiki/techset/lib/plugins/fuzzysearch/action.php(106): action_plugin_fuzzysearch->generatePageList()
  #13 /Users/atulgrover/Desktop/RAG2/Dokuwiki/techset/lib/plugins/fuzzysearch/action.php(51): action_plugin_fuzzysearch->ensureCacheExists(true)
  #14 /Users/atulgrover/Desktop/RAG2/Dokuwiki/techset/inc/Extension/EventHandler.php(80): action_plugin_fuzzysearch->update_cache_on_change(Object(dokuwiki\Extension\Event), NULL)
  #15 /Users/atulgrover/Desktop/RAG2/Dokuwiki/techset/inc/Extension/Event.php(75): dokuwiki\Extension\EventHandler->process_event(Object(dokuwiki\Extension\Event), 'BEFORE')
  #16 /Users/atulgrover/Desktop/RAG2/Dokuwiki/techset/inc/Extension/Event.php(133): dokuwiki\Extension\Event->advise_before(false)
  #17 /Users/atulgrover/Desktop/RAG2/Dokuwiki/techset/inc/Extension/Event.php(200): dokuwiki\Extension\Event->trigger(NULL, false)
  #18 /Users/atulgrover/Desktop/RAG2/Dokuwiki/techset/inc/indexer.php(43): dokuwiki\Extension\Event::createAndTrigger('INDEXER_VERSION...', Array, NULL, false)
  #19 /Users/atulgrover/Desktop/RAG2/Dokuwiki/techset/inc/indexer.php(145): idx_get_version()
  #20 /Users/atulgrover/Desktop/RAG2/Dokuwiki/techset/inc/TaskRunner.php(206): idx_addPage('liteparse', true)
  #21 /Users/atulgrover/Desktop/RAG2/Dokuwiki/techset/inc/TaskRunner.php(52): dokuwiki\TaskRunner->runIndexer()
  #22 /Users/atulgrover/Desktop/RAG2/Dokuwiki/techset/lib/exe/taskrunner.php(20): dokuwiki\TaskRunner->run()
  #23 {main}
2026-04-06 07:21:49	/Users/atulgrover/Desktop/RAG2/Dokuwiki/techset/lib/plugins/markdowku/syntax/ulists.php(79)	E_WARNING: Undefined array key 2
  #0 /Users/atulgrover/Desktop/RAG2/Dokuwiki/techset/lib/plugins/markdowku/syntax/ulists.php(79): dokuwiki\ErrorHandler::errorHandler(2, 'Undefined array...', '/Users/atulgrov...', 79)
  #1 /Users/atulgrover/Desktop/RAG2/Dokuwiki/techset/inc/Parsing/Handler/Lists.php(80): Doku_Handler_Markdown_Unordered_List->interpretSyntax('\n    * ', 'u')
  #2 /Users/atulgrover/Desktop/RAG2/Dokuwiki/techset/inc/Parsing/Handler/Lists.php(32): dokuwiki\Parsing\Handler\Lists->listOpen(Array)
  #3 /Users/atulgrover/Desktop/RAG2/Dokuwiki/techset/inc/Parsing/Handler/Lists.php(20): dokuwiki\Parsing\Handler\Lists->process()
  #4 /Users/atulgrover/Desktop/RAG2/Dokuwiki/techset/inc/parser/handler.php(135): dokuwiki\Parsing\Handler\Lists->finalise()
  #5 /Users/atulgrover/Desktop/RAG2/Dokuwiki/techset/inc/Parsing/Parser.php(127): Doku_Handler->finalize()
  #6 /Users/atulgrover/Desktop/RAG2/Dokuwiki/techset/inc/parserutils.php(234): dokuwiki\Parsing\Parser->parse('\n{{tagfilter>Ag...')
  #7 /Users/atulgrover/Desktop/RAG2/Dokuwiki/techset/inc/parserutils.php(198): p_get_instructions('{{tagfilter>Age...')
  #8 /Users/atulgrover/Desktop/RAG2/Dokuwiki/techset/inc/parserutils.php(520): p_cached_instructions('/Users/atulgrov...', false, 'lexai_agents:in...')
  #9 /Users/atulgrover/Desktop/RAG2/Dokuwiki/techset/inc/parserutils.php(299): p_render_metadata('lexai_agents:in...', Array)
  #10 /Users/atulgrover/Desktop/RAG2/Dokuwiki/techset/inc/parserutils.php(772): p_get_metadata('lexai_agents:in...', 'title', 1)
  #11 /Users/atulgrover/Desktop/RAG2/Dokuwiki/techset/lib/plugins/fuzzysearch/action.php(130): p_get_first_heading('lexai_agents:in...')
  #12 /Users/atulgrover/Desktop/RAG2/Dokuwiki/techset/lib/plugins/fuzzysearch/action.php(106): action_plugin_fuzzysearch->generatePageList()
  #13 /Users/atulgrover/Desktop/RAG2/Dokuwiki/techset/lib/plugins/fuzzysearch/action.php(51): action_plugin_fuzzysearch->ensureCacheExists(true)
  #14 /Users/atulgrover/Desktop/RAG2/Dokuwiki/techset/inc/Extension/EventHandler.php(80): action_plugin_fuzzysearch->update_cache_on_change(Object(dokuwiki\Extension\Event), NULL)
  #15 /Users/atulgrover/Desktop/RAG2/Dokuwiki/techset/inc/Extension/Event.php(75): dokuwiki\Extension\EventHandler->process_event(Object(dokuwiki\Extension\Event), 'BEFORE')
  #16 /Users/atulgrover/Desktop/RAG2/Dokuwiki/techset/inc/Extension/Event.php(133): dokuwiki\Extension\Event->advise_before(false)
  #17 /Users/atulgrover/Desktop/RAG2/Dokuwiki/techset/inc/Extension/Event.php(200): dokuwiki\Extension\Event->trigger(NULL, false)
  #18 /Users/atulgrover/Desktop/RAG2/Dokuwiki/techset/inc/indexer.php(43): dokuwiki\Extension\Event::createAndTrigger('INDEXER_VERSION...', Array, NULL, false)
  #19 /Users/atulgrover/Desktop/RAG2/Dokuwiki/techset/inc/indexer.php(145): idx_get_version()
  #20 /Users/atulgrover/Desktop/RAG2/Dokuwiki/techset/inc/TaskRunner.php(206): idx_addPage('liteparse', true)
  #21 /Users/atulgrover/Desktop/RAG2/Dokuwiki/techset/inc/TaskRunner.php(52): dokuwiki\TaskRunner->runIndexer()
  #22 /Users/atulgrover/Desktop/RAG2/Dokuwiki/techset/lib/exe/taskrunner.php(20): dokuwiki\TaskRunner->run()
  #23 {main}
2026-04-06 07:32:23	/Users/atulgrover/Desktop/RAG2/Dokuwiki/techset/inc/Parsing/Handler/Quote.php(34)	E_WARNING: Undefined array key 0
  #0 /Users/atulgrover/Desktop/RAG2/Dokuwiki/techset/inc/Parsing/Handler/Quote.php(34): dokuwiki\ErrorHandler::errorHandler(2, 'Undefined array...', '/Users/atulgrov...', 34)
  #1 /Users/atulgrover/Desktop/RAG2/Dokuwiki/techset/lib/plugins/markdowku/syntax/blockquotes.php(62): dokuwiki\Parsing\Handler\Quote->process()
  #2 /Users/atulgrover/Desktop/RAG2/Dokuwiki/techset/inc/parser/handler.php(298): syntax_plugin_markdowku_blockquotes->handle('\nD', 4, 611, Object(Doku_Handler))
  #3 /Users/atulgrover/Desktop/RAG2/Dokuwiki/techset/inc/Parsing/Lexer/Lexer.php(269): Doku_Handler->plugin('\nD', 4, 611, 'markdowku_block...')
  #4 /Users/atulgrover/Desktop/RAG2/Dokuwiki/techset/inc/Parsing/Lexer/Lexer.php(189): dokuwiki\Parsing\Lexer\Lexer->invokeHandler('\nD', 4, 611)
  #5 /Users/atulgrover/Desktop/RAG2/Dokuwiki/techset/inc/Parsing/Lexer/Lexer.php(146): dokuwiki\Parsing\Lexer\Lexer->dispatchTokens('', '\nD', '__exit', 611, 611)
  #6 /Users/atulgrover/Desktop/RAG2/Dokuwiki/techset/inc/Parsing/Parser.php(113): dokuwiki\Parsing\Lexer\Lexer->parse('ear Madam/Sir,\n...')
  #7 /Users/atulgrover/Desktop/RAG2/Dokuwiki/techset/inc/parserutils.php(234): dokuwiki\Parsing\Parser->parse('\n<!-- LITEPARSE...')
  #8 /Users/atulgrover/Desktop/RAG2/Dokuwiki/techset/inc/parserutils.php(198): p_get_instructions('<!-- LITEPARSE:...')
  #9 /Users/atulgrover/Desktop/RAG2/Dokuwiki/techset/inc/parserutils.php(520): p_cached_instructions('/Users/atulgrov...', false, 'liteparse')
  #10 /Users/atulgrover/Desktop/RAG2/Dokuwiki/techset/inc/parserutils.php(299): p_render_metadata('liteparse', Array)
  #11 /Users/atulgrover/Desktop/RAG2/Dokuwiki/techset/inc/common.php(265): p_get_metadata('liteparse')
  #12 /Users/atulgrover/Desktop/RAG2/Dokuwiki/techset/doku.php(101): pageinfo()
  #13 {main}
2026-04-06 07:32:23	/Users/atulgrover/Desktop/RAG2/Dokuwiki/techset/inc/Parsing/Handler/Quote.php(34)	E_WARNING: Undefined array key 0
  #0 /Users/atulgrover/Desktop/RAG2/Dokuwiki/techset/inc/Parsing/Handler/Quote.php(34): dokuwiki\ErrorHandler::errorHandler(2, 'Undefined array...', '/Users/atulgrov...', 34)
  #1 /Users/atulgrover/Desktop/RAG2/Dokuwiki/techset/inc/Parsing/Handler/Quote.php(15): dokuwiki\Parsing\Handler\Quote->process()
  #2 /Users/atulgrover/Desktop/RAG2/Dokuwiki/techset/inc/parser/handler.php(135): dokuwiki\Parsing\Handler\Quote->finalise()
  #3 /Users/atulgrover/Desktop/RAG2/Dokuwiki/techset/inc/Parsing/Parser.php(127): Doku_Handler->finalize()
  #4 /Users/atulgrover/Desktop/RAG2/Dokuwiki/techset/inc/parserutils.php(234): dokuwiki\Parsing\Parser->parse('\n<!-- LITEPARSE...')
  #5 /Users/atulgrover/Desktop/RAG2/Dokuwiki/techset/inc/parserutils.php(198): p_get_instructions('<!-- LITEPARSE:...')
  #6 /Users/atulgrover/Desktop/RAG2/Dokuwiki/techset/inc/parserutils.php(520): p_cached_instructions('/Users/atulgrov...', false, 'liteparse')
  #7 /Users/atulgrover/Desktop/RAG2/Dokuwiki/techset/inc/parserutils.php(299): p_render_metadata('liteparse', Array)
  #8 /Users/atulgrover/Desktop/RAG2/Dokuwiki/techset/inc/common.php(265): p_get_metadata('liteparse')
  #9 /Users/atulgrover/Desktop/RAG2/Dokuwiki/techset/doku.php(101): pageinfo()
  #10 {main}
2026-04-06 07:32:51	/Users/atulgrover/Desktop/RAG2/Dokuwiki/techset/inc/Parsing/Handler/Quote.php(34)	E_WARNING: Undefined array key 0
  #0 /Users/atulgrover/Desktop/RAG2/Dokuwiki/techset/inc/Parsing/Handler/Quote.php(34): dokuwiki\ErrorHandler::errorHandler(2, 'Undefined array...', '/Users/atulgrov...', 34)
  #1 /Users/atulgrover/Desktop/RAG2/Dokuwiki/techset/lib/plugins/markdowku/syntax/blockquotes.php(62): dokuwiki\Parsing\Handler\Quote->process()
  #2 /Users/atulgrover/Desktop/RAG2/Dokuwiki/techset/inc/parser/handler.php(298): syntax_plugin_markdowku_blockquotes->handle('\nD', 4, 611, Object(Doku_Handler))
  #3 /Users/atulgrover/Desktop/RAG2/Dokuwiki/techset/inc/Parsing/Lexer/Lexer.php(269): Doku_Handler->plugin('\nD', 4, 611, 'markdowku_block...')
  #4 /Users/atulgrover/Desktop/RAG2/Dokuwiki/techset/inc/Parsing/Lexer/Lexer.php(189): dokuwiki\Parsing\Lexer\Lexer->invokeHandler('\nD', 4, 611)
  #5 /Users/atulgrover/Desktop/RAG2/Dokuwiki/techset/inc/Parsing/Lexer/Lexer.php(146): dokuwiki\Parsing\Lexer\Lexer->dispatchTokens('', '\nD', '__exit', 611, 611)
  #6 /Users/atulgrover/Desktop/RAG2/Dokuwiki/techset/inc/Parsing/Parser.php(113): dokuwiki\Parsing\Lexer\Lexer->parse('ear Madam/Sir,\n...')
  #7 /Users/atulgrover/Desktop/RAG2/Dokuwiki/techset/inc/parserutils.php(234): dokuwiki\Parsing\Parser->parse('\n<!-- LITEPARSE...')
  #8 /Users/atulgrover/Desktop/RAG2/Dokuwiki/techset/inc/parserutils.php(198): p_get_instructions('<!-- LITEPARSE:...')
  #9 /Users/atulgrover/Desktop/RAG2/Dokuwiki/techset/inc/parserutils.php(520): p_cached_instructions('/Users/atulgrov...', false, 'liteparse')
  #10 /Users/atulgrover/Desktop/RAG2/Dokuwiki/techset/inc/parserutils.php(299): p_render_metadata('liteparse', Array)
  #11 /Users/atulgrover/Desktop/RAG2/Dokuwiki/techset/inc/common.php(265): p_get_metadata('liteparse')
  #12 /Users/atulgrover/Desktop/RAG2/Dokuwiki/techset/doku.php(101): pageinfo()
  #13 {main}
2026-04-06 07:32:51	/Users/atulgrover/Desktop/RAG2/Dokuwiki/techset/inc/Parsing/Handler/Quote.php(34)	E_WARNING: Undefined array key 0
  #0 /Users/atulgrover/Desktop/RAG2/Dokuwiki/techset/inc/Parsing/Handler/Quote.php(34): dokuwiki\ErrorHandler::errorHandler(2, 'Undefined array...', '/Users/atulgrov...', 34)
  #1 /Users/atulgrover/Desktop/RAG2/Dokuwiki/techset/inc/Parsing/Handler/Quote.php(15): dokuwiki\Parsing\Handler\Quote->process()
  #2 /Users/atulgrover/Desktop/RAG2/Dokuwiki/techset/inc/parser/handler.php(135): dokuwiki\Parsing\Handler\Quote->finalise()
  #3 /Users/atulgrover/Desktop/RAG2/Dokuwiki/techset/inc/Parsing/Parser.php(127): Doku_Handler->finalize()
  #4 /Users/atulgrover/Desktop/RAG2/Dokuwiki/techset/inc/parserutils.php(234): dokuwiki\Parsing\Parser->parse('\n<!-- LITEPARSE...')
  #5 /Users/atulgrover/Desktop/RAG2/Dokuwiki/techset/inc/parserutils.php(198): p_get_instructions('<!-- LITEPARSE:...')
  #6 /Users/atulgrover/Desktop/RAG2/Dokuwiki/techset/inc/parserutils.php(520): p_cached_instructions('/Users/atulgrov...', false, 'liteparse')
  #7 /Users/atulgrover/Desktop/RAG2/Dokuwiki/techset/inc/parserutils.php(299): p_render_metadata('liteparse', Array)
  #8 /Users/atulgrover/Desktop/RAG2/Dokuwiki/techset/inc/common.php(265): p_get_metadata('liteparse')
  #9 /Users/atulgrover/Desktop/RAG2/Dokuwiki/techset/doku.php(101): pageinfo()
  #10 {main}
2026-04-06 07:32:54	/Users/atulgrover/Desktop/RAG2/Dokuwiki/techset/inc/Parsing/Handler/Quote.php(34)	E_WARNING: Undefined array key 0
  #0 /Users/atulgrover/Desktop/RAG2/Dokuwiki/techset/inc/Parsing/Handler/Quote.php(34): dokuwiki\ErrorHandler::errorHandler(2, 'Undefined array...', '/Users/atulgrov...', 34)
  #1 /Users/atulgrover/Desktop/RAG2/Dokuwiki/techset/lib/plugins/markdowku/syntax/blockquotes.php(62): dokuwiki\Parsing\Handler\Quote->process()
  #2 /Users/atulgrover/Desktop/RAG2/Dokuwiki/techset/inc/parser/handler.php(298): syntax_plugin_markdowku_blockquotes->handle('\nD', 4, 611, Object(Doku_Handler))
  #3 /Users/atulgrover/Desktop/RAG2/Dokuwiki/techset/inc/Parsing/Lexer/Lexer.php(269): Doku_Handler->plugin('\nD', 4, 611, 'markdowku_block...')
  #4 /Users/atulgrover/Desktop/RAG2/Dokuwiki/techset/inc/Parsing/Lexer/Lexer.php(189): dokuwiki\Parsing\Lexer\Lexer->invokeHandler('\nD', 4, 611)
  #5 /Users/atulgrover/Desktop/RAG2/Dokuwiki/techset/inc/Parsing/Lexer/Lexer.php(146): dokuwiki\Parsing\Lexer\Lexer->dispatchTokens('', '\nD', '__exit', 611, 611)
  #6 /Users/atulgrover/Desktop/RAG2/Dokuwiki/techset/inc/Parsing/Parser.php(113): dokuwiki\Parsing\Lexer\Lexer->parse('ear Madam/Sir,\n...')
  #7 /Users/atulgrover/Desktop/RAG2/Dokuwiki/techset/inc/parserutils.php(234): dokuwiki\Parsing\Parser->parse('\n<!-- LITEPARSE...')
  #8 /Users/atulgrover/Desktop/RAG2/Dokuwiki/techset/inc/parserutils.php(198): p_get_instructions('<!-- LITEPARSE:...')
  #9 /Users/atulgrover/Desktop/RAG2/Dokuwiki/techset/inc/parserutils.php(520): p_cached_instructions('/Users/atulgrov...', false, 'liteparse')
  #10 /Users/atulgrover/Desktop/RAG2/Dokuwiki/techset/inc/parserutils.php(299): p_render_metadata('liteparse', Array)
  #11 /Users/atulgrover/Desktop/RAG2/Dokuwiki/techset/inc/common.php(265): p_get_metadata('liteparse')
  #12 /Users/atulgrover/Desktop/RAG2/Dokuwiki/techset/doku.php(101): pageinfo()
  #13 {main}
2026-04-06 07:32:54	/Users/atulgrover/Desktop/RAG2/Dokuwiki/techset/inc/Parsing/Handler/Quote.php(34)	E_WARNING: Undefined array key 0
  #0 /Users/atulgrover/Desktop/RAG2/Dokuwiki/techset/inc/Parsing/Handler/Quote.php(34): dokuwiki\ErrorHandler::errorHandler(2, 'Undefined array...', '/Users/atulgrov...', 34)
  #1 /Users/atulgrover/Desktop/RAG2/Dokuwiki/techset/inc/Parsing/Handler/Quote.php(15): dokuwiki\Parsing\Handler\Quote->process()
  #2 /Users/atulgrover/Desktop/RAG2/Dokuwiki/techset/inc/parser/handler.php(135): dokuwiki\Parsing\Handler\Quote->finalise()
  #3 /Users/atulgrover/Desktop/RAG2/Dokuwiki/techset/inc/Parsing/Parser.php(127): Doku_Handler->finalize()
  #4 /Users/atulgrover/Desktop/RAG2/Dokuwiki/techset/inc/parserutils.php(234): dokuwiki\Parsing\Parser->parse('\n<!-- LITEPARSE...')
  #5 /Users/atulgrover/Desktop/RAG2/Dokuwiki/techset/inc/parserutils.php(198): p_get_instructions('<!-- LITEPARSE:...')
  #6 /Users/atulgrover/Desktop/RAG2/Dokuwiki/techset/inc/parserutils.php(520): p_cached_instructions('/Users/atulgrov...', false, 'liteparse')
  #7 /Users/atulgrover/Desktop/RAG2/Dokuwiki/techset/inc/parserutils.php(299): p_render_metadata('liteparse', Array)
  #8 /Users/atulgrover/Desktop/RAG2/Dokuwiki/techset/inc/common.php(265): p_get_metadata('liteparse')
  #9 /Users/atulgrover/Desktop/RAG2/Dokuwiki/techset/doku.php(101): pageinfo()
  #10 {main}
2026-04-06 07:33:02	/Users/atulgrover/Desktop/RAG2/Dokuwiki/techset/inc/Parsing/Handler/Quote.php(34)	E_WARNING: Undefined array key 0
  #0 /Users/atulgrover/Desktop/RAG2/Dokuwiki/techset/inc/Parsing/Handler/Quote.php(34): dokuwiki\ErrorHandler::errorHandler(2, 'Undefined array...', '/Users/atulgrov...', 34)
  #1 /Users/atulgrover/Desktop/RAG2/Dokuwiki/techset/lib/plugins/markdowku/syntax/blockquotes.php(62): dokuwiki\Parsing\Handler\Quote->process()
  #2 /Users/atulgrover/Desktop/RAG2/Dokuwiki/techset/inc/parser/handler.php(298): syntax_plugin_markdowku_blockquotes->handle('\nD', 4, 611, Object(Doku_Handler))
  #3 /Users/atulgrover/Desktop/RAG2/Dokuwiki/techset/inc/Parsing/Lexer/Lexer.php(269): Doku_Handler->plugin('\nD', 4, 611, 'markdowku_block...')
  #4 /Users/atulgrover/Desktop/RAG2/Dokuwiki/techset/inc/Parsing/Lexer/Lexer.php(189): dokuwiki\Parsing\Lexer\Lexer->invokeHandler('\nD', 4, 611)
  #5 /Users/atulgrover/Desktop/RAG2/Dokuwiki/techset/inc/Parsing/Lexer/Lexer.php(146): dokuwiki\Parsing\Lexer\Lexer->dispatchTokens('', '\nD', '__exit', 611, 611)
  #6 /Users/atulgrover/Desktop/RAG2/Dokuwiki/techset/inc/Parsing/Parser.php(113): dokuwiki\Parsing\Lexer\Lexer->parse('ear Madam/Sir,\n...')
  #7 /Users/atulgrover/Desktop/RAG2/Dokuwiki/techset/inc/parserutils.php(234): dokuwiki\Parsing\Parser->parse('\n<!-- LITEPARSE...')
  #8 /Users/atulgrover/Desktop/RAG2/Dokuwiki/techset/inc/parserutils.php(198): p_get_instructions('<!-- LITEPARSE:...')
  #9 /Users/atulgrover/Desktop/RAG2/Dokuwiki/techset/inc/parserutils.php(520): p_cached_instructions('/Users/atulgrov...', false, 'liteparse')
  #10 /Users/atulgrover/Desktop/RAG2/Dokuwiki/techset/inc/parserutils.php(299): p_render_metadata('liteparse', Array)
  #11 /Users/atulgrover/Desktop/RAG2/Dokuwiki/techset/inc/common.php(265): p_get_metadata('liteparse')
  #12 /Users/atulgrover/Desktop/RAG2/Dokuwiki/techset/doku.php(101): pageinfo()
  #13 {main}
2026-04-06 07:33:02	/Users/atulgrover/Desktop/RAG2/Dokuwiki/techset/inc/Parsing/Handler/Quote.php(34)	E_WARNING: Undefined array key 0
  #0 /Users/atulgrover/Desktop/RAG2/Dokuwiki/techset/inc/Parsing/Handler/Quote.php(34): dokuwiki\ErrorHandler::errorHandler(2, 'Undefined array...', '/Users/atulgrov...', 34)
  #1 /Users/atulgrover/Desktop/RAG2/Dokuwiki/techset/inc/Parsing/Handler/Quote.php(15): dokuwiki\Parsing\Handler\Quote->process()
  #2 /Users/atulgrover/Desktop/RAG2/Dokuwiki/techset/inc/parser/handler.php(135): dokuwiki\Parsing\Handler\Quote->finalise()
  #3 /Users/atulgrover/Desktop/RAG2/Dokuwiki/techset/inc/Parsing/Parser.php(127): Doku_Handler->finalize()
  #4 /Users/atulgrover/Desktop/RAG2/Dokuwiki/techset/inc/parserutils.php(234): dokuwiki\Parsing\Parser->parse('\n<!-- LITEPARSE...')
  #5 /Users/atulgrover/Desktop/RAG2/Dokuwiki/techset/inc/parserutils.php(198): p_get_instructions('<!-- LITEPARSE:...')
  #6 /Users/atulgrover/Desktop/RAG2/Dokuwiki/techset/inc/parserutils.php(520): p_cached_instructions('/Users/atulgrov...', false, 'liteparse')
  #7 /Users/atulgrover/Desktop/RAG2/Dokuwiki/techset/inc/parserutils.php(299): p_render_metadata('liteparse', Array)
  #8 /Users/atulgrover/Desktop/RAG2/Dokuwiki/techset/inc/common.php(265): p_get_metadata('liteparse')
  #9 /Users/atulgrover/Desktop/RAG2/Dokuwiki/techset/doku.php(101): pageinfo()
  #10 {main}
2026-04-06 07:45:45	/Users/atulgrover/Desktop/RAG2/Dokuwiki/techset/lib/plugins/bureaucracy/helper/field.php(84)	E_WARNING: Undefined array key "label"
  #0 /Users/atulgrover/Desktop/RAG2/Dokuwiki/techset/lib/plugins/bureaucracy/helper/field.php(84): dokuwiki\ErrorHandler::errorHandler(2, 'Undefined array...', '/Users/atulgrov...', 84)
  #1 /Users/atulgrover/Desktop/RAG2/Dokuwiki/techset/lib/plugins/bureaucracy/helper/field.php(53): helper_plugin_bureaucracy_field->init(Array)
  #2 /Users/atulgrover/Desktop/RAG2/Dokuwiki/techset/lib/plugins/bureaucracy/helper/fieldsubmit.php(21): helper_plugin_bureaucracy_field->initialize(Array)
  #3 /Users/atulgrover/Desktop/RAG2/Dokuwiki/techset/lib/plugins/bureaucracy/syntax.php(128): helper_plugin_bureaucracy_fieldsubmit->initialize(Array)
  #4 /Users/atulgrover/Desktop/RAG2/Dokuwiki/techset/inc/parser/handler.php(298): syntax_plugin_bureaucracy->handle('\naction pagemod...', 5, 33, Object(Doku_Handler))
  #5 /Users/atulgrover/Desktop/RAG2/Dokuwiki/techset/inc/Parsing/Lexer/Lexer.php(269): Doku_Handler->plugin('<form>\naction p...', 5, 33, 'bureaucracy')
  #6 /Users/atulgrover/Desktop/RAG2/Dokuwiki/techset/inc/Parsing/Lexer/Lexer.php(196): dokuwiki\Parsing\Lexer\Lexer->invokeHandler('<form>\naction p...', 5, 33)
  #7 /Users/atulgrover/Desktop/RAG2/Dokuwiki/techset/inc/Parsing/Lexer/Lexer.php(146): dokuwiki\Parsing\Lexer\Lexer->dispatchTokens('', '<form>\naction p...', '_plugin_bureauc...', 33, 33)
  #8 /Users/atulgrover/Desktop/RAG2/Dokuwiki/techset/inc/Parsing/Parser.php(113): dokuwiki\Parsing\Lexer\Lexer->parse('\n\n\n')
  #9 /Users/atulgrover/Desktop/RAG2/Dokuwiki/techset/inc/parserutils.php(234): dokuwiki\Parsing\Parser->parse('\n~~NOTOC~~\n\n===...')
  #10 /Users/atulgrover/Desktop/RAG2/Dokuwiki/techset/inc/parserutils.php(198): p_get_instructions('~~NOTOC~~\n\n====...')
  #11 /Users/atulgrover/Desktop/RAG2/Dokuwiki/techset/inc/parserutils.php(520): p_cached_instructions('/Users/atulgrov...', false, 'lexai_agents:bu...')
  #12 /Users/atulgrover/Desktop/RAG2/Dokuwiki/techset/inc/parserutils.php(299): p_render_metadata('lexai_agents:bu...', Array)
  #13 /Users/atulgrover/Desktop/RAG2/Dokuwiki/techset/inc/parserutils.php(772): p_get_metadata('lexai_agents:bu...', 'title', 1)
  #14 /Users/atulgrover/Desktop/RAG2/Dokuwiki/techset/lib/plugins/fuzzysearch/action.php(130): p_get_first_heading('lexai_agents:bu...')
  #15 /Users/atulgrover/Desktop/RAG2/Dokuwiki/techset/lib/plugins/fuzzysearch/action.php(106): action_plugin_fuzzysearch->generatePageList()
  #16 /Users/atulgrover/Desktop/RAG2/Dokuwiki/techset/lib/plugins/fuzzysearch/action.php(51): action_plugin_fuzzysearch->ensureCacheExists(true)
  #17 /Users/atulgrover/Desktop/RAG2/Dokuwiki/techset/inc/Extension/EventHandler.php(80): action_plugin_fuzzysearch->update_cache_on_change(Object(dokuwiki\Extension\Event), NULL)
  #18 /Users/atulgrover/Desktop/RAG2/Dokuwiki/techset/inc/Extension/Event.php(75): dokuwiki\Extension\EventHandler->process_event(Object(dokuwiki\Extension\Event), 'BEFORE')
  #19 /Users/atulgrover/Desktop/RAG2/Dokuwiki/techset/inc/Extension/Event.php(133): dokuwiki\Extension\Event->advise_before(false)
  #20 /Users/atulgrover/Desktop/RAG2/Dokuwiki/techset/inc/Extension/Event.php(200): dokuwiki\Extension\Event->trigger(NULL, false)
  #21 /Users/atulgrover/Desktop/RAG2/Dokuwiki/techset/inc/indexer.php(43): dokuwiki\Extension\Event::createAndTrigger('INDEXER_VERSION...', Array, NULL, false)
  #22 /Users/atulgrover/Desktop/RAG2/Dokuwiki/techset/inc/indexer.php(145): idx_get_version()
  #23 /Users/atulgrover/Desktop/RAG2/Dokuwiki/techset/inc/TaskRunner.php(206): idx_addPage('liteparse', true)
  #24 /Users/atulgrover/Desktop/RAG2/Dokuwiki/techset/inc/TaskRunner.php(52): dokuwiki\TaskRunner->runIndexer()
  #25 /Users/atulgrover/Desktop/RAG2/Dokuwiki/techset/lib/exe/taskrunner.php(20): dokuwiki\TaskRunner->run()
  #26 {main}
2026-04-06 07:48:42	/Users/atulgrover/Desktop/RAG2/Dokuwiki/techset/lib/plugins/markdowku/syntax/ulists.php(79)	E_WARNING: Undefined array key 2
  #0 /Users/atulgrover/Desktop/RAG2/Dokuwiki/techset/lib/plugins/markdowku/syntax/ulists.php(79): dokuwiki\ErrorHandler::errorHandler(2, 'Undefined array...', '/Users/atulgrov...', 79)
  #1 /Users/atulgrover/Desktop/RAG2/Dokuwiki/techset/inc/Parsing/Handler/Lists.php(80): Doku_Handler_Markdown_Unordered_List->interpretSyntax('\n    * ', 'u')
  #2 /Users/atulgrover/Desktop/RAG2/Dokuwiki/techset/inc/Parsing/Handler/Lists.php(32): dokuwiki\Parsing\Handler\Lists->listOpen(Array)
  #3 /Users/atulgrover/Desktop/RAG2/Dokuwiki/techset/inc/Parsing/Handler/Lists.php(20): dokuwiki\Parsing\Handler\Lists->process()
  #4 /Users/atulgrover/Desktop/RAG2/Dokuwiki/techset/inc/parser/handler.php(135): dokuwiki\Parsing\Handler\Lists->finalise()
  #5 /Users/atulgrover/Desktop/RAG2/Dokuwiki/techset/inc/Parsing/Parser.php(127): Doku_Handler->finalize()
  #6 /Users/atulgrover/Desktop/RAG2/Dokuwiki/techset/inc/parserutils.php(234): dokuwiki\Parsing\Parser->parse('\n{{tagfilter>Ag...')
  #7 /Users/atulgrover/Desktop/RAG2/Dokuwiki/techset/inc/parserutils.php(198): p_get_instructions('{{tagfilter>Age...')
  #8 /Users/atulgrover/Desktop/RAG2/Dokuwiki/techset/inc/parserutils.php(520): p_cached_instructions('/Users/atulgrov...', false, 'lexai_agents:in...')
  #9 /Users/atulgrover/Desktop/RAG2/Dokuwiki/techset/inc/parserutils.php(299): p_render_metadata('lexai_agents:in...', Array)
  #10 /Users/atulgrover/Desktop/RAG2/Dokuwiki/techset/inc/parserutils.php(772): p_get_metadata('lexai_agents:in...', 'title', 1)
  #11 /Users/atulgrover/Desktop/RAG2/Dokuwiki/techset/lib/plugins/fuzzysearch/action.php(130): p_get_first_heading('lexai_agents:in...')
  #12 /Users/atulgrover/Desktop/RAG2/Dokuwiki/techset/lib/plugins/fuzzysearch/action.php(106): action_plugin_fuzzysearch->generatePageList()
  #13 /Users/atulgrover/Desktop/RAG2/Dokuwiki/techset/lib/plugins/fuzzysearch/action.php(51): action_plugin_fuzzysearch->ensureCacheExists(true)
  #14 /Users/atulgrover/Desktop/RAG2/Dokuwiki/techset/inc/Extension/EventHandler.php(80): action_plugin_fuzzysearch->update_cache_on_change(Object(dokuwiki\Extension\Event), NULL)
  #15 /Users/atulgrover/Desktop/RAG2/Dokuwiki/techset/inc/Extension/Event.php(75): dokuwiki\Extension\EventHandler->process_event(Object(dokuwiki\Extension\Event), 'BEFORE')
  #16 /Users/atulgrover/Desktop/RAG2/Dokuwiki/techset/inc/Extension/Event.php(133): dokuwiki\Extension\Event->advise_before(false)
  #17 /Users/atulgrover/Desktop/RAG2/Dokuwiki/techset/inc/Extension/Event.php(200): dokuwiki\Extension\Event->trigger(NULL, false)
  #18 /Users/atulgrover/Desktop/RAG2/Dokuwiki/techset/inc/indexer.php(43): dokuwiki\Extension\Event::createAndTrigger('INDEXER_VERSION...', Array, NULL, false)
  #19 /Users/atulgrover/Desktop/RAG2/Dokuwiki/techset/inc/indexer.php(145): idx_get_version()
  #20 /Users/atulgrover/Desktop/RAG2/Dokuwiki/techset/inc/TaskRunner.php(206): idx_addPage('liteparse', true)
  #21 /Users/atulgrover/Desktop/RAG2/Dokuwiki/techset/inc/TaskRunner.php(52): dokuwiki\TaskRunner->runIndexer()
  #22 /Users/atulgrover/Desktop/RAG2/Dokuwiki/techset/lib/exe/taskrunner.php(20): dokuwiki\TaskRunner->run()
  #23 {main}
2026-04-06 07:48:42	/Users/atulgrover/Desktop/RAG2/Dokuwiki/techset/lib/plugins/markdowku/syntax/ulists.php(79)	E_WARNING: Undefined array key 2
  #0 /Users/atulgrover/Desktop/RAG2/Dokuwiki/techset/lib/plugins/markdowku/syntax/ulists.php(79): dokuwiki\ErrorHandler::errorHandler(2, 'Undefined array...', '/Users/atulgrov...', 79)
  #1 /Users/atulgrover/Desktop/RAG2/Dokuwiki/techset/inc/Parsing/Handler/Lists.php(80): Doku_Handler_Markdown_Unordered_List->interpretSyntax('\n    * ', 'u')
  #2 /Users/atulgrover/Desktop/RAG2/Dokuwiki/techset/inc/Parsing/Handler/Lists.php(32): dokuwiki\Parsing\Handler\Lists->listOpen(Array)
  #3 /Users/atulgrover/Desktop/RAG2/Dokuwiki/techset/inc/Parsing/Handler/Lists.php(20): dokuwiki\Parsing\Handler\Lists->process()
  #4 /Users/atulgrover/Desktop/RAG2/Dokuwiki/techset/inc/parser/handler.php(135): dokuwiki\Parsing\Handler\Lists->finalise()
  #5 /Users/atulgrover/Desktop/RAG2/Dokuwiki/techset/inc/Parsing/Parser.php(127): Doku_Handler->finalize()
  #6 /Users/atulgrover/Desktop/RAG2/Dokuwiki/techset/inc/parserutils.php(234): dokuwiki\Parsing\Parser->parse('\n**III. Legal &...')
  #7 /Users/atulgrover/Desktop/RAG2/Dokuwiki/techset/inc/parserutils.php(198): p_get_instructions('**III. Legal & ...')
  #8 /Users/atulgrover/Desktop/RAG2/Dokuwiki/techset/inc/parserutils.php(520): p_cached_instructions('/Users/atulgrov...', false, 'lexai_agents:in...')
  #9 /Users/atulgrover/Desktop/RAG2/Dokuwiki/techset/inc/parserutils.php(299): p_render_metadata('lexai_agents:in...', Array)
  #10 /Users/atulgrover/Desktop/RAG2/Dokuwiki/techset/inc/parserutils.php(772): p_get_metadata('lexai_agents:in...', 'title', 1)
  #11 /Users/atulgrover/Desktop/RAG2/Dokuwiki/techset/lib/plugins/fuzzysearch/action.php(130): p_get_first_heading('lexai_agents:in...')
  #12 /Users/atulgrover/Desktop/RAG2/Dokuwiki/techset/lib/plugins/fuzzysearch/action.php(106): action_plugin_fuzzysearch->generatePageList()
  #13 /Users/atulgrover/Desktop/RAG2/Dokuwiki/techset/lib/plugins/fuzzysearch/action.php(51): action_plugin_fuzzysearch->ensureCacheExists(true)
  #14 /Users/atulgrover/Desktop/RAG2/Dokuwiki/techset/inc/Extension/EventHandler.php(80): action_plugin_fuzzysearch->update_cache_on_change(Object(dokuwiki\Extension\Event), NULL)
  #15 /Users/atulgrover/Desktop/RAG2/Dokuwiki/techset/inc/Extension/Event.php(75): dokuwiki\Extension\EventHandler->process_event(Object(dokuwiki\Extension\Event), 'BEFORE')
  #16 /Users/atulgrover/Desktop/RAG2/Dokuwiki/techset/inc/Extension/Event.php(133): dokuwiki\Extension\Event->advise_before(false)
  #17 /Users/atulgrover/Desktop/RAG2/Dokuwiki/techset/inc/Extension/Event.php(200): dokuwiki\Extension\Event->trigger(NULL, false)
  #18 /Users/atulgrover/Desktop/RAG2/Dokuwiki/techset/inc/indexer.php(43): dokuwiki\Extension\Event::createAndTrigger('INDEXER_VERSION...', Array, NULL, false)
  #19 /Users/atulgrover/Desktop/RAG2/Dokuwiki/techset/inc/indexer.php(145): idx_get_version()
  #20 /Users/atulgrover/Desktop/RAG2/Dokuwiki/techset/inc/TaskRunner.php(206): idx_addPage('liteparse', true)
  #21 /Users/atulgrover/Desktop/RAG2/Dokuwiki/techset/inc/TaskRunner.php(52): dokuwiki\TaskRunner->runIndexer()
  #22 /Users/atulgrover/Desktop/RAG2/Dokuwiki/techset/lib/exe/taskrunner.php(20): dokuwiki\TaskRunner->run()
  #23 {main}
2026-04-06 07:54:14	/Users/atulgrover/Desktop/RAG2/Dokuwiki/techset/lib/plugins/markdowku/syntax/ulists.php(79)	E_WARNING: Undefined array key 2
  #0 /Users/atulgrover/Desktop/RAG2/Dokuwiki/techset/lib/plugins/markdowku/syntax/ulists.php(79): dokuwiki\ErrorHandler::errorHandler(2, 'Undefined array...', '/Users/atulgrov...', 79)
  #1 /Users/atulgrover/Desktop/RAG2/Dokuwiki/techset/inc/Parsing/Handler/Lists.php(80): Doku_Handler_Markdown_Unordered_List->interpretSyntax('\n    * ', 'u')
  #2 /Users/atulgrover/Desktop/RAG2/Dokuwiki/techset/inc/Parsing/Handler/Lists.php(32): dokuwiki\Parsing\Handler\Lists->listOpen(Array)
  #3 /Users/atulgrover/Desktop/RAG2/Dokuwiki/techset/inc/Parsing/Handler/Lists.php(20): dokuwiki\Parsing\Handler\Lists->process()
  #4 /Users/atulgrover/Desktop/RAG2/Dokuwiki/techset/inc/parser/handler.php(135): dokuwiki\Parsing\Handler\Lists->finalise()
  #5 /Users/atulgrover/Desktop/RAG2/Dokuwiki/techset/inc/Parsing/Parser.php(127): Doku_Handler->finalize()
  #6 /Users/atulgrover/Desktop/RAG2/Dokuwiki/techset/inc/parserutils.php(234): dokuwiki\Parsing\Parser->parse('\n**III. Legal &...')
  #7 /Users/atulgrover/Desktop/RAG2/Dokuwiki/techset/inc/parserutils.php(198): p_get_instructions('**III. Legal & ...')
  #8 /Users/atulgrover/Desktop/RAG2/Dokuwiki/techset/inc/parserutils.php(520): p_cached_instructions('/Users/atulgrov...', false, 'lexai_agents:in...')
  #9 /Users/atulgrover/Desktop/RAG2/Dokuwiki/techset/inc/parserutils.php(299): p_render_metadata('lexai_agents:in...', Array)
  #10 /Users/atulgrover/Desktop/RAG2/Dokuwiki/techset/inc/parserutils.php(772): p_get_metadata('lexai_agents:in...', 'title', 1)
  #11 /Users/atulgrover/Desktop/RAG2/Dokuwiki/techset/lib/plugins/fuzzysearch/action.php(130): p_get_first_heading('lexai_agents:in...')
  #12 /Users/atulgrover/Desktop/RAG2/Dokuwiki/techset/lib/plugins/fuzzysearch/action.php(106): action_plugin_fuzzysearch->generatePageList()
  #13 /Users/atulgrover/Desktop/RAG2/Dokuwiki/techset/lib/plugins/fuzzysearch/action.php(51): action_plugin_fuzzysearch->ensureCacheExists(true)
  #14 /Users/atulgrover/Desktop/RAG2/Dokuwiki/techset/inc/Extension/EventHandler.php(80): action_plugin_fuzzysearch->update_cache_on_change(Object(dokuwiki\Extension\Event), NULL)
  #15 /Users/atulgrover/Desktop/RAG2/Dokuwiki/techset/inc/Extension/Event.php(75): dokuwiki\Extension\EventHandler->process_event(Object(dokuwiki\Extension\Event), 'BEFORE')
  #16 /Users/atulgrover/Desktop/RAG2/Dokuwiki/techset/inc/Extension/Event.php(133): dokuwiki\Extension\Event->advise_before(false)
  #17 /Users/atulgrover/Desktop/RAG2/Dokuwiki/techset/inc/Extension/Event.php(200): dokuwiki\Extension\Event->trigger(NULL, false)
  #18 /Users/atulgrover/Desktop/RAG2/Dokuwiki/techset/inc/indexer.php(43): dokuwiki\Extension\Event::createAndTrigger('INDEXER_VERSION...', Array, NULL, false)
  #19 /Users/atulgrover/Desktop/RAG2/Dokuwiki/techset/inc/indexer.php(145): idx_get_version()
  #20 /Users/atulgrover/Desktop/RAG2/Dokuwiki/techset/inc/TaskRunner.php(206): idx_addPage('liteparse', true)
  #21 /Users/atulgrover/Desktop/RAG2/Dokuwiki/techset/inc/TaskRunner.php(52): dokuwiki\TaskRunner->runIndexer()
  #22 /Users/atulgrover/Desktop/RAG2/Dokuwiki/techset/lib/exe/taskrunner.php(20): dokuwiki\TaskRunner->run()
  #23 {main}
2026-04-06 07:54:54	/Users/atulgrover/Desktop/RAG2/Dokuwiki/techset/inc/Parsing/Handler/Quote.php(34)	E_WARNING: Undefined array key 0
  #0 /Users/atulgrover/Desktop/RAG2/Dokuwiki/techset/inc/Parsing/Handler/Quote.php(34): dokuwiki\ErrorHandler::errorHandler(2, 'Undefined array...', '/Users/atulgrov...', 34)
  #1 /Users/atulgrover/Desktop/RAG2/Dokuwiki/techset/lib/plugins/markdowku/syntax/blockquotes.php(62): dokuwiki\Parsing\Handler\Quote->process()
  #2 /Users/atulgrover/Desktop/RAG2/Dokuwiki/techset/inc/parser/handler.php(298): syntax_plugin_markdowku_blockquotes->handle('\n<', 4, 59, Object(Doku_Handler))
  #3 /Users/atulgrover/Desktop/RAG2/Dokuwiki/techset/inc/Parsing/Lexer/Lexer.php(269): Doku_Handler->plugin('\n<', 4, 59, 'markdowku_block...')
  #4 /Users/atulgrover/Desktop/RAG2/Dokuwiki/techset/inc/Parsing/Lexer/Lexer.php(189): dokuwiki\Parsing\Lexer\Lexer->invokeHandler('\n<', 4, 59)
  #5 /Users/atulgrover/Desktop/RAG2/Dokuwiki/techset/inc/Parsing/Lexer/Lexer.php(146): dokuwiki\Parsing\Lexer\Lexer->dispatchTokens('', '\n<', '__exit', 59, 59)
  #6 /Users/atulgrover/Desktop/RAG2/Dokuwiki/techset/inc/Parsing/Parser.php(113): dokuwiki\Parsing\Lexer\Lexer->parse('nowiki>\n\n      ...')
  #7 /Users/atulgrover/Desktop/RAG2/Dokuwiki/techset/inc/parserutils.php(234): dokuwiki\Parsing\Parser->parse('\n<!-- LITEPARSE...')
  #8 /Users/atulgrover/Desktop/RAG2/Dokuwiki/techset/inc/parserutils.php(198): p_get_instructions('<!-- LITEPARSE:...')
  #9 /Users/atulgrover/Desktop/RAG2/Dokuwiki/techset/inc/parserutils.php(520): p_cached_instructions('/Users/atulgrov...', false, 'liteparse')
  #10 /Users/atulgrover/Desktop/RAG2/Dokuwiki/techset/inc/parserutils.php(299): p_render_metadata('liteparse', Array)
  #11 /Users/atulgrover/Desktop/RAG2/Dokuwiki/techset/inc/common.php(265): p_get_metadata('liteparse')
  #12 /Users/atulgrover/Desktop/RAG2/Dokuwiki/techset/doku.php(101): pageinfo()
  #13 {main}
2026-04-06 07:54:54	/Users/atulgrover/Desktop/RAG2/Dokuwiki/techset/inc/Parsing/Handler/Quote.php(34)	E_WARNING: Undefined array key 0
  #0 /Users/atulgrover/Desktop/RAG2/Dokuwiki/techset/inc/Parsing/Handler/Quote.php(34): dokuwiki\ErrorHandler::errorHandler(2, 'Undefined array...', '/Users/atulgrov...', 34)
  #1 /Users/atulgrover/Desktop/RAG2/Dokuwiki/techset/inc/Parsing/Handler/Quote.php(15): dokuwiki\Parsing\Handler\Quote->process()
  #2 /Users/atulgrover/Desktop/RAG2/Dokuwiki/techset/inc/parser/handler.php(135): dokuwiki\Parsing\Handler\Quote->finalise()
  #3 /Users/atulgrover/Desktop/RAG2/Dokuwiki/techset/inc/Parsing/Parser.php(127): Doku_Handler->finalize()
  #4 /Users/atulgrover/Desktop/RAG2/Dokuwiki/techset/inc/parserutils.php(234): dokuwiki\Parsing\Parser->parse('\n<!-- LITEPARSE...')
  #5 /Users/atulgrover/Desktop/RAG2/Dokuwiki/techset/inc/parserutils.php(198): p_get_instructions('<!-- LITEPARSE:...')
  #6 /Users/atulgrover/Desktop/RAG2/Dokuwiki/techset/inc/parserutils.php(520): p_cached_instructions('/Users/atulgrov...', false, 'liteparse')
  #7 /Users/atulgrover/Desktop/RAG2/Dokuwiki/techset/inc/parserutils.php(299): p_render_metadata('liteparse', Array)
  #8 /Users/atulgrover/Desktop/RAG2/Dokuwiki/techset/inc/common.php(265): p_get_metadata('liteparse')
  #9 /Users/atulgrover/Desktop/RAG2/Dokuwiki/techset/doku.php(101): pageinfo()
  #10 {main}
2026-04-06 07:54:54	/Users/atulgrover/Desktop/RAG2/Dokuwiki/techset/lib/plugins/markdowku/syntax/ulists.php(79)	E_WARNING: Undefined array key 2
  #0 /Users/atulgrover/Desktop/RAG2/Dokuwiki/techset/lib/plugins/markdowku/syntax/ulists.php(79): dokuwiki\ErrorHandler::errorHandler(2, 'Undefined array...', '/Users/atulgrov...', 79)
  #1 /Users/atulgrover/Desktop/RAG2/Dokuwiki/techset/inc/Parsing/Handler/Lists.php(80): Doku_Handler_Markdown_Unordered_List->interpretSyntax('\n    * ', 'u')
  #2 /Users/atulgrover/Desktop/RAG2/Dokuwiki/techset/inc/Parsing/Handler/Lists.php(32): dokuwiki\Parsing\Handler\Lists->listOpen(Array)
  #3 /Users/atulgrover/Desktop/RAG2/Dokuwiki/techset/inc/Parsing/Handler/Lists.php(20): dokuwiki\Parsing\Handler\Lists->process()
  #4 /Users/atulgrover/Desktop/RAG2/Dokuwiki/techset/inc/parser/handler.php(135): dokuwiki\Parsing\Handler\Lists->finalise()
  #5 /Users/atulgrover/Desktop/RAG2/Dokuwiki/techset/inc/Parsing/Parser.php(127): Doku_Handler->finalize()
  #6 /Users/atulgrover/Desktop/RAG2/Dokuwiki/techset/inc/parserutils.php(234): dokuwiki\Parsing\Parser->parse('\n{{tagfilter>Ag...')
  #7 /Users/atulgrover/Desktop/RAG2/Dokuwiki/techset/inc/parserutils.php(198): p_get_instructions('{{tagfilter>Age...')
  #8 /Users/atulgrover/Desktop/RAG2/Dokuwiki/techset/inc/parserutils.php(520): p_cached_instructions('/Users/atulgrov...', false, 'lexai_agents:in...')
  #9 /Users/atulgrover/Desktop/RAG2/Dokuwiki/techset/inc/parserutils.php(299): p_render_metadata('lexai_agents:in...', Array)
  #10 /Users/atulgrover/Desktop/RAG2/Dokuwiki/techset/inc/parserutils.php(772): p_get_metadata('lexai_agents:in...', 'title', 1)
  #11 /Users/atulgrover/Desktop/RAG2/Dokuwiki/techset/lib/plugins/fuzzysearch/action.php(130): p_get_first_heading('lexai_agents:in...')
  #12 /Users/atulgrover/Desktop/RAG2/Dokuwiki/techset/lib/plugins/fuzzysearch/action.php(106): action_plugin_fuzzysearch->generatePageList()
  #13 /Users/atulgrover/Desktop/RAG2/Dokuwiki/techset/lib/plugins/fuzzysearch/action.php(51): action_plugin_fuzzysearch->ensureCacheExists(true)
  #14 /Users/atulgrover/Desktop/RAG2/Dokuwiki/techset/inc/Extension/EventHandler.php(80): action_plugin_fuzzysearch->update_cache_on_change(Object(dokuwiki\Extension\Event), NULL)
  #15 /Users/atulgrover/Desktop/RAG2/Dokuwiki/techset/inc/Extension/Event.php(75): dokuwiki\Extension\EventHandler->process_event(Object(dokuwiki\Extension\Event), 'BEFORE')
  #16 /Users/atulgrover/Desktop/RAG2/Dokuwiki/techset/inc/Extension/Event.php(133): dokuwiki\Extension\Event->advise_before(false)
  #17 /Users/atulgrover/Desktop/RAG2/Dokuwiki/techset/inc/Extension/Event.php(200): dokuwiki\Extension\Event->trigger(NULL, false)
  #18 /Users/atulgrover/Desktop/RAG2/Dokuwiki/techset/inc/indexer.php(43): dokuwiki\Extension\Event::createAndTrigger('INDEXER_VERSION...', Array, NULL, false)
  #19 /Users/atulgrover/Desktop/RAG2/Dokuwiki/techset/inc/indexer.php(145): idx_get_version()
  #20 /Users/atulgrover/Desktop/RAG2/Dokuwiki/techset/inc/TaskRunner.php(206): idx_addPage('liteparse', true)
  #21 /Users/atulgrover/Desktop/RAG2/Dokuwiki/techset/inc/TaskRunner.php(52): dokuwiki\TaskRunner->runIndexer()
  #22 /Users/atulgrover/Desktop/RAG2/Dokuwiki/techset/lib/exe/taskrunner.php(20): dokuwiki\TaskRunner->run()
  #23 {main}
2026-04-06 07:54:54	/Users/atulgrover/Desktop/RAG2/Dokuwiki/techset/lib/plugins/markdowku/syntax/ulists.php(79)	E_WARNING: Undefined array key 2
  #0 /Users/atulgrover/Desktop/RAG2/Dokuwiki/techset/lib/plugins/markdowku/syntax/ulists.php(79): dokuwiki\ErrorHandler::errorHandler(2, 'Undefined array...', '/Users/atulgrov...', 79)
  #1 /Users/atulgrover/Desktop/RAG2/Dokuwiki/techset/inc/Parsing/Handler/Lists.php(80): Doku_Handler_Markdown_Unordered_List->interpretSyntax('\n    * ', 'u')
  #2 /Users/atulgrover/Desktop/RAG2/Dokuwiki/techset/inc/Parsing/Handler/Lists.php(32): dokuwiki\Parsing\Handler\Lists->listOpen(Array)
  #3 /Users/atulgrover/Desktop/RAG2/Dokuwiki/techset/inc/Parsing/Handler/Lists.php(20): dokuwiki\Parsing\Handler\Lists->process()
  #4 /Users/atulgrover/Desktop/RAG2/Dokuwiki/techset/inc/parser/handler.php(135): dokuwiki\Parsing\Handler\Lists->finalise()
  #5 /Users/atulgrover/Desktop/RAG2/Dokuwiki/techset/inc/Parsing/Parser.php(127): Doku_Handler->finalize()
  #6 /Users/atulgrover/Desktop/RAG2/Dokuwiki/techset/inc/parserutils.php(234): dokuwiki\Parsing\Parser->parse('\n{{tagfilter>Ag...')
  #7 /Users/atulgrover/Desktop/RAG2/Dokuwiki/techset/inc/parserutils.php(198): p_get_instructions('{{tagfilter>Age...')
  #8 /Users/atulgrover/Desktop/RAG2/Dokuwiki/techset/inc/parserutils.php(520): p_cached_instructions('/Users/atulgrov...', false, 'lexai_agents:in...')
  #9 /Users/atulgrover/Desktop/RAG2/Dokuwiki/techset/inc/parserutils.php(299): p_render_metadata('lexai_agents:in...', Array)
  #10 /Users/atulgrover/Desktop/RAG2/Dokuwiki/techset/inc/parserutils.php(772): p_get_metadata('lexai_agents:in...', 'title', 1)
  #11 /Users/atulgrover/Desktop/RAG2/Dokuwiki/techset/lib/plugins/fuzzysearch/action.php(130): p_get_first_heading('lexai_agents:in...')
  #12 /Users/atulgrover/Desktop/RAG2/Dokuwiki/techset/lib/plugins/fuzzysearch/action.php(106): action_plugin_fuzzysearch->generatePageList()
  #13 /Users/atulgrover/Desktop/RAG2/Dokuwiki/techset/lib/plugins/fuzzysearch/action.php(51): action_plugin_fuzzysearch->ensureCacheExists(true)
  #14 /Users/atulgrover/Desktop/RAG2/Dokuwiki/techset/inc/Extension/EventHandler.php(80): action_plugin_fuzzysearch->update_cache_on_change(Object(dokuwiki\Extension\Event), NULL)
  #15 /Users/atulgrover/Desktop/RAG2/Dokuwiki/techset/inc/Extension/Event.php(75): dokuwiki\Extension\EventHandler->process_event(Object(dokuwiki\Extension\Event), 'BEFORE')
  #16 /Users/atulgrover/Desktop/RAG2/Dokuwiki/techset/inc/Extension/Event.php(133): dokuwiki\Extension\Event->advise_before(false)
  #17 /Users/atulgrover/Desktop/RAG2/Dokuwiki/techset/inc/Extension/Event.php(200): dokuwiki\Extension\Event->trigger(NULL, false)
  #18 /Users/atulgrover/Desktop/RAG2/Dokuwiki/techset/inc/indexer.php(43): dokuwiki\Extension\Event::createAndTrigger('INDEXER_VERSION...', Array, NULL, false)
  #19 /Users/atulgrover/Desktop/RAG2/Dokuwiki/techset/inc/indexer.php(145): idx_get_version()
  #20 /Users/atulgrover/Desktop/RAG2/Dokuwiki/techset/inc/TaskRunner.php(206): idx_addPage('liteparse', true)
  #21 /Users/atulgrover/Desktop/RAG2/Dokuwiki/techset/inc/TaskRunner.php(52): dokuwiki\TaskRunner->runIndexer()
  #22 /Users/atulgrover/Desktop/RAG2/Dokuwiki/techset/lib/exe/taskrunner.php(20): dokuwiki\TaskRunner->run()
  #23 {main}
2026-04-06 07:54:55	/Users/atulgrover/Desktop/RAG2/Dokuwiki/techset/inc/Parsing/Handler/Quote.php(34)	E_WARNING: Undefined array key 0
  #0 /Users/atulgrover/Desktop/RAG2/Dokuwiki/techset/inc/Parsing/Handler/Quote.php(34): dokuwiki\ErrorHandler::errorHandler(2, 'Undefined array...', '/Users/atulgrov...', 34)
  #1 /Users/atulgrover/Desktop/RAG2/Dokuwiki/techset/lib/plugins/markdowku/syntax/blockquotes.php(62): dokuwiki\Parsing\Handler\Quote->process()
  #2 /Users/atulgrover/Desktop/RAG2/Dokuwiki/techset/inc/parser/handler.php(298): syntax_plugin_markdowku_blockquotes->handle('\n<', 4, 59, Object(Doku_Handler))
  #3 /Users/atulgrover/Desktop/RAG2/Dokuwiki/techset/inc/Parsing/Lexer/Lexer.php(269): Doku_Handler->plugin('\n<', 4, 59, 'markdowku_block...')
  #4 /Users/atulgrover/Desktop/RAG2/Dokuwiki/techset/inc/Parsing/Lexer/Lexer.php(189): dokuwiki\Parsing\Lexer\Lexer->invokeHandler('\n<', 4, 59)
  #5 /Users/atulgrover/Desktop/RAG2/Dokuwiki/techset/inc/Parsing/Lexer/Lexer.php(146): dokuwiki\Parsing\Lexer\Lexer->dispatchTokens('', '\n<', '__exit', 59, 59)
  #6 /Users/atulgrover/Desktop/RAG2/Dokuwiki/techset/inc/Parsing/Parser.php(113): dokuwiki\Parsing\Lexer\Lexer->parse('nowiki>\n\n      ...')
  #7 /Users/atulgrover/Desktop/RAG2/Dokuwiki/techset/inc/parserutils.php(234): dokuwiki\Parsing\Parser->parse('\n<!-- LITEPARSE...')
  #8 /Users/atulgrover/Desktop/RAG2/Dokuwiki/techset/inc/parserutils.php(198): p_get_instructions('<!-- LITEPARSE:...')
  #9 /Users/atulgrover/Desktop/RAG2/Dokuwiki/techset/inc/parserutils.php(520): p_cached_instructions('/Users/atulgrov...', false, 'liteparse')
  #10 /Users/atulgrover/Desktop/RAG2/Dokuwiki/techset/inc/parserutils.php(299): p_render_metadata('liteparse', Array)
  #11 /Users/atulgrover/Desktop/RAG2/Dokuwiki/techset/inc/indexer.php(154): p_get_metadata('liteparse', 'internal index', 4)
  #12 /Users/atulgrover/Desktop/RAG2/Dokuwiki/techset/inc/TaskRunner.php(206): idx_addPage('liteparse', true)
  #13 /Users/atulgrover/Desktop/RAG2/Dokuwiki/techset/inc/TaskRunner.php(52): dokuwiki\TaskRunner->runIndexer()
  #14 /Users/atulgrover/Desktop/RAG2/Dokuwiki/techset/lib/exe/taskrunner.php(20): dokuwiki\TaskRunner->run()
  #15 {main}
2026-04-06 07:54:55	/Users/atulgrover/Desktop/RAG2/Dokuwiki/techset/inc/Parsing/Handler/Quote.php(34)	E_WARNING: Undefined array key 0
  #0 /Users/atulgrover/Desktop/RAG2/Dokuwiki/techset/inc/Parsing/Handler/Quote.php(34): dokuwiki\ErrorHandler::errorHandler(2, 'Undefined array...', '/Users/atulgrov...', 34)
  #1 /Users/atulgrover/Desktop/RAG2/Dokuwiki/techset/inc/Parsing/Handler/Quote.php(15): dokuwiki\Parsing\Handler\Quote->process()
  #2 /Users/atulgrover/Desktop/RAG2/Dokuwiki/techset/inc/parser/handler.php(135): dokuwiki\Parsing\Handler\Quote->finalise()
  #3 /Users/atulgrover/Desktop/RAG2/Dokuwiki/techset/inc/Parsing/Parser.php(127): Doku_Handler->finalize()
  #4 /Users/atulgrover/Desktop/RAG2/Dokuwiki/techset/inc/parserutils.php(234): dokuwiki\Parsing\Parser->parse('\n<!-- LITEPARSE...')
  #5 /Users/atulgrover/Desktop/RAG2/Dokuwiki/techset/inc/parserutils.php(198): p_get_instructions('<!-- LITEPARSE:...')
  #6 /Users/atulgrover/Desktop/RAG2/Dokuwiki/techset/inc/parserutils.php(520): p_cached_instructions('/Users/atulgrov...', false, 'liteparse')
  #7 /Users/atulgrover/Desktop/RAG2/Dokuwiki/techset/inc/parserutils.php(299): p_render_metadata('liteparse', Array)
  #8 /Users/atulgrover/Desktop/RAG2/Dokuwiki/techset/inc/indexer.php(154): p_get_metadata('liteparse', 'internal index', 4)
  #9 /Users/atulgrover/Desktop/RAG2/Dokuwiki/techset/inc/TaskRunner.php(206): idx_addPage('liteparse', true)
  #10 /Users/atulgrover/Desktop/RAG2/Dokuwiki/techset/inc/TaskRunner.php(52): dokuwiki\TaskRunner->runIndexer()
  #11 /Users/atulgrover/Desktop/RAG2/Dokuwiki/techset/lib/exe/taskrunner.php(20): dokuwiki\TaskRunner->run()
  #12 {main}
2026-04-06 07:55:04	/Users/atulgrover/Desktop/RAG2/Dokuwiki/techset/lib/plugins/markdowku/syntax/ulists.php(79)	E_WARNING: Undefined array key 2
  #0 /Users/atulgrover/Desktop/RAG2/Dokuwiki/techset/lib/plugins/markdowku/syntax/ulists.php(79): dokuwiki\ErrorHandler::errorHandler(2, 'Undefined array...', '/Users/atulgrov...', 79)
  #1 /Users/atulgrover/Desktop/RAG2/Dokuwiki/techset/inc/Parsing/Handler/Lists.php(80): Doku_Handler_Markdown_Unordered_List->interpretSyntax('\n    * ', 'u')
  #2 /Users/atulgrover/Desktop/RAG2/Dokuwiki/techset/inc/Parsing/Handler/Lists.php(32): dokuwiki\Parsing\Handler\Lists->listOpen(Array)
  #3 /Users/atulgrover/Desktop/RAG2/Dokuwiki/techset/inc/Parsing/Handler/Lists.php(20): dokuwiki\Parsing\Handler\Lists->process()
  #4 /Users/atulgrover/Desktop/RAG2/Dokuwiki/techset/inc/parser/handler.php(135): dokuwiki\Parsing\Handler\Lists->finalise()
  #5 /Users/atulgrover/Desktop/RAG2/Dokuwiki/techset/inc/Parsing/Parser.php(127): Doku_Handler->finalize()
  #6 /Users/atulgrover/Desktop/RAG2/Dokuwiki/techset/inc/parserutils.php(234): dokuwiki\Parsing\Parser->parse('\n**VII. Forensi...')
  #7 /Users/atulgrover/Desktop/RAG2/Dokuwiki/techset/inc/parserutils.php(198): p_get_instructions('**VII. Forensic...')
  #8 /Users/atulgrover/Desktop/RAG2/Dokuwiki/techset/inc/parserutils.php(520): p_cached_instructions('/Users/atulgrov...', false, 'lexai_agents:in...')
  #9 /Users/atulgrover/Desktop/RAG2/Dokuwiki/techset/inc/parserutils.php(299): p_render_metadata('lexai_agents:in...', Array)
  #10 /Users/atulgrover/Desktop/RAG2/Dokuwiki/techset/inc/parserutils.php(772): p_get_metadata('lexai_agents:in...', 'title', 1)
  #11 /Users/atulgrover/Desktop/RAG2/Dokuwiki/techset/lib/plugins/fuzzysearch/action.php(130): p_get_first_heading('lexai_agents:in...')
  #12 /Users/atulgrover/Desktop/RAG2/Dokuwiki/techset/lib/plugins/fuzzysearch/action.php(106): action_plugin_fuzzysearch->generatePageList()
  #13 /Users/atulgrover/Desktop/RAG2/Dokuwiki/techset/lib/plugins/fuzzysearch/action.php(51): action_plugin_fuzzysearch->ensureCacheExists(true)
  #14 /Users/atulgrover/Desktop/RAG2/Dokuwiki/techset/inc/Extension/EventHandler.php(80): action_plugin_fuzzysearch->update_cache_on_change(Object(dokuwiki\Extension\Event), NULL)
  #15 /Users/atulgrover/Desktop/RAG2/Dokuwiki/techset/inc/Extension/Event.php(75): dokuwiki\Extension\EventHandler->process_event(Object(dokuwiki\Extension\Event), 'BEFORE')
  #16 /Users/atulgrover/Desktop/RAG2/Dokuwiki/techset/inc/Extension/Event.php(133): dokuwiki\Extension\Event->advise_before(false)
  #17 /Users/atulgrover/Desktop/RAG2/Dokuwiki/techset/inc/Extension/Event.php(200): dokuwiki\Extension\Event->trigger(NULL, false)
  #18 /Users/atulgrover/Desktop/RAG2/Dokuwiki/techset/inc/indexer.php(43): dokuwiki\Extension\Event::createAndTrigger('INDEXER_VERSION...', Array, NULL, false)
  #19 /Users/atulgrover/Desktop/RAG2/Dokuwiki/techset/inc/indexer.php(145): idx_get_version()
  #20 /Users/atulgrover/Desktop/RAG2/Dokuwiki/techset/inc/TaskRunner.php(206): idx_addPage('liteparse', true)
  #21 /Users/atulgrover/Desktop/RAG2/Dokuwiki/techset/inc/TaskRunner.php(52): dokuwiki\TaskRunner->runIndexer()
  #22 /Users/atulgrover/Desktop/RAG2/Dokuwiki/techset/lib/exe/taskrunner.php(20): dokuwiki\TaskRunner->run()
  #23 {main}
2026-04-06 07:55:04	/Users/atulgrover/Desktop/RAG2/Dokuwiki/techset/lib/plugins/markdowku/syntax/ulists.php(79)	E_WARNING: Undefined array key 2
  #0 /Users/atulgrover/Desktop/RAG2/Dokuwiki/techset/lib/plugins/markdowku/syntax/ulists.php(79): dokuwiki\ErrorHandler::errorHandler(2, 'Undefined array...', '/Users/atulgrov...', 79)
  #1 /Users/atulgrover/Desktop/RAG2/Dokuwiki/techset/inc/Parsing/Handler/Lists.php(80): Doku_Handler_Markdown_Unordered_List->interpretSyntax('\n    * ', 'u')
  #2 /Users/atulgrover/Desktop/RAG2/Dokuwiki/techset/inc/Parsing/Handler/Lists.php(32): dokuwiki\Parsing\Handler\Lists->listOpen(Array)
  #3 /Users/atulgrover/Desktop/RAG2/Dokuwiki/techset/inc/Parsing/Handler/Lists.php(20): dokuwiki\Parsing\Handler\Lists->process()
  #4 /Users/atulgrover/Desktop/RAG2/Dokuwiki/techset/inc/parser/handler.php(135): dokuwiki\Parsing\Handler\Lists->finalise()
  #5 /Users/atulgrover/Desktop/RAG2/Dokuwiki/techset/inc/Parsing/Parser.php(127): Doku_Handler->finalize()
  #6 /Users/atulgrover/Desktop/RAG2/Dokuwiki/techset/inc/parserutils.php(234): dokuwiki\Parsing\Parser->parse('\n**VII. Forensi...')
  #7 /Users/atulgrover/Desktop/RAG2/Dokuwiki/techset/inc/parserutils.php(198): p_get_instructions('**VII. Forensic...')
  #8 /Users/atulgrover/Desktop/RAG2/Dokuwiki/techset/inc/parserutils.php(520): p_cached_instructions('/Users/atulgrov...', false, 'lexai_agents:in...')
  #9 /Users/atulgrover/Desktop/RAG2/Dokuwiki/techset/inc/parserutils.php(299): p_render_metadata('lexai_agents:in...', Array)
  #10 /Users/atulgrover/Desktop/RAG2/Dokuwiki/techset/inc/parserutils.php(772): p_get_metadata('lexai_agents:in...', 'title', 1)
  #11 /Users/atulgrover/Desktop/RAG2/Dokuwiki/techset/lib/plugins/fuzzysearch/action.php(130): p_get_first_heading('lexai_agents:in...')
  #12 /Users/atulgrover/Desktop/RAG2/Dokuwiki/techset/lib/plugins/fuzzysearch/action.php(106): action_plugin_fuzzysearch->generatePageList()
  #13 /Users/atulgrover/Desktop/RAG2/Dokuwiki/techset/lib/plugins/fuzzysearch/action.php(51): action_plugin_fuzzysearch->ensureCacheExists(true)
  #14 /Users/atulgrover/Desktop/RAG2/Dokuwiki/techset/inc/Extension/EventHandler.php(80): action_plugin_fuzzysearch->update_cache_on_change(Object(dokuwiki\Extension\Event), NULL)
  #15 /Users/atulgrover/Desktop/RAG2/Dokuwiki/techset/inc/Extension/Event.php(75): dokuwiki\Extension\EventHandler->process_event(Object(dokuwiki\Extension\Event), 'BEFORE')
  #16 /Users/atulgrover/Desktop/RAG2/Dokuwiki/techset/inc/Extension/Event.php(133): dokuwiki\Extension\Event->advise_before(false)
  #17 /Users/atulgrover/Desktop/RAG2/Dokuwiki/techset/inc/Extension/Event.php(200): dokuwiki\Extension\Event->trigger(NULL, false)
  #18 /Users/atulgrover/Desktop/RAG2/Dokuwiki/techset/inc/indexer.php(43): dokuwiki\Extension\Event::createAndTrigger('INDEXER_VERSION...', Array, NULL, false)
  #19 /Users/atulgrover/Desktop/RAG2/Dokuwiki/techset/inc/indexer.php(145): idx_get_version()
  #20 /Users/atulgrover/Desktop/RAG2/Dokuwiki/techset/inc/TaskRunner.php(206): idx_addPage('liteparse', true)
  #21 /Users/atulgrover/Desktop/RAG2/Dokuwiki/techset/inc/TaskRunner.php(52): dokuwiki\TaskRunner->runIndexer()
  #22 /Users/atulgrover/Desktop/RAG2/Dokuwiki/techset/lib/exe/taskrunner.php(20): dokuwiki\TaskRunner->run()
  #23 {main}
2026-04-06 07:55:31	/Users/atulgrover/Desktop/RAG2/Dokuwiki/techset/inc/Parsing/Handler/Quote.php(34)	E_WARNING: Undefined array key 0
  #0 /Users/atulgrover/Desktop/RAG2/Dokuwiki/techset/inc/Parsing/Handler/Quote.php(34): dokuwiki\ErrorHandler::errorHandler(2, 'Undefined array...', '/Users/atulgrov...', 34)
  #1 /Users/atulgrover/Desktop/RAG2/Dokuwiki/techset/lib/plugins/markdowku/syntax/blockquotes.php(62): dokuwiki\Parsing\Handler\Quote->process()
  #2 /Users/atulgrover/Desktop/RAG2/Dokuwiki/techset/inc/parser/handler.php(298): syntax_plugin_markdowku_blockquotes->handle('\n<', 4, 59, Object(Doku_Handler))
  #3 /Users/atulgrover/Desktop/RAG2/Dokuwiki/techset/inc/Parsing/Lexer/Lexer.php(269): Doku_Handler->plugin('\n<', 4, 59, 'markdowku_block...')
  #4 /Users/atulgrover/Desktop/RAG2/Dokuwiki/techset/inc/Parsing/Lexer/Lexer.php(189): dokuwiki\Parsing\Lexer\Lexer->invokeHandler('\n<', 4, 59)
  #5 /Users/atulgrover/Desktop/RAG2/Dokuwiki/techset/inc/Parsing/Lexer/Lexer.php(146): dokuwiki\Parsing\Lexer\Lexer->dispatchTokens('', '\n<', '__exit', 59, 59)
  #6 /Users/atulgrover/Desktop/RAG2/Dokuwiki/techset/inc/Parsing/Parser.php(113): dokuwiki\Parsing\Lexer\Lexer->parse('code>\n\n        ...')
  #7 /Users/atulgrover/Desktop/RAG2/Dokuwiki/techset/inc/parserutils.php(234): dokuwiki\Parsing\Parser->parse('\n<!-- LITEPARSE...')
  #8 /Users/atulgrover/Desktop/RAG2/Dokuwiki/techset/inc/Ui/PageView.php(56): p_get_instructions('<!-- LITEPARSE:...')
  #9 /Users/atulgrover/Desktop/RAG2/Dokuwiki/techset/inc/Action/Preview.php(32): dokuwiki\Ui\PageView->show()
  #10 /Users/atulgrover/Desktop/RAG2/Dokuwiki/techset/inc/template.php(120): dokuwiki\Action\Preview->tplContent()
  #11 [internal function]: tpl_content_core('preview')
  #12 /Users/atulgrover/Desktop/RAG2/Dokuwiki/techset/inc/Extension/Event.php(134): call_user_func_array('tpl_content_cor...', Array)
  #13 /Users/atulgrover/Desktop/RAG2/Dokuwiki/techset/inc/Extension/Event.php(200): dokuwiki\Extension\Event->trigger('tpl_content_cor...', true)
  #14 /Users/atulgrover/Desktop/RAG2/Dokuwiki/techset/inc/template.php(102): dokuwiki\Extension\Event::createAndTrigger('TPL_ACT_RENDER', 'preview', 'tpl_content_cor...')
  #15 /Users/atulgrover/Desktop/RAG2/Dokuwiki/techset/lib/tpl/notes/main.php(57): tpl_content()
  #16 /Users/atulgrover/Desktop/RAG2/Dokuwiki/techset/inc/actions.php(30): include('/Users/atulgrov...')
  #17 /Users/atulgrover/Desktop/RAG2/Dokuwiki/techset/doku.php(131): act_dispatch()
  #18 {main}
2026-04-06 07:55:31	/Users/atulgrover/Desktop/RAG2/Dokuwiki/techset/inc/Parsing/Handler/Quote.php(34)	E_WARNING: Undefined array key 0
  #0 /Users/atulgrover/Desktop/RAG2/Dokuwiki/techset/inc/Parsing/Handler/Quote.php(34): dokuwiki\ErrorHandler::errorHandler(2, 'Undefined array...', '/Users/atulgrov...', 34)
  #1 /Users/atulgrover/Desktop/RAG2/Dokuwiki/techset/inc/Parsing/Handler/Quote.php(15): dokuwiki\Parsing\Handler\Quote->process()
  #2 /Users/atulgrover/Desktop/RAG2/Dokuwiki/techset/inc/parser/handler.php(135): dokuwiki\Parsing\Handler\Quote->finalise()
  #3 /Users/atulgrover/Desktop/RAG2/Dokuwiki/techset/inc/Parsing/Parser.php(127): Doku_Handler->finalize()
  #4 /Users/atulgrover/Desktop/RAG2/Dokuwiki/techset/inc/parserutils.php(234): dokuwiki\Parsing\Parser->parse('\n<!-- LITEPARSE...')
  #5 /Users/atulgrover/Desktop/RAG2/Dokuwiki/techset/inc/Ui/PageView.php(56): p_get_instructions('<!-- LITEPARSE:...')
  #6 /Users/atulgrover/Desktop/RAG2/Dokuwiki/techset/inc/Action/Preview.php(32): dokuwiki\Ui\PageView->show()
  #7 /Users/atulgrover/Desktop/RAG2/Dokuwiki/techset/inc/template.php(120): dokuwiki\Action\Preview->tplContent()
  #8 [internal function]: tpl_content_core('preview')
  #9 /Users/atulgrover/Desktop/RAG2/Dokuwiki/techset/inc/Extension/Event.php(134): call_user_func_array('tpl_content_cor...', Array)
  #10 /Users/atulgrover/Desktop/RAG2/Dokuwiki/techset/inc/Extension/Event.php(200): dokuwiki\Extension\Event->trigger('tpl_content_cor...', true)
  #11 /Users/atulgrover/Desktop/RAG2/Dokuwiki/techset/inc/template.php(102): dokuwiki\Extension\Event::createAndTrigger('TPL_ACT_RENDER', 'preview', 'tpl_content_cor...')
  #12 /Users/atulgrover/Desktop/RAG2/Dokuwiki/techset/lib/tpl/notes/main.php(57): tpl_content()
  #13 /Users/atulgrover/Desktop/RAG2/Dokuwiki/techset/inc/actions.php(30): include('/Users/atulgrov...')
  #14 /Users/atulgrover/Desktop/RAG2/Dokuwiki/techset/doku.php(131): act_dispatch()
  #15 {main}
2026-04-06 07:55:54	/Users/atulgrover/Desktop/RAG2/Dokuwiki/techset/inc/Parsing/Handler/Quote.php(34)	E_WARNING: Undefined array key 0
  #0 /Users/atulgrover/Desktop/RAG2/Dokuwiki/techset/inc/Parsing/Handler/Quote.php(34): dokuwiki\ErrorHandler::errorHandler(2, 'Undefined array...', '/Users/atulgrov...', 34)
  #1 /Users/atulgrover/Desktop/RAG2/Dokuwiki/techset/lib/plugins/markdowku/syntax/blockquotes.php(62): dokuwiki\Parsing\Handler\Quote->process()
  #2 /Users/atulgrover/Desktop/RAG2/Dokuwiki/techset/inc/parser/handler.php(298): syntax_plugin_markdowku_blockquotes->handle('\n\n', 4, 59, Object(Doku_Handler))
  #3 /Users/atulgrover/Desktop/RAG2/Dokuwiki/techset/inc/Parsing/Lexer/Lexer.php(269): Doku_Handler->plugin('\n\n', 4, 59, 'markdowku_block...')
  #4 /Users/atulgrover/Desktop/RAG2/Dokuwiki/techset/inc/Parsing/Lexer/Lexer.php(189): dokuwiki\Parsing\Lexer\Lexer->invokeHandler('\n\n', 4, 59)
  #5 /Users/atulgrover/Desktop/RAG2/Dokuwiki/techset/inc/Parsing/Lexer/Lexer.php(146): dokuwiki\Parsing\Lexer\Lexer->dispatchTokens('', '\n\n', '__exit', 59, 59)
  #6 /Users/atulgrover/Desktop/RAG2/Dokuwiki/techset/inc/Parsing/Parser.php(113): dokuwiki\Parsing\Lexer\Lexer->parse('\n              ...')
  #7 /Users/atulgrover/Desktop/RAG2/Dokuwiki/techset/inc/parserutils.php(234): dokuwiki\Parsing\Parser->parse('\n<!-- LITEPARSE...')
  #8 /Users/atulgrover/Desktop/RAG2/Dokuwiki/techset/inc/parserutils.php(198): p_get_instructions('<!-- LITEPARSE:...')
  #9 /Users/atulgrover/Desktop/RAG2/Dokuwiki/techset/inc/parserutils.php(520): p_cached_instructions('/Users/atulgrov...', false, 'liteparse')
  #10 /Users/atulgrover/Desktop/RAG2/Dokuwiki/techset/inc/parserutils.php(299): p_render_metadata('liteparse', Array)
  #11 /Users/atulgrover/Desktop/RAG2/Dokuwiki/techset/inc/common.php(265): p_get_metadata('liteparse')
  #12 /Users/atulgrover/Desktop/RAG2/Dokuwiki/techset/doku.php(101): pageinfo()
  #13 {main}
2026-04-06 07:55:54	/Users/atulgrover/Desktop/RAG2/Dokuwiki/techset/inc/Parsing/Handler/Quote.php(34)	E_WARNING: Undefined array key 0
  #0 /Users/atulgrover/Desktop/RAG2/Dokuwiki/techset/inc/Parsing/Handler/Quote.php(34): dokuwiki\ErrorHandler::errorHandler(2, 'Undefined array...', '/Users/atulgrov...', 34)
  #1 /Users/atulgrover/Desktop/RAG2/Dokuwiki/techset/inc/Parsing/Handler/Quote.php(15): dokuwiki\Parsing\Handler\Quote->process()
  #2 /Users/atulgrover/Desktop/RAG2/Dokuwiki/techset/inc/parser/handler.php(135): dokuwiki\Parsing\Handler\Quote->finalise()
  #3 /Users/atulgrover/Desktop/RAG2/Dokuwiki/techset/inc/Parsing/Parser.php(127): Doku_Handler->finalize()
  #4 /Users/atulgrover/Desktop/RAG2/Dokuwiki/techset/inc/parserutils.php(234): dokuwiki\Parsing\Parser->parse('\n<!-- LITEPARSE...')
  #5 /Users/atulgrover/Desktop/RAG2/Dokuwiki/techset/inc/parserutils.php(198): p_get_instructions('<!-- LITEPARSE:...')
  #6 /Users/atulgrover/Desktop/RAG2/Dokuwiki/techset/inc/parserutils.php(520): p_cached_instructions('/Users/atulgrov...', false, 'liteparse')
  #7 /Users/atulgrover/Desktop/RAG2/Dokuwiki/techset/inc/parserutils.php(299): p_render_metadata('liteparse', Array)
  #8 /Users/atulgrover/Desktop/RAG2/Dokuwiki/techset/inc/common.php(265): p_get_metadata('liteparse')
  #9 /Users/atulgrover/Desktop/RAG2/Dokuwiki/techset/doku.php(101): pageinfo()
  #10 {main}
2026-04-06 07:55:55	/Users/atulgrover/Desktop/RAG2/Dokuwiki/techset/inc/Parsing/Handler/Quote.php(34)	E_WARNING: Undefined array key 0
  #0 /Users/atulgrover/Desktop/RAG2/Dokuwiki/techset/inc/Parsing/Handler/Quote.php(34): dokuwiki\ErrorHandler::errorHandler(2, 'Undefined array...', '/Users/atulgrov...', 34)
  #1 /Users/atulgrover/Desktop/RAG2/Dokuwiki/techset/lib/plugins/markdowku/syntax/blockquotes.php(62): dokuwiki\Parsing\Handler\Quote->process()
  #2 /Users/atulgrover/Desktop/RAG2/Dokuwiki/techset/inc/parser/handler.php(298): syntax_plugin_markdowku_blockquotes->handle('\n\n', 4, 59, Object(Doku_Handler))
  #3 /Users/atulgrover/Desktop/RAG2/Dokuwiki/techset/inc/Parsing/Lexer/Lexer.php(269): Doku_Handler->plugin('\n\n', 4, 59, 'markdowku_block...')
  #4 /Users/atulgrover/Desktop/RAG2/Dokuwiki/techset/inc/Parsing/Lexer/Lexer.php(189): dokuwiki\Parsing\Lexer\Lexer->invokeHandler('\n\n', 4, 59)
  #5 /Users/atulgrover/Desktop/RAG2/Dokuwiki/techset/inc/Parsing/Lexer/Lexer.php(146): dokuwiki\Parsing\Lexer\Lexer->dispatchTokens('', '\n\n', '__exit', 59, 59)
  #6 /Users/atulgrover/Desktop/RAG2/Dokuwiki/techset/inc/Parsing/Parser.php(113): dokuwiki\Parsing\Lexer\Lexer->parse('\n              ...')
  #7 /Users/atulgrover/Desktop/RAG2/Dokuwiki/techset/inc/parserutils.php(234): dokuwiki\Parsing\Parser->parse('\n<!-- LITEPARSE...')
  #8 /Users/atulgrover/Desktop/RAG2/Dokuwiki/techset/inc/parserutils.php(198): p_get_instructions('<!-- LITEPARSE:...')
  #9 /Users/atulgrover/Desktop/RAG2/Dokuwiki/techset/inc/parserutils.php(520): p_cached_instructions('/Users/atulgrov...', false, 'liteparse')
  #10 /Users/atulgrover/Desktop/RAG2/Dokuwiki/techset/inc/parserutils.php(299): p_render_metadata('liteparse', Array)
  #11 /Users/atulgrover/Desktop/RAG2/Dokuwiki/techset/inc/indexer.php(154): p_get_metadata('liteparse', 'internal index', 4)
  #12 /Users/atulgrover/Desktop/RAG2/Dokuwiki/techset/inc/TaskRunner.php(206): idx_addPage('liteparse', true)
  #13 /Users/atulgrover/Desktop/RAG2/Dokuwiki/techset/inc/TaskRunner.php(52): dokuwiki\TaskRunner->runIndexer()
  #14 /Users/atulgrover/Desktop/RAG2/Dokuwiki/techset/lib/exe/taskrunner.php(20): dokuwiki\TaskRunner->run()
  #15 {main}
2026-04-06 07:55:55	/Users/atulgrover/Desktop/RAG2/Dokuwiki/techset/inc/Parsing/Handler/Quote.php(34)	E_WARNING: Undefined array key 0
  #0 /Users/atulgrover/Desktop/RAG2/Dokuwiki/techset/inc/Parsing/Handler/Quote.php(34): dokuwiki\ErrorHandler::errorHandler(2, 'Undefined array...', '/Users/atulgrov...', 34)
  #1 /Users/atulgrover/Desktop/RAG2/Dokuwiki/techset/inc/Parsing/Handler/Quote.php(15): dokuwiki\Parsing\Handler\Quote->process()
  #2 /Users/atulgrover/Desktop/RAG2/Dokuwiki/techset/inc/parser/handler.php(135): dokuwiki\Parsing\Handler\Quote->finalise()
  #3 /Users/atulgrover/Desktop/RAG2/Dokuwiki/techset/inc/Parsing/Parser.php(127): Doku_Handler->finalize()
  #4 /Users/atulgrover/Desktop/RAG2/Dokuwiki/techset/inc/parserutils.php(234): dokuwiki\Parsing\Parser->parse('\n<!-- LITEPARSE...')
  #5 /Users/atulgrover/Desktop/RAG2/Dokuwiki/techset/inc/parserutils.php(198): p_get_instructions('<!-- LITEPARSE:...')
  #6 /Users/atulgrover/Desktop/RAG2/Dokuwiki/techset/inc/parserutils.php(520): p_cached_instructions('/Users/atulgrov...', false, 'liteparse')
  #7 /Users/atulgrover/Desktop/RAG2/Dokuwiki/techset/inc/parserutils.php(299): p_render_metadata('liteparse', Array)
  #8 /Users/atulgrover/Desktop/RAG2/Dokuwiki/techset/inc/indexer.php(154): p_get_metadata('liteparse', 'internal index', 4)
  #9 /Users/atulgrover/Desktop/RAG2/Dokuwiki/techset/inc/TaskRunner.php(206): idx_addPage('liteparse', true)
  #10 /Users/atulgrover/Desktop/RAG2/Dokuwiki/techset/inc/TaskRunner.php(52): dokuwiki\TaskRunner->runIndexer()
  #11 /Users/atulgrover/Desktop/RAG2/Dokuwiki/techset/lib/exe/taskrunner.php(20): dokuwiki\TaskRunner->run()
  #12 {main}
2026-04-06 07:55:59	/Users/atulgrover/Desktop/RAG2/Dokuwiki/techset/lib/plugins/markdowku/syntax/ulists.php(79)	E_WARNING: Undefined array key 2
  #0 /Users/atulgrover/Desktop/RAG2/Dokuwiki/techset/lib/plugins/markdowku/syntax/ulists.php(79): dokuwiki\ErrorHandler::errorHandler(2, 'Undefined array...', '/Users/atulgrov...', 79)
  #1 /Users/atulgrover/Desktop/RAG2/Dokuwiki/techset/inc/Parsing/Handler/Lists.php(80): Doku_Handler_Markdown_Unordered_List->interpretSyntax('\n    * ', 'u')
  #2 /Users/atulgrover/Desktop/RAG2/Dokuwiki/techset/inc/Parsing/Handler/Lists.php(32): dokuwiki\Parsing\Handler\Lists->listOpen(Array)
  #3 /Users/atulgrover/Desktop/RAG2/Dokuwiki/techset/inc/Parsing/Handler/Lists.php(20): dokuwiki\Parsing\Handler\Lists->process()
  #4 /Users/atulgrover/Desktop/RAG2/Dokuwiki/techset/inc/parser/handler.php(135): dokuwiki\Parsing\Handler\Lists->finalise()
  #5 /Users/atulgrover/Desktop/RAG2/Dokuwiki/techset/inc/Parsing/Parser.php(127): Doku_Handler->finalize()
  #6 /Users/atulgrover/Desktop/RAG2/Dokuwiki/techset/inc/parserutils.php(234): dokuwiki\Parsing\Parser->parse('\n**IV. Asset Ma...')
  #7 /Users/atulgrover/Desktop/RAG2/Dokuwiki/techset/inc/parserutils.php(198): p_get_instructions('**IV. Asset Man...')
  #8 /Users/atulgrover/Desktop/RAG2/Dokuwiki/techset/inc/parserutils.php(520): p_cached_instructions('/Users/atulgrov...', false, 'lexai_agents:in...')
  #9 /Users/atulgrover/Desktop/RAG2/Dokuwiki/techset/inc/parserutils.php(299): p_render_metadata('lexai_agents:in...', Array)
  #10 /Users/atulgrover/Desktop/RAG2/Dokuwiki/techset/inc/parserutils.php(772): p_get_metadata('lexai_agents:in...', 'title', 1)
  #11 /Users/atulgrover/Desktop/RAG2/Dokuwiki/techset/lib/plugins/fuzzysearch/action.php(130): p_get_first_heading('lexai_agents:in...')
  #12 /Users/atulgrover/Desktop/RAG2/Dokuwiki/techset/lib/plugins/fuzzysearch/action.php(106): action_plugin_fuzzysearch->generatePageList()
  #13 /Users/atulgrover/Desktop/RAG2/Dokuwiki/techset/lib/plugins/fuzzysearch/action.php(51): action_plugin_fuzzysearch->ensureCacheExists(true)
  #14 /Users/atulgrover/Desktop/RAG2/Dokuwiki/techset/inc/Extension/EventHandler.php(80): action_plugin_fuzzysearch->update_cache_on_change(Object(dokuwiki\Extension\Event), NULL)
  #15 /Users/atulgrover/Desktop/RAG2/Dokuwiki/techset/inc/Extension/Event.php(75): dokuwiki\Extension\EventHandler->process_event(Object(dokuwiki\Extension\Event), 'BEFORE')
  #16 /Users/atulgrover/Desktop/RAG2/Dokuwiki/techset/inc/Extension/Event.php(133): dokuwiki\Extension\Event->advise_before(false)
  #17 /Users/atulgrover/Desktop/RAG2/Dokuwiki/techset/inc/Extension/Event.php(200): dokuwiki\Extension\Event->trigger(NULL, false)
  #18 /Users/atulgrover/Desktop/RAG2/Dokuwiki/techset/inc/indexer.php(43): dokuwiki\Extension\Event::createAndTrigger('INDEXER_VERSION...', Array, NULL, false)
  #19 /Users/atulgrover/Desktop/RAG2/Dokuwiki/techset/inc/indexer.php(145): idx_get_version()
  #20 /Users/atulgrover/Desktop/RAG2/Dokuwiki/techset/inc/TaskRunner.php(206): idx_addPage('liteparse', true)
  #21 /Users/atulgrover/Desktop/RAG2/Dokuwiki/techset/inc/TaskRunner.php(52): dokuwiki\TaskRunner->runIndexer()
  #22 /Users/atulgrover/Desktop/RAG2/Dokuwiki/techset/lib/exe/taskrunner.php(20): dokuwiki\TaskRunner->run()
  #23 {main}
2026-04-06 07:56:21	/Users/atulgrover/Desktop/RAG2/Dokuwiki/techset/inc/Parsing/Handler/Quote.php(34)	E_WARNING: Undefined array key 0
  #0 /Users/atulgrover/Desktop/RAG2/Dokuwiki/techset/inc/Parsing/Handler/Quote.php(34): dokuwiki\ErrorHandler::errorHandler(2, 'Undefined array...', '/Users/atulgrov...', 34)
  #1 /Users/atulgrover/Desktop/RAG2/Dokuwiki/techset/lib/plugins/markdowku/syntax/blockquotes.php(62): dokuwiki\Parsing\Handler\Quote->process()
  #2 /Users/atulgrover/Desktop/RAG2/Dokuwiki/techset/inc/parser/handler.php(298): syntax_plugin_markdowku_blockquotes->handle('\nD', 4, 611, Object(Doku_Handler))
  #3 /Users/atulgrover/Desktop/RAG2/Dokuwiki/techset/inc/Parsing/Lexer/Lexer.php(269): Doku_Handler->plugin('\nD', 4, 611, 'markdowku_block...')
  #4 /Users/atulgrover/Desktop/RAG2/Dokuwiki/techset/inc/Parsing/Lexer/Lexer.php(189): dokuwiki\Parsing\Lexer\Lexer->invokeHandler('\nD', 4, 611)
  #5 /Users/atulgrover/Desktop/RAG2/Dokuwiki/techset/inc/Parsing/Lexer/Lexer.php(146): dokuwiki\Parsing\Lexer\Lexer->dispatchTokens('', '\nD', '__exit', 611, 611)
  #6 /Users/atulgrover/Desktop/RAG2/Dokuwiki/techset/inc/Parsing/Parser.php(113): dokuwiki\Parsing\Lexer\Lexer->parse('ear Madam/Sir,\n...')
  #7 /Users/atulgrover/Desktop/RAG2/Dokuwiki/techset/inc/parserutils.php(234): dokuwiki\Parsing\Parser->parse('\n<!-- LITEPARSE...')
  #8 /Users/atulgrover/Desktop/RAG2/Dokuwiki/techset/inc/parserutils.php(198): p_get_instructions('<!-- LITEPARSE:...')
  #9 /Users/atulgrover/Desktop/RAG2/Dokuwiki/techset/inc/parserutils.php(520): p_cached_instructions('/Users/atulgrov...', false, 'liteparse')
  #10 /Users/atulgrover/Desktop/RAG2/Dokuwiki/techset/inc/parserutils.php(299): p_render_metadata('liteparse', Array)
  #11 /Users/atulgrover/Desktop/RAG2/Dokuwiki/techset/inc/common.php(265): p_get_metadata('liteparse')
  #12 /Users/atulgrover/Desktop/RAG2/Dokuwiki/techset/doku.php(101): pageinfo()
  #13 {main}
2026-04-06 07:56:21	/Users/atulgrover/Desktop/RAG2/Dokuwiki/techset/inc/Parsing/Handler/Quote.php(34)	E_WARNING: Undefined array key 0
  #0 /Users/atulgrover/Desktop/RAG2/Dokuwiki/techset/inc/Parsing/Handler/Quote.php(34): dokuwiki\ErrorHandler::errorHandler(2, 'Undefined array...', '/Users/atulgrov...', 34)
  #1 /Users/atulgrover/Desktop/RAG2/Dokuwiki/techset/inc/Parsing/Handler/Quote.php(15): dokuwiki\Parsing\Handler\Quote->process()
  #2 /Users/atulgrover/Desktop/RAG2/Dokuwiki/techset/inc/parser/handler.php(135): dokuwiki\Parsing\Handler\Quote->finalise()
  #3 /Users/atulgrover/Desktop/RAG2/Dokuwiki/techset/inc/Parsing/Parser.php(127): Doku_Handler->finalize()
  #4 /Users/atulgrover/Desktop/RAG2/Dokuwiki/techset/inc/parserutils.php(234): dokuwiki\Parsing\Parser->parse('\n<!-- LITEPARSE...')
  #5 /Users/atulgrover/Desktop/RAG2/Dokuwiki/techset/inc/parserutils.php(198): p_get_instructions('<!-- LITEPARSE:...')
  #6 /Users/atulgrover/Desktop/RAG2/Dokuwiki/techset/inc/parserutils.php(520): p_cached_instructions('/Users/atulgrov...', false, 'liteparse')
  #7 /Users/atulgrover/Desktop/RAG2/Dokuwiki/techset/inc/parserutils.php(299): p_render_metadata('liteparse', Array)
  #8 /Users/atulgrover/Desktop/RAG2/Dokuwiki/techset/inc/common.php(265): p_get_metadata('liteparse')
  #9 /Users/atulgrover/Desktop/RAG2/Dokuwiki/techset/doku.php(101): pageinfo()
  #10 {main}
2026-04-06 07:56:21	/Users/atulgrover/Desktop/RAG2/Dokuwiki/techset/lib/plugins/markdowku/syntax/ulists.php(79)	E_WARNING: Undefined array key 2
  #0 /Users/atulgrover/Desktop/RAG2/Dokuwiki/techset/lib/plugins/markdowku/syntax/ulists.php(79): dokuwiki\ErrorHandler::errorHandler(2, 'Undefined array...', '/Users/atulgrov...', 79)
  #1 /Users/atulgrover/Desktop/RAG2/Dokuwiki/techset/inc/Parsing/Handler/Lists.php(80): Doku_Handler_Markdown_Unordered_List->interpretSyntax('\n    * ', 'u')
  #2 /Users/atulgrover/Desktop/RAG2/Dokuwiki/techset/inc/Parsing/Handler/Lists.php(32): dokuwiki\Parsing\Handler\Lists->listOpen(Array)
  #3 /Users/atulgrover/Desktop/RAG2/Dokuwiki/techset/inc/Parsing/Handler/Lists.php(20): dokuwiki\Parsing\Handler\Lists->process()
  #4 /Users/atulgrover/Desktop/RAG2/Dokuwiki/techset/inc/parser/handler.php(135): dokuwiki\Parsing\Handler\Lists->finalise()
  #5 /Users/atulgrover/Desktop/RAG2/Dokuwiki/techset/inc/Parsing/Parser.php(127): Doku_Handler->finalize()
  #6 /Users/atulgrover/Desktop/RAG2/Dokuwiki/techset/inc/parserutils.php(234): dokuwiki\Parsing\Parser->parse('\n{{tagfilter>Ag...')
  #7 /Users/atulgrover/Desktop/RAG2/Dokuwiki/techset/inc/parserutils.php(198): p_get_instructions('{{tagfilter>Age...')
  #8 /Users/atulgrover/Desktop/RAG2/Dokuwiki/techset/inc/parserutils.php(520): p_cached_instructions('/Users/atulgrov...', false, 'lexai_agents:in...')
  #9 /Users/atulgrover/Desktop/RAG2/Dokuwiki/techset/inc/parserutils.php(299): p_render_metadata('lexai_agents:in...', Array)
  #10 /Users/atulgrover/Desktop/RAG2/Dokuwiki/techset/inc/parserutils.php(772): p_get_metadata('lexai_agents:in...', 'title', 1)
  #11 /Users/atulgrover/Desktop/RAG2/Dokuwiki/techset/lib/plugins/fuzzysearch/action.php(130): p_get_first_heading('lexai_agents:in...')
  #12 /Users/atulgrover/Desktop/RAG2/Dokuwiki/techset/lib/plugins/fuzzysearch/action.php(106): action_plugin_fuzzysearch->generatePageList()
  #13 /Users/atulgrover/Desktop/RAG2/Dokuwiki/techset/lib/plugins/fuzzysearch/action.php(51): action_plugin_fuzzysearch->ensureCacheExists(true)
  #14 /Users/atulgrover/Desktop/RAG2/Dokuwiki/techset/inc/Extension/EventHandler.php(80): action_plugin_fuzzysearch->update_cache_on_change(Object(dokuwiki\Extension\Event), NULL)
  #15 /Users/atulgrover/Desktop/RAG2/Dokuwiki/techset/inc/Extension/Event.php(75): dokuwiki\Extension\EventHandler->process_event(Object(dokuwiki\Extension\Event), 'BEFORE')
  #16 /Users/atulgrover/Desktop/RAG2/Dokuwiki/techset/inc/Extension/Event.php(133): dokuwiki\Extension\Event->advise_before(false)
  #17 /Users/atulgrover/Desktop/RAG2/Dokuwiki/techset/inc/Extension/Event.php(200): dokuwiki\Extension\Event->trigger(NULL, false)
  #18 /Users/atulgrover/Desktop/RAG2/Dokuwiki/techset/inc/indexer.php(43): dokuwiki\Extension\Event::createAndTrigger('INDEXER_VERSION...', Array, NULL, false)
  #19 /Users/atulgrover/Desktop/RAG2/Dokuwiki/techset/inc/indexer.php(145): idx_get_version()
  #20 /Users/atulgrover/Desktop/RAG2/Dokuwiki/techset/inc/TaskRunner.php(206): idx_addPage('liteparse', true)
  #21 /Users/atulgrover/Desktop/RAG2/Dokuwiki/techset/inc/TaskRunner.php(52): dokuwiki\TaskRunner->runIndexer()
  #22 /Users/atulgrover/Desktop/RAG2/Dokuwiki/techset/lib/exe/taskrunner.php(20): dokuwiki\TaskRunner->run()
  #23 {main}
2026-04-06 07:56:22	/Users/atulgrover/Desktop/RAG2/Dokuwiki/techset/inc/Parsing/Handler/Quote.php(34)	E_WARNING: Undefined array key 0
  #0 /Users/atulgrover/Desktop/RAG2/Dokuwiki/techset/inc/Parsing/Handler/Quote.php(34): dokuwiki\ErrorHandler::errorHandler(2, 'Undefined array...', '/Users/atulgrov...', 34)
  #1 /Users/atulgrover/Desktop/RAG2/Dokuwiki/techset/lib/plugins/markdowku/syntax/blockquotes.php(62): dokuwiki\Parsing\Handler\Quote->process()
  #2 /Users/atulgrover/Desktop/RAG2/Dokuwiki/techset/inc/parser/handler.php(298): syntax_plugin_markdowku_blockquotes->handle('\nD', 4, 611, Object(Doku_Handler))
  #3 /Users/atulgrover/Desktop/RAG2/Dokuwiki/techset/inc/Parsing/Lexer/Lexer.php(269): Doku_Handler->plugin('\nD', 4, 611, 'markdowku_block...')
  #4 /Users/atulgrover/Desktop/RAG2/Dokuwiki/techset/inc/Parsing/Lexer/Lexer.php(189): dokuwiki\Parsing\Lexer\Lexer->invokeHandler('\nD', 4, 611)
  #5 /Users/atulgrover/Desktop/RAG2/Dokuwiki/techset/inc/Parsing/Lexer/Lexer.php(146): dokuwiki\Parsing\Lexer\Lexer->dispatchTokens('', '\nD', '__exit', 611, 611)
  #6 /Users/atulgrover/Desktop/RAG2/Dokuwiki/techset/inc/Parsing/Parser.php(113): dokuwiki\Parsing\Lexer\Lexer->parse('ear Madam/Sir,\n...')
  #7 /Users/atulgrover/Desktop/RAG2/Dokuwiki/techset/inc/parserutils.php(234): dokuwiki\Parsing\Parser->parse('\n<!-- LITEPARSE...')
  #8 /Users/atulgrover/Desktop/RAG2/Dokuwiki/techset/inc/parserutils.php(198): p_get_instructions('<!-- LITEPARSE:...')
  #9 /Users/atulgrover/Desktop/RAG2/Dokuwiki/techset/inc/parserutils.php(520): p_cached_instructions('/Users/atulgrov...', false, 'liteparse')
  #10 /Users/atulgrover/Desktop/RAG2/Dokuwiki/techset/inc/parserutils.php(299): p_render_metadata('liteparse', Array)
  #11 /Users/atulgrover/Desktop/RAG2/Dokuwiki/techset/inc/indexer.php(154): p_get_metadata('liteparse', 'internal index', 4)
  #12 /Users/atulgrover/Desktop/RAG2/Dokuwiki/techset/inc/TaskRunner.php(206): idx_addPage('liteparse', true)
  #13 /Users/atulgrover/Desktop/RAG2/Dokuwiki/techset/inc/TaskRunner.php(52): dokuwiki\TaskRunner->runIndexer()
  #14 /Users/atulgrover/Desktop/RAG2/Dokuwiki/techset/lib/exe/taskrunner.php(20): dokuwiki\TaskRunner->run()
  #15 {main}
2026-04-06 07:56:22	/Users/atulgrover/Desktop/RAG2/Dokuwiki/techset/inc/Parsing/Handler/Quote.php(34)	E_WARNING: Undefined array key 0
  #0 /Users/atulgrover/Desktop/RAG2/Dokuwiki/techset/inc/Parsing/Handler/Quote.php(34): dokuwiki\ErrorHandler::errorHandler(2, 'Undefined array...', '/Users/atulgrov...', 34)
  #1 /Users/atulgrover/Desktop/RAG2/Dokuwiki/techset/inc/Parsing/Handler/Quote.php(15): dokuwiki\Parsing\Handler\Quote->process()
  #2 /Users/atulgrover/Desktop/RAG2/Dokuwiki/techset/inc/parser/handler.php(135): dokuwiki\Parsing\Handler\Quote->finalise()
  #3 /Users/atulgrover/Desktop/RAG2/Dokuwiki/techset/inc/Parsing/Parser.php(127): Doku_Handler->finalize()
  #4 /Users/atulgrover/Desktop/RAG2/Dokuwiki/techset/inc/parserutils.php(234): dokuwiki\Parsing\Parser->parse('\n<!-- LITEPARSE...')
  #5 /Users/atulgrover/Desktop/RAG2/Dokuwiki/techset/inc/parserutils.php(198): p_get_instructions('<!-- LITEPARSE:...')
  #6 /Users/atulgrover/Desktop/RAG2/Dokuwiki/techset/inc/parserutils.php(520): p_cached_instructions('/Users/atulgrov...', false, 'liteparse')
  #7 /Users/atulgrover/Desktop/RAG2/Dokuwiki/techset/inc/parserutils.php(299): p_render_metadata('liteparse', Array)
  #8 /Users/atulgrover/Desktop/RAG2/Dokuwiki/techset/inc/indexer.php(154): p_get_metadata('liteparse', 'internal index', 4)
  #9 /Users/atulgrover/Desktop/RAG2/Dokuwiki/techset/inc/TaskRunner.php(206): idx_addPage('liteparse', true)
  #10 /Users/atulgrover/Desktop/RAG2/Dokuwiki/techset/inc/TaskRunner.php(52): dokuwiki\TaskRunner->runIndexer()
  #11 /Users/atulgrover/Desktop/RAG2/Dokuwiki/techset/lib/exe/taskrunner.php(20): dokuwiki\TaskRunner->run()
  #12 {main}
2026-04-06 07:56:25	/Users/atulgrover/Desktop/RAG2/Dokuwiki/techset/lib/plugins/markdowku/syntax/ulists.php(79)	E_WARNING: Undefined array key 2
  #0 /Users/atulgrover/Desktop/RAG2/Dokuwiki/techset/lib/plugins/markdowku/syntax/ulists.php(79): dokuwiki\ErrorHandler::errorHandler(2, 'Undefined array...', '/Users/atulgrov...', 79)
  #1 /Users/atulgrover/Desktop/RAG2/Dokuwiki/techset/inc/Parsing/Handler/Lists.php(80): Doku_Handler_Markdown_Unordered_List->interpretSyntax('\n    * ', 'u')
  #2 /Users/atulgrover/Desktop/RAG2/Dokuwiki/techset/inc/Parsing/Handler/Lists.php(32): dokuwiki\Parsing\Handler\Lists->listOpen(Array)
  #3 /Users/atulgrover/Desktop/RAG2/Dokuwiki/techset/inc/Parsing/Handler/Lists.php(20): dokuwiki\Parsing\Handler\Lists->process()
  #4 /Users/atulgrover/Desktop/RAG2/Dokuwiki/techset/inc/parser/handler.php(135): dokuwiki\Parsing\Handler\Lists->finalise()
  #5 /Users/atulgrover/Desktop/RAG2/Dokuwiki/techset/inc/Parsing/Parser.php(127): Doku_Handler->finalize()
  #6 /Users/atulgrover/Desktop/RAG2/Dokuwiki/techset/inc/parserutils.php(234): dokuwiki\Parsing\Parser->parse('\n{{tagfilter>Ag...')
  #7 /Users/atulgrover/Desktop/RAG2/Dokuwiki/techset/inc/parserutils.php(198): p_get_instructions('{{tagfilter>Age...')
  #8 /Users/atulgrover/Desktop/RAG2/Dokuwiki/techset/inc/parserutils.php(520): p_cached_instructions('/Users/atulgrov...', false, 'lexai_agents:in...')
  #9 /Users/atulgrover/Desktop/RAG2/Dokuwiki/techset/inc/parserutils.php(299): p_render_metadata('lexai_agents:in...', Array)
  #10 /Users/atulgrover/Desktop/RAG2/Dokuwiki/techset/inc/parserutils.php(772): p_get_metadata('lexai_agents:in...', 'title', 1)
  #11 /Users/atulgrover/Desktop/RAG2/Dokuwiki/techset/lib/plugins/fuzzysearch/action.php(130): p_get_first_heading('lexai_agents:in...')
  #12 /Users/atulgrover/Desktop/RAG2/Dokuwiki/techset/lib/plugins/fuzzysearch/action.php(106): action_plugin_fuzzysearch->generatePageList()
  #13 /Users/atulgrover/Desktop/RAG2/Dokuwiki/techset/lib/plugins/fuzzysearch/action.php(51): action_plugin_fuzzysearch->ensureCacheExists(true)
  #14 /Users/atulgrover/Desktop/RAG2/Dokuwiki/techset/inc/Extension/EventHandler.php(80): action_plugin_fuzzysearch->update_cache_on_change(Object(dokuwiki\Extension\Event), NULL)
  #15 /Users/atulgrover/Desktop/RAG2/Dokuwiki/techset/inc/Extension/Event.php(75): dokuwiki\Extension\EventHandler->process_event(Object(dokuwiki\Extension\Event), 'BEFORE')
  #16 /Users/atulgrover/Desktop/RAG2/Dokuwiki/techset/inc/Extension/Event.php(133): dokuwiki\Extension\Event->advise_before(false)
  #17 /Users/atulgrover/Desktop/RAG2/Dokuwiki/techset/inc/Extension/Event.php(200): dokuwiki\Extension\Event->trigger(NULL, false)
  #18 /Users/atulgrover/Desktop/RAG2/Dokuwiki/techset/inc/indexer.php(43): dokuwiki\Extension\Event::createAndTrigger('INDEXER_VERSION...', Array, NULL, false)
  #19 /Users/atulgrover/Desktop/RAG2/Dokuwiki/techset/inc/indexer.php(145): idx_get_version()
  #20 /Users/atulgrover/Desktop/RAG2/Dokuwiki/techset/inc/TaskRunner.php(206): idx_addPage('liteparse', true)
  #21 /Users/atulgrover/Desktop/RAG2/Dokuwiki/techset/inc/TaskRunner.php(52): dokuwiki\TaskRunner->runIndexer()
  #22 /Users/atulgrover/Desktop/RAG2/Dokuwiki/techset/lib/exe/taskrunner.php(20): dokuwiki\TaskRunner->run()
  #23 {main}
2026-04-06 07:56:28	/Users/atulgrover/Desktop/RAG2/Dokuwiki/techset/inc/Parsing/Handler/Quote.php(34)	E_WARNING: Undefined array key 0
  #0 /Users/atulgrover/Desktop/RAG2/Dokuwiki/techset/inc/Parsing/Handler/Quote.php(34): dokuwiki\ErrorHandler::errorHandler(2, 'Undefined array...', '/Users/atulgrov...', 34)
  #1 /Users/atulgrover/Desktop/RAG2/Dokuwiki/techset/lib/plugins/markdowku/syntax/blockquotes.php(62): dokuwiki\Parsing\Handler\Quote->process()
  #2 /Users/atulgrover/Desktop/RAG2/Dokuwiki/techset/inc/parser/handler.php(298): syntax_plugin_markdowku_blockquotes->handle('\nD', 4, 611, Object(Doku_Handler))
  #3 /Users/atulgrover/Desktop/RAG2/Dokuwiki/techset/inc/Parsing/Lexer/Lexer.php(269): Doku_Handler->plugin('\nD', 4, 611, 'markdowku_block...')
  #4 /Users/atulgrover/Desktop/RAG2/Dokuwiki/techset/inc/Parsing/Lexer/Lexer.php(189): dokuwiki\Parsing\Lexer\Lexer->invokeHandler('\nD', 4, 611)
  #5 /Users/atulgrover/Desktop/RAG2/Dokuwiki/techset/inc/Parsing/Lexer/Lexer.php(146): dokuwiki\Parsing\Lexer\Lexer->dispatchTokens('', '\nD', '__exit', 611, 611)
  #6 /Users/atulgrover/Desktop/RAG2/Dokuwiki/techset/inc/Parsing/Parser.php(113): dokuwiki\Parsing\Lexer\Lexer->parse('ear Madam/Sir,\n...')
  #7 /Users/atulgrover/Desktop/RAG2/Dokuwiki/techset/inc/parserutils.php(234): dokuwiki\Parsing\Parser->parse('\n<!-- LITEPARSE...')
  #8 /Users/atulgrover/Desktop/RAG2/Dokuwiki/techset/inc/parserutils.php(198): p_get_instructions('<!-- LITEPARSE:...')
  #9 /Users/atulgrover/Desktop/RAG2/Dokuwiki/techset/inc/parserutils.php(520): p_cached_instructions('/Users/atulgrov...', false, 'liteparse')
  #10 /Users/atulgrover/Desktop/RAG2/Dokuwiki/techset/inc/parserutils.php(299): p_render_metadata('liteparse', Array)
  #11 /Users/atulgrover/Desktop/RAG2/Dokuwiki/techset/inc/common.php(265): p_get_metadata('liteparse')
  #12 /Users/atulgrover/Desktop/RAG2/Dokuwiki/techset/doku.php(101): pageinfo()
  #13 {main}
2026-04-06 07:56:28	/Users/atulgrover/Desktop/RAG2/Dokuwiki/techset/inc/Parsing/Handler/Quote.php(34)	E_WARNING: Undefined array key 0
  #0 /Users/atulgrover/Desktop/RAG2/Dokuwiki/techset/inc/Parsing/Handler/Quote.php(34): dokuwiki\ErrorHandler::errorHandler(2, 'Undefined array...', '/Users/atulgrov...', 34)
  #1 /Users/atulgrover/Desktop/RAG2/Dokuwiki/techset/inc/Parsing/Handler/Quote.php(15): dokuwiki\Parsing\Handler\Quote->process()
  #2 /Users/atulgrover/Desktop/RAG2/Dokuwiki/techset/inc/parser/handler.php(135): dokuwiki\Parsing\Handler\Quote->finalise()
  #3 /Users/atulgrover/Desktop/RAG2/Dokuwiki/techset/inc/Parsing/Parser.php(127): Doku_Handler->finalize()
  #4 /Users/atulgrover/Desktop/RAG2/Dokuwiki/techset/inc/parserutils.php(234): dokuwiki\Parsing\Parser->parse('\n<!-- LITEPARSE...')
  #5 /Users/atulgrover/Desktop/RAG2/Dokuwiki/techset/inc/parserutils.php(198): p_get_instructions('<!-- LITEPARSE:...')
  #6 /Users/atulgrover/Desktop/RAG2/Dokuwiki/techset/inc/parserutils.php(520): p_cached_instructions('/Users/atulgrov...', false, 'liteparse')
  #7 /Users/atulgrover/Desktop/RAG2/Dokuwiki/techset/inc/parserutils.php(299): p_render_metadata('liteparse', Array)
  #8 /Users/atulgrover/Desktop/RAG2/Dokuwiki/techset/inc/common.php(265): p_get_metadata('liteparse')
  #9 /Users/atulgrover/Desktop/RAG2/Dokuwiki/techset/doku.php(101): pageinfo()
  #10 {main}
2026-04-06 07:56:28	/Users/atulgrover/Desktop/RAG2/Dokuwiki/techset/lib/plugins/markdowku/syntax/ulists.php(79)	E_WARNING: Undefined array key 2
  #0 /Users/atulgrover/Desktop/RAG2/Dokuwiki/techset/lib/plugins/markdowku/syntax/ulists.php(79): dokuwiki\ErrorHandler::errorHandler(2, 'Undefined array...', '/Users/atulgrov...', 79)
  #1 /Users/atulgrover/Desktop/RAG2/Dokuwiki/techset/inc/Parsing/Handler/Lists.php(80): Doku_Handler_Markdown_Unordered_List->interpretSyntax('\n    * ', 'u')
  #2 /Users/atulgrover/Desktop/RAG2/Dokuwiki/techset/inc/Parsing/Handler/Lists.php(32): dokuwiki\Parsing\Handler\Lists->listOpen(Array)
  #3 /Users/atulgrover/Desktop/RAG2/Dokuwiki/techset/inc/Parsing/Handler/Lists.php(20): dokuwiki\Parsing\Handler\Lists->process()
  #4 /Users/atulgrover/Desktop/RAG2/Dokuwiki/techset/inc/parser/handler.php(135): dokuwiki\Parsing\Handler\Lists->finalise()
  #5 /Users/atulgrover/Desktop/RAG2/Dokuwiki/techset/inc/Parsing/Parser.php(127): Doku_Handler->finalize()
  #6 /Users/atulgrover/Desktop/RAG2/Dokuwiki/techset/inc/parserutils.php(234): dokuwiki\Parsing\Parser->parse('\n**V. Intellige...')
  #7 /Users/atulgrover/Desktop/RAG2/Dokuwiki/techset/inc/parserutils.php(198): p_get_instructions('**V. Intelligen...')
  #8 /Users/atulgrover/Desktop/RAG2/Dokuwiki/techset/inc/parserutils.php(520): p_cached_instructions('/Users/atulgrov...', false, 'lexai_agents:in...')
  #9 /Users/atulgrover/Desktop/RAG2/Dokuwiki/techset/inc/parserutils.php(299): p_render_metadata('lexai_agents:in...', Array)
  #10 /Users/atulgrover/Desktop/RAG2/Dokuwiki/techset/inc/parserutils.php(772): p_get_metadata('lexai_agents:in...', 'title', 1)
  #11 /Users/atulgrover/Desktop/RAG2/Dokuwiki/techset/lib/plugins/fuzzysearch/action.php(130): p_get_first_heading('lexai_agents:in...')
  #12 /Users/atulgrover/Desktop/RAG2/Dokuwiki/techset/lib/plugins/fuzzysearch/action.php(106): action_plugin_fuzzysearch->generatePageList()
  #13 /Users/atulgrover/Desktop/RAG2/Dokuwiki/techset/lib/plugins/fuzzysearch/action.php(51): action_plugin_fuzzysearch->ensureCacheExists(true)
  #14 /Users/atulgrover/Desktop/RAG2/Dokuwiki/techset/inc/Extension/EventHandler.php(80): action_plugin_fuzzysearch->update_cache_on_change(Object(dokuwiki\Extension\Event), NULL)
  #15 /Users/atulgrover/Desktop/RAG2/Dokuwiki/techset/inc/Extension/Event.php(75): dokuwiki\Extension\EventHandler->process_event(Object(dokuwiki\Extension\Event), 'BEFORE')
  #16 /Users/atulgrover/Desktop/RAG2/Dokuwiki/techset/inc/Extension/Event.php(133): dokuwiki\Extension\Event->advise_before(false)
  #17 /Users/atulgrover/Desktop/RAG2/Dokuwiki/techset/inc/Extension/Event.php(200): dokuwiki\Extension\Event->trigger(NULL, false)
  #18 /Users/atulgrover/Desktop/RAG2/Dokuwiki/techset/inc/indexer.php(43): dokuwiki\Extension\Event::createAndTrigger('INDEXER_VERSION...', Array, NULL, false)
  #19 /Users/atulgrover/Desktop/RAG2/Dokuwiki/techset/inc/indexer.php(145): idx_get_version()
  #20 /Users/atulgrover/Desktop/RAG2/Dokuwiki/techset/inc/TaskRunner.php(206): idx_addPage('liteparse', true)
  #21 /Users/atulgrover/Desktop/RAG2/Dokuwiki/techset/inc/TaskRunner.php(52): dokuwiki\TaskRunner->runIndexer()
  #22 /Users/atulgrover/Desktop/RAG2/Dokuwiki/techset/lib/exe/taskrunner.php(20): dokuwiki\TaskRunner->run()
  #23 {main}
2026-04-06 07:56:28	/Users/atulgrover/Desktop/RAG2/Dokuwiki/techset/inc/Parsing/Handler/Quote.php(34)	E_WARNING: Undefined array key 0
  #0 /Users/atulgrover/Desktop/RAG2/Dokuwiki/techset/inc/Parsing/Handler/Quote.php(34): dokuwiki\ErrorHandler::errorHandler(2, 'Undefined array...', '/Users/atulgrov...', 34)
  #1 /Users/atulgrover/Desktop/RAG2/Dokuwiki/techset/lib/plugins/markdowku/syntax/blockquotes.php(62): dokuwiki\Parsing\Handler\Quote->process()
  #2 /Users/atulgrover/Desktop/RAG2/Dokuwiki/techset/inc/parser/handler.php(298): syntax_plugin_markdowku_blockquotes->handle('\nD', 4, 611, Object(Doku_Handler))
  #3 /Users/atulgrover/Desktop/RAG2/Dokuwiki/techset/inc/Parsing/Lexer/Lexer.php(269): Doku_Handler->plugin('\nD', 4, 611, 'markdowku_block...')
  #4 /Users/atulgrover/Desktop/RAG2/Dokuwiki/techset/inc/Parsing/Lexer/Lexer.php(189): dokuwiki\Parsing\Lexer\Lexer->invokeHandler('\nD', 4, 611)
  #5 /Users/atulgrover/Desktop/RAG2/Dokuwiki/techset/inc/Parsing/Lexer/Lexer.php(146): dokuwiki\Parsing\Lexer\Lexer->dispatchTokens('', '\nD', '__exit', 611, 611)
  #6 /Users/atulgrover/Desktop/RAG2/Dokuwiki/techset/inc/Parsing/Parser.php(113): dokuwiki\Parsing\Lexer\Lexer->parse('ear Madam/Sir,\n...')
  #7 /Users/atulgrover/Desktop/RAG2/Dokuwiki/techset/inc/parserutils.php(234): dokuwiki\Parsing\Parser->parse('\n<!-- LITEPARSE...')
  #8 /Users/atulgrover/Desktop/RAG2/Dokuwiki/techset/inc/parserutils.php(198): p_get_instructions('<!-- LITEPARSE:...')
  #9 /Users/atulgrover/Desktop/RAG2/Dokuwiki/techset/inc/parserutils.php(520): p_cached_instructions('/Users/atulgrov...', false, 'liteparse')
  #10 /Users/atulgrover/Desktop/RAG2/Dokuwiki/techset/inc/parserutils.php(299): p_render_metadata('liteparse', Array)
  #11 /Users/atulgrover/Desktop/RAG2/Dokuwiki/techset/inc/indexer.php(154): p_get_metadata('liteparse', 'internal index', 4)
  #12 /Users/atulgrover/Desktop/RAG2/Dokuwiki/techset/inc/TaskRunner.php(206): idx_addPage('liteparse', true)
  #13 /Users/atulgrover/Desktop/RAG2/Dokuwiki/techset/inc/TaskRunner.php(52): dokuwiki\TaskRunner->runIndexer()
  #14 /Users/atulgrover/Desktop/RAG2/Dokuwiki/techset/lib/exe/taskrunner.php(20): dokuwiki\TaskRunner->run()
  #15 {main}
2026-04-06 07:56:28	/Users/atulgrover/Desktop/RAG2/Dokuwiki/techset/inc/Parsing/Handler/Quote.php(34)	E_WARNING: Undefined array key 0
  #0 /Users/atulgrover/Desktop/RAG2/Dokuwiki/techset/inc/Parsing/Handler/Quote.php(34): dokuwiki\ErrorHandler::errorHandler(2, 'Undefined array...', '/Users/atulgrov...', 34)
  #1 /Users/atulgrover/Desktop/RAG2/Dokuwiki/techset/inc/Parsing/Handler/Quote.php(15): dokuwiki\Parsing\Handler\Quote->process()
  #2 /Users/atulgrover/Desktop/RAG2/Dokuwiki/techset/inc/parser/handler.php(135): dokuwiki\Parsing\Handler\Quote->finalise()
  #3 /Users/atulgrover/Desktop/RAG2/Dokuwiki/techset/inc/Parsing/Parser.php(127): Doku_Handler->finalize()
  #4 /Users/atulgrover/Desktop/RAG2/Dokuwiki/techset/inc/parserutils.php(234): dokuwiki\Parsing\Parser->parse('\n<!-- LITEPARSE...')
  #5 /Users/atulgrover/Desktop/RAG2/Dokuwiki/techset/inc/parserutils.php(198): p_get_instructions('<!-- LITEPARSE:...')
  #6 /Users/atulgrover/Desktop/RAG2/Dokuwiki/techset/inc/parserutils.php(520): p_cached_instructions('/Users/atulgrov...', false, 'liteparse')
  #7 /Users/atulgrover/Desktop/RAG2/Dokuwiki/techset/inc/parserutils.php(299): p_render_metadata('liteparse', Array)
  #8 /Users/atulgrover/Desktop/RAG2/Dokuwiki/techset/inc/indexer.php(154): p_get_metadata('liteparse', 'internal index', 4)
  #9 /Users/atulgrover/Desktop/RAG2/Dokuwiki/techset/inc/TaskRunner.php(206): idx_addPage('liteparse', true)
  #10 /Users/atulgrover/Desktop/RAG2/Dokuwiki/techset/inc/TaskRunner.php(52): dokuwiki\TaskRunner->runIndexer()
  #11 /Users/atulgrover/Desktop/RAG2/Dokuwiki/techset/lib/exe/taskrunner.php(20): dokuwiki\TaskRunner->run()
  #12 {main}
2026-04-06 07:56:30	/Users/atulgrover/Desktop/RAG2/Dokuwiki/techset/inc/Parsing/Handler/Quote.php(34)	E_WARNING: Undefined array key 0
  #0 /Users/atulgrover/Desktop/RAG2/Dokuwiki/techset/inc/Parsing/Handler/Quote.php(34): dokuwiki\ErrorHandler::errorHandler(2, 'Undefined array...', '/Users/atulgrov...', 34)
  #1 /Users/atulgrover/Desktop/RAG2/Dokuwiki/techset/lib/plugins/markdowku/syntax/blockquotes.php(62): dokuwiki\Parsing\Handler\Quote->process()
  #2 /Users/atulgrover/Desktop/RAG2/Dokuwiki/techset/inc/parser/handler.php(298): syntax_plugin_markdowku_blockquotes->handle('\nD', 4, 611, Object(Doku_Handler))
  #3 /Users/atulgrover/Desktop/RAG2/Dokuwiki/techset/inc/Parsing/Lexer/Lexer.php(269): Doku_Handler->plugin('\nD', 4, 611, 'markdowku_block...')
  #4 /Users/atulgrover/Desktop/RAG2/Dokuwiki/techset/inc/Parsing/Lexer/Lexer.php(189): dokuwiki\Parsing\Lexer\Lexer->invokeHandler('\nD', 4, 611)
  #5 /Users/atulgrover/Desktop/RAG2/Dokuwiki/techset/inc/Parsing/Lexer/Lexer.php(146): dokuwiki\Parsing\Lexer\Lexer->dispatchTokens('', '\nD', '__exit', 611, 611)
  #6 /Users/atulgrover/Desktop/RAG2/Dokuwiki/techset/inc/Parsing/Parser.php(113): dokuwiki\Parsing\Lexer\Lexer->parse('ear Madam/Sir,\n...')
  #7 /Users/atulgrover/Desktop/RAG2/Dokuwiki/techset/inc/parserutils.php(234): dokuwiki\Parsing\Parser->parse('\n<!-- LITEPARSE...')
  #8 /Users/atulgrover/Desktop/RAG2/Dokuwiki/techset/inc/parserutils.php(198): p_get_instructions('<!-- LITEPARSE:...')
  #9 /Users/atulgrover/Desktop/RAG2/Dokuwiki/techset/inc/parserutils.php(520): p_cached_instructions('/Users/atulgrov...', false, 'liteparse')
  #10 /Users/atulgrover/Desktop/RAG2/Dokuwiki/techset/inc/parserutils.php(299): p_render_metadata('liteparse', Array)
  #11 /Users/atulgrover/Desktop/RAG2/Dokuwiki/techset/inc/common.php(265): p_get_metadata('liteparse')
  #12 /Users/atulgrover/Desktop/RAG2/Dokuwiki/techset/doku.php(101): pageinfo()
  #13 {main}
2026-04-06 07:56:30	/Users/atulgrover/Desktop/RAG2/Dokuwiki/techset/inc/Parsing/Handler/Quote.php(34)	E_WARNING: Undefined array key 0
  #0 /Users/atulgrover/Desktop/RAG2/Dokuwiki/techset/inc/Parsing/Handler/Quote.php(34): dokuwiki\ErrorHandler::errorHandler(2, 'Undefined array...', '/Users/atulgrov...', 34)
  #1 /Users/atulgrover/Desktop/RAG2/Dokuwiki/techset/inc/Parsing/Handler/Quote.php(15): dokuwiki\Parsing\Handler\Quote->process()
  #2 /Users/atulgrover/Desktop/RAG2/Dokuwiki/techset/inc/parser/handler.php(135): dokuwiki\Parsing\Handler\Quote->finalise()
  #3 /Users/atulgrover/Desktop/RAG2/Dokuwiki/techset/inc/Parsing/Parser.php(127): Doku_Handler->finalize()
  #4 /Users/atulgrover/Desktop/RAG2/Dokuwiki/techset/inc/parserutils.php(234): dokuwiki\Parsing\Parser->parse('\n<!-- LITEPARSE...')
  #5 /Users/atulgrover/Desktop/RAG2/Dokuwiki/techset/inc/parserutils.php(198): p_get_instructions('<!-- LITEPARSE:...')
  #6 /Users/atulgrover/Desktop/RAG2/Dokuwiki/techset/inc/parserutils.php(520): p_cached_instructions('/Users/atulgrov...', false, 'liteparse')
  #7 /Users/atulgrover/Desktop/RAG2/Dokuwiki/techset/inc/parserutils.php(299): p_render_metadata('liteparse', Array)
  #8 /Users/atulgrover/Desktop/RAG2/Dokuwiki/techset/inc/common.php(265): p_get_metadata('liteparse')
  #9 /Users/atulgrover/Desktop/RAG2/Dokuwiki/techset/doku.php(101): pageinfo()
  #10 {main}
2026-04-06 07:56:30	/Users/atulgrover/Desktop/RAG2/Dokuwiki/techset/lib/plugins/markdowku/syntax/ulists.php(79)	E_WARNING: Undefined array key 2
  #0 /Users/atulgrover/Desktop/RAG2/Dokuwiki/techset/lib/plugins/markdowku/syntax/ulists.php(79): dokuwiki\ErrorHandler::errorHandler(2, 'Undefined array...', '/Users/atulgrov...', 79)
  #1 /Users/atulgrover/Desktop/RAG2/Dokuwiki/techset/inc/Parsing/Handler/Lists.php(80): Doku_Handler_Markdown_Unordered_List->interpretSyntax('\n    * ', 'u')
  #2 /Users/atulgrover/Desktop/RAG2/Dokuwiki/techset/inc/Parsing/Handler/Lists.php(32): dokuwiki\Parsing\Handler\Lists->listOpen(Array)
  #3 /Users/atulgrover/Desktop/RAG2/Dokuwiki/techset/inc/Parsing/Handler/Lists.php(20): dokuwiki\Parsing\Handler\Lists->process()
  #4 /Users/atulgrover/Desktop/RAG2/Dokuwiki/techset/inc/parser/handler.php(135): dokuwiki\Parsing\Handler\Lists->finalise()
  #5 /Users/atulgrover/Desktop/RAG2/Dokuwiki/techset/inc/Parsing/Parser.php(127): Doku_Handler->finalize()
  #6 /Users/atulgrover/Desktop/RAG2/Dokuwiki/techset/inc/parserutils.php(234): dokuwiki\Parsing\Parser->parse('\n**III. Legal &...')
  #7 /Users/atulgrover/Desktop/RAG2/Dokuwiki/techset/inc/parserutils.php(198): p_get_instructions('**III. Legal & ...')
  #8 /Users/atulgrover/Desktop/RAG2/Dokuwiki/techset/inc/parserutils.php(520): p_cached_instructions('/Users/atulgrov...', false, 'lexai_agents:in...')
  #9 /Users/atulgrover/Desktop/RAG2/Dokuwiki/techset/inc/parserutils.php(299): p_render_metadata('lexai_agents:in...', Array)
  #10 /Users/atulgrover/Desktop/RAG2/Dokuwiki/techset/inc/parserutils.php(772): p_get_metadata('lexai_agents:in...', 'title', 1)
  #11 /Users/atulgrover/Desktop/RAG2/Dokuwiki/techset/lib/plugins/fuzzysearch/action.php(130): p_get_first_heading('lexai_agents:in...')
  #12 /Users/atulgrover/Desktop/RAG2/Dokuwiki/techset/lib/plugins/fuzzysearch/action.php(106): action_plugin_fuzzysearch->generatePageList()
  #13 /Users/atulgrover/Desktop/RAG2/Dokuwiki/techset/lib/plugins/fuzzysearch/action.php(51): action_plugin_fuzzysearch->ensureCacheExists(true)
  #14 /Users/atulgrover/Desktop/RAG2/Dokuwiki/techset/inc/Extension/EventHandler.php(80): action_plugin_fuzzysearch->update_cache_on_change(Object(dokuwiki\Extension\Event), NULL)
  #15 /Users/atulgrover/Desktop/RAG2/Dokuwiki/techset/inc/Extension/Event.php(75): dokuwiki\Extension\EventHandler->process_event(Object(dokuwiki\Extension\Event), 'BEFORE')
  #16 /Users/atulgrover/Desktop/RAG2/Dokuwiki/techset/inc/Extension/Event.php(133): dokuwiki\Extension\Event->advise_before(false)
  #17 /Users/atulgrover/Desktop/RAG2/Dokuwiki/techset/inc/Extension/Event.php(200): dokuwiki\Extension\Event->trigger(NULL, false)
  #18 /Users/atulgrover/Desktop/RAG2/Dokuwiki/techset/inc/indexer.php(43): dokuwiki\Extension\Event::createAndTrigger('INDEXER_VERSION...', Array, NULL, false)
  #19 /Users/atulgrover/Desktop/RAG2/Dokuwiki/techset/inc/indexer.php(145): idx_get_version()
  #20 /Users/atulgrover/Desktop/RAG2/Dokuwiki/techset/inc/TaskRunner.php(206): idx_addPage('liteparse', true)
  #21 /Users/atulgrover/Desktop/RAG2/Dokuwiki/techset/inc/TaskRunner.php(52): dokuwiki\TaskRunner->runIndexer()
  #22 /Users/atulgrover/Desktop/RAG2/Dokuwiki/techset/lib/exe/taskrunner.php(20): dokuwiki\TaskRunner->run()
  #23 {main}
2026-04-06 07:56:30	/Users/atulgrover/Desktop/RAG2/Dokuwiki/techset/lib/plugins/markdowku/syntax/ulists.php(79)	E_WARNING: Undefined array key 2
  #0 /Users/atulgrover/Desktop/RAG2/Dokuwiki/techset/lib/plugins/markdowku/syntax/ulists.php(79): dokuwiki\ErrorHandler::errorHandler(2, 'Undefined array...', '/Users/atulgrov...', 79)
  #1 /Users/atulgrover/Desktop/RAG2/Dokuwiki/techset/inc/Parsing/Handler/Lists.php(80): Doku_Handler_Markdown_Unordered_List->interpretSyntax('\n    * ', 'u')
  #2 /Users/atulgrover/Desktop/RAG2/Dokuwiki/techset/inc/Parsing/Handler/Lists.php(32): dokuwiki\Parsing\Handler\Lists->listOpen(Array)
  #3 /Users/atulgrover/Desktop/RAG2/Dokuwiki/techset/inc/Parsing/Handler/Lists.php(20): dokuwiki\Parsing\Handler\Lists->process()
  #4 /Users/atulgrover/Desktop/RAG2/Dokuwiki/techset/inc/parser/handler.php(135): dokuwiki\Parsing\Handler\Lists->finalise()
  #5 /Users/atulgrover/Desktop/RAG2/Dokuwiki/techset/inc/Parsing/Parser.php(127): Doku_Handler->finalize()
  #6 /Users/atulgrover/Desktop/RAG2/Dokuwiki/techset/inc/parserutils.php(234): dokuwiki\Parsing\Parser->parse('\n**III. Legal &...')
  #7 /Users/atulgrover/Desktop/RAG2/Dokuwiki/techset/inc/parserutils.php(198): p_get_instructions('**III. Legal & ...')
  #8 /Users/atulgrover/Desktop/RAG2/Dokuwiki/techset/inc/parserutils.php(520): p_cached_instructions('/Users/atulgrov...', false, 'lexai_agents:in...')
  #9 /Users/atulgrover/Desktop/RAG2/Dokuwiki/techset/inc/parserutils.php(299): p_render_metadata('lexai_agents:in...', Array)
  #10 /Users/atulgrover/Desktop/RAG2/Dokuwiki/techset/inc/parserutils.php(772): p_get_metadata('lexai_agents:in...', 'title', 1)
  #11 /Users/atulgrover/Desktop/RAG2/Dokuwiki/techset/lib/plugins/fuzzysearch/action.php(130): p_get_first_heading('lexai_agents:in...')
  #12 /Users/atulgrover/Desktop/RAG2/Dokuwiki/techset/lib/plugins/fuzzysearch/action.php(106): action_plugin_fuzzysearch->generatePageList()
  #13 /Users/atulgrover/Desktop/RAG2/Dokuwiki/techset/lib/plugins/fuzzysearch/action.php(51): action_plugin_fuzzysearch->ensureCacheExists(true)
  #14 /Users/atulgrover/Desktop/RAG2/Dokuwiki/techset/inc/Extension/EventHandler.php(80): action_plugin_fuzzysearch->update_cache_on_change(Object(dokuwiki\Extension\Event), NULL)
  #15 /Users/atulgrover/Desktop/RAG2/Dokuwiki/techset/inc/Extension/Event.php(75): dokuwiki\Extension\EventHandler->process_event(Object(dokuwiki\Extension\Event), 'BEFORE')
  #16 /Users/atulgrover/Desktop/RAG2/Dokuwiki/techset/inc/Extension/Event.php(133): dokuwiki\Extension\Event->advise_before(false)
  #17 /Users/atulgrover/Desktop/RAG2/Dokuwiki/techset/inc/Extension/Event.php(200): dokuwiki\Extension\Event->trigger(NULL, false)
  #18 /Users/atulgrover/Desktop/RAG2/Dokuwiki/techset/inc/indexer.php(43): dokuwiki\Extension\Event::createAndTrigger('INDEXER_VERSION...', Array, NULL, false)
  #19 /Users/atulgrover/Desktop/RAG2/Dokuwiki/techset/inc/indexer.php(145): idx_get_version()
  #20 /Users/atulgrover/Desktop/RAG2/Dokuwiki/techset/inc/TaskRunner.php(206): idx_addPage('liteparse', true)
  #21 /Users/atulgrover/Desktop/RAG2/Dokuwiki/techset/inc/TaskRunner.php(52): dokuwiki\TaskRunner->runIndexer()
  #22 /Users/atulgrover/Desktop/RAG2/Dokuwiki/techset/lib/exe/taskrunner.php(20): dokuwiki\TaskRunner->run()
  #23 {main}
2026-04-06 07:56:55	/Users/atulgrover/Desktop/RAG2/Dokuwiki/techset/inc/Parsing/Handler/Quote.php(34)	E_WARNING: Undefined array key 0
  #0 /Users/atulgrover/Desktop/RAG2/Dokuwiki/techset/inc/Parsing/Handler/Quote.php(34): dokuwiki\ErrorHandler::errorHandler(2, 'Undefined array...', '/Users/atulgrov...', 34)
  #1 /Users/atulgrover/Desktop/RAG2/Dokuwiki/techset/lib/plugins/markdowku/syntax/blockquotes.php(62): dokuwiki\Parsing\Handler\Quote->process()
  #2 /Users/atulgrover/Desktop/RAG2/Dokuwiki/techset/inc/parser/handler.php(298): syntax_plugin_markdowku_blockquotes->handle('\nD', 4, 611, Object(Doku_Handler))
  #3 /Users/atulgrover/Desktop/RAG2/Dokuwiki/techset/inc/Parsing/Lexer/Lexer.php(269): Doku_Handler->plugin('\nD', 4, 611, 'markdowku_block...')
  #4 /Users/atulgrover/Desktop/RAG2/Dokuwiki/techset/inc/Parsing/Lexer/Lexer.php(189): dokuwiki\Parsing\Lexer\Lexer->invokeHandler('\nD', 4, 611)
  #5 /Users/atulgrover/Desktop/RAG2/Dokuwiki/techset/inc/Parsing/Lexer/Lexer.php(146): dokuwiki\Parsing\Lexer\Lexer->dispatchTokens('', '\nD', '__exit', 611, 611)
  #6 /Users/atulgrover/Desktop/RAG2/Dokuwiki/techset/inc/Parsing/Parser.php(113): dokuwiki\Parsing\Lexer\Lexer->parse('ear Madam/Sir,\n...')
  #7 /Users/atulgrover/Desktop/RAG2/Dokuwiki/techset/inc/parserutils.php(234): dokuwiki\Parsing\Parser->parse('\n<!-- LITEPARSE...')
  #8 /Users/atulgrover/Desktop/RAG2/Dokuwiki/techset/inc/parserutils.php(198): p_get_instructions('<!-- LITEPARSE:...')
  #9 /Users/atulgrover/Desktop/RAG2/Dokuwiki/techset/inc/parserutils.php(520): p_cached_instructions('/Users/atulgrov...', false, 'liteparse')
  #10 /Users/atulgrover/Desktop/RAG2/Dokuwiki/techset/inc/parserutils.php(299): p_render_metadata('liteparse', Array)
  #11 /Users/atulgrover/Desktop/RAG2/Dokuwiki/techset/inc/common.php(265): p_get_metadata('liteparse')
  #12 /Users/atulgrover/Desktop/RAG2/Dokuwiki/techset/doku.php(101): pageinfo()
  #13 {main}
2026-04-06 07:56:55	/Users/atulgrover/Desktop/RAG2/Dokuwiki/techset/inc/Parsing/Handler/Quote.php(34)	E_WARNING: Undefined array key 0
  #0 /Users/atulgrover/Desktop/RAG2/Dokuwiki/techset/inc/Parsing/Handler/Quote.php(34): dokuwiki\ErrorHandler::errorHandler(2, 'Undefined array...', '/Users/atulgrov...', 34)
  #1 /Users/atulgrover/Desktop/RAG2/Dokuwiki/techset/inc/Parsing/Handler/Quote.php(15): dokuwiki\Parsing\Handler\Quote->process()
  #2 /Users/atulgrover/Desktop/RAG2/Dokuwiki/techset/inc/parser/handler.php(135): dokuwiki\Parsing\Handler\Quote->finalise()
  #3 /Users/atulgrover/Desktop/RAG2/Dokuwiki/techset/inc/Parsing/Parser.php(127): Doku_Handler->finalize()
  #4 /Users/atulgrover/Desktop/RAG2/Dokuwiki/techset/inc/parserutils.php(234): dokuwiki\Parsing\Parser->parse('\n<!-- LITEPARSE...')
  #5 /Users/atulgrover/Desktop/RAG2/Dokuwiki/techset/inc/parserutils.php(198): p_get_instructions('<!-- LITEPARSE:...')
  #6 /Users/atulgrover/Desktop/RAG2/Dokuwiki/techset/inc/parserutils.php(520): p_cached_instructions('/Users/atulgrov...', false, 'liteparse')
  #7 /Users/atulgrover/Desktop/RAG2/Dokuwiki/techset/inc/parserutils.php(299): p_render_metadata('liteparse', Array)
  #8 /Users/atulgrover/Desktop/RAG2/Dokuwiki/techset/inc/common.php(265): p_get_metadata('liteparse')
  #9 /Users/atulgrover/Desktop/RAG2/Dokuwiki/techset/doku.php(101): pageinfo()
  #10 {main}
2026-04-06 07:56:55	/Users/atulgrover/Desktop/RAG2/Dokuwiki/techset/inc/Parsing/Handler/Quote.php(34)	E_WARNING: Undefined array key 0
  #0 /Users/atulgrover/Desktop/RAG2/Dokuwiki/techset/inc/Parsing/Handler/Quote.php(34): dokuwiki\ErrorHandler::errorHandler(2, 'Undefined array...', '/Users/atulgrov...', 34)
  #1 /Users/atulgrover/Desktop/RAG2/Dokuwiki/techset/lib/plugins/markdowku/syntax/blockquotes.php(62): dokuwiki\Parsing\Handler\Quote->process()
  #2 /Users/atulgrover/Desktop/RAG2/Dokuwiki/techset/inc/parser/handler.php(298): syntax_plugin_markdowku_blockquotes->handle('\nD', 4, 611, Object(Doku_Handler))
  #3 /Users/atulgrover/Desktop/RAG2/Dokuwiki/techset/inc/Parsing/Lexer/Lexer.php(269): Doku_Handler->plugin('\nD', 4, 611, 'markdowku_block...')
  #4 /Users/atulgrover/Desktop/RAG2/Dokuwiki/techset/inc/Parsing/Lexer/Lexer.php(189): dokuwiki\Parsing\Lexer\Lexer->invokeHandler('\nD', 4, 611)
  #5 /Users/atulgrover/Desktop/RAG2/Dokuwiki/techset/inc/Parsing/Lexer/Lexer.php(146): dokuwiki\Parsing\Lexer\Lexer->dispatchTokens('', '\nD', '__exit', 611, 611)
  #6 /Users/atulgrover/Desktop/RAG2/Dokuwiki/techset/inc/Parsing/Parser.php(113): dokuwiki\Parsing\Lexer\Lexer->parse('ear Madam/Sir,\n...')
  #7 /Users/atulgrover/Desktop/RAG2/Dokuwiki/techset/inc/parserutils.php(234): dokuwiki\Parsing\Parser->parse('\n<!-- LITEPARSE...')
  #8 /Users/atulgrover/Desktop/RAG2/Dokuwiki/techset/inc/parserutils.php(198): p_get_instructions('<!-- LITEPARSE:...')
  #9 /Users/atulgrover/Desktop/RAG2/Dokuwiki/techset/inc/parserutils.php(520): p_cached_instructions('/Users/atulgrov...', false, 'liteparse')
  #10 /Users/atulgrover/Desktop/RAG2/Dokuwiki/techset/inc/parserutils.php(299): p_render_metadata('liteparse', Array)
  #11 /Users/atulgrover/Desktop/RAG2/Dokuwiki/techset/inc/indexer.php(154): p_get_metadata('liteparse', 'internal index', 4)
  #12 /Users/atulgrover/Desktop/RAG2/Dokuwiki/techset/inc/TaskRunner.php(206): idx_addPage('liteparse', true)
  #13 /Users/atulgrover/Desktop/RAG2/Dokuwiki/techset/inc/TaskRunner.php(52): dokuwiki\TaskRunner->runIndexer()
  #14 /Users/atulgrover/Desktop/RAG2/Dokuwiki/techset/lib/exe/taskrunner.php(20): dokuwiki\TaskRunner->run()
  #15 {main}
2026-04-06 07:56:55	/Users/atulgrover/Desktop/RAG2/Dokuwiki/techset/inc/Parsing/Handler/Quote.php(34)	E_WARNING: Undefined array key 0
  #0 /Users/atulgrover/Desktop/RAG2/Dokuwiki/techset/inc/Parsing/Handler/Quote.php(34): dokuwiki\ErrorHandler::errorHandler(2, 'Undefined array...', '/Users/atulgrov...', 34)
  #1 /Users/atulgrover/Desktop/RAG2/Dokuwiki/techset/inc/Parsing/Handler/Quote.php(15): dokuwiki\Parsing\Handler\Quote->process()
  #2 /Users/atulgrover/Desktop/RAG2/Dokuwiki/techset/inc/parser/handler.php(135): dokuwiki\Parsing\Handler\Quote->finalise()
  #3 /Users/atulgrover/Desktop/RAG2/Dokuwiki/techset/inc/Parsing/Parser.php(127): Doku_Handler->finalize()
  #4 /Users/atulgrover/Desktop/RAG2/Dokuwiki/techset/inc/parserutils.php(234): dokuwiki\Parsing\Parser->parse('\n<!-- LITEPARSE...')
  #5 /Users/atulgrover/Desktop/RAG2/Dokuwiki/techset/inc/parserutils.php(198): p_get_instructions('<!-- LITEPARSE:...')
  #6 /Users/atulgrover/Desktop/RAG2/Dokuwiki/techset/inc/parserutils.php(520): p_cached_instructions('/Users/atulgrov...', false, 'liteparse')
  #7 /Users/atulgrover/Desktop/RAG2/Dokuwiki/techset/inc/parserutils.php(299): p_render_metadata('liteparse', Array)
  #8 /Users/atulgrover/Desktop/RAG2/Dokuwiki/techset/inc/indexer.php(154): p_get_metadata('liteparse', 'internal index', 4)
  #9 /Users/atulgrover/Desktop/RAG2/Dokuwiki/techset/inc/TaskRunner.php(206): idx_addPage('liteparse', true)
  #10 /Users/atulgrover/Desktop/RAG2/Dokuwiki/techset/inc/TaskRunner.php(52): dokuwiki\TaskRunner->runIndexer()
  #11 /Users/atulgrover/Desktop/RAG2/Dokuwiki/techset/lib/exe/taskrunner.php(20): dokuwiki\TaskRunner->run()
  #12 {main}
2026-04-06 07:56:55	/Users/atulgrover/Desktop/RAG2/Dokuwiki/techset/lib/plugins/markdowku/syntax/ulists.php(79)	E_WARNING: Undefined array key 2
  #0 /Users/atulgrover/Desktop/RAG2/Dokuwiki/techset/lib/plugins/markdowku/syntax/ulists.php(79): dokuwiki\ErrorHandler::errorHandler(2, 'Undefined array...', '/Users/atulgrov...', 79)
  #1 /Users/atulgrover/Desktop/RAG2/Dokuwiki/techset/inc/Parsing/Handler/Lists.php(80): Doku_Handler_Markdown_Unordered_List->interpretSyntax('\n    * ', 'u')
  #2 /Users/atulgrover/Desktop/RAG2/Dokuwiki/techset/inc/Parsing/Handler/Lists.php(32): dokuwiki\Parsing\Handler\Lists->listOpen(Array)
  #3 /Users/atulgrover/Desktop/RAG2/Dokuwiki/techset/inc/Parsing/Handler/Lists.php(20): dokuwiki\Parsing\Handler\Lists->process()
  #4 /Users/atulgrover/Desktop/RAG2/Dokuwiki/techset/inc/parser/handler.php(135): dokuwiki\Parsing\Handler\Lists->finalise()
  #5 /Users/atulgrover/Desktop/RAG2/Dokuwiki/techset/inc/Parsing/Parser.php(127): Doku_Handler->finalize()
  #6 /Users/atulgrover/Desktop/RAG2/Dokuwiki/techset/inc/parserutils.php(234): dokuwiki\Parsing\Parser->parse('\n{{tagfilter>Ag...')
  #7 /Users/atulgrover/Desktop/RAG2/Dokuwiki/techset/inc/parserutils.php(198): p_get_instructions('{{tagfilter>Age...')
  #8 /Users/atulgrover/Desktop/RAG2/Dokuwiki/techset/inc/parserutils.php(520): p_cached_instructions('/Users/atulgrov...', false, 'lexai_agents:in...')
  #9 /Users/atulgrover/Desktop/RAG2/Dokuwiki/techset/inc/parserutils.php(299): p_render_metadata('lexai_agents:in...', Array)
  #10 /Users/atulgrover/Desktop/RAG2/Dokuwiki/techset/inc/parserutils.php(772): p_get_metadata('lexai_agents:in...', 'title', 1)
  #11 /Users/atulgrover/Desktop/RAG2/Dokuwiki/techset/lib/plugins/fuzzysearch/action.php(130): p_get_first_heading('lexai_agents:in...')
  #12 /Users/atulgrover/Desktop/RAG2/Dokuwiki/techset/lib/plugins/fuzzysearch/action.php(106): action_plugin_fuzzysearch->generatePageList()
  #13 /Users/atulgrover/Desktop/RAG2/Dokuwiki/techset/lib/plugins/fuzzysearch/action.php(51): action_plugin_fuzzysearch->ensureCacheExists(true)
  #14 /Users/atulgrover/Desktop/RAG2/Dokuwiki/techset/inc/Extension/EventHandler.php(80): action_plugin_fuzzysearch->update_cache_on_change(Object(dokuwiki\Extension\Event), NULL)
  #15 /Users/atulgrover/Desktop/RAG2/Dokuwiki/techset/inc/Extension/Event.php(75): dokuwiki\Extension\EventHandler->process_event(Object(dokuwiki\Extension\Event), 'BEFORE')
  #16 /Users/atulgrover/Desktop/RAG2/Dokuwiki/techset/inc/Extension/Event.php(133): dokuwiki\Extension\Event->advise_before(false)
  #17 /Users/atulgrover/Desktop/RAG2/Dokuwiki/techset/inc/Extension/Event.php(200): dokuwiki\Extension\Event->trigger(NULL, false)
  #18 /Users/atulgrover/Desktop/RAG2/Dokuwiki/techset/inc/indexer.php(43): dokuwiki\Extension\Event::createAndTrigger('INDEXER_VERSION...', Array, NULL, false)
  #19 /Users/atulgrover/Desktop/RAG2/Dokuwiki/techset/inc/indexer.php(209): idx_get_version()
  #20 /Users/atulgrover/Desktop/RAG2/Dokuwiki/techset/inc/TaskRunner.php(206): idx_addPage('liteparse', true)
  #21 /Users/atulgrover/Desktop/RAG2/Dokuwiki/techset/inc/TaskRunner.php(52): dokuwiki\TaskRunner->runIndexer()
  #22 /Users/atulgrover/Desktop/RAG2/Dokuwiki/techset/lib/exe/taskrunner.php(20): dokuwiki\TaskRunner->run()
  #23 {main}
2026-04-06 08:07:25	/Users/atulgrover/Desktop/RAG2/Dokuwiki/techset/lib/plugins/bureaucracy/helper/field.php(84)	E_WARNING: Undefined array key "label"
  #0 /Users/atulgrover/Desktop/RAG2/Dokuwiki/techset/lib/plugins/bureaucracy/helper/field.php(84): dokuwiki\ErrorHandler::errorHandler(2, 'Undefined array...', '/Users/atulgrov...', 84)
  #1 /Users/atulgrover/Desktop/RAG2/Dokuwiki/techset/lib/plugins/bureaucracy/helper/field.php(53): helper_plugin_bureaucracy_field->init(Array)
  #2 /Users/atulgrover/Desktop/RAG2/Dokuwiki/techset/lib/plugins/bureaucracy/helper/fieldsubmit.php(21): helper_plugin_bureaucracy_field->initialize(Array)
  #3 /Users/atulgrover/Desktop/RAG2/Dokuwiki/techset/lib/plugins/bureaucracy/syntax.php(128): helper_plugin_bureaucracy_fieldsubmit->initialize(Array)
  #4 /Users/atulgrover/Desktop/RAG2/Dokuwiki/techset/inc/parser/handler.php(298): syntax_plugin_bureaucracy->handle('\naction pagemod...', 5, 33, Object(Doku_Handler))
  #5 /Users/atulgrover/Desktop/RAG2/Dokuwiki/techset/inc/Parsing/Lexer/Lexer.php(269): Doku_Handler->plugin('<form>\naction p...', 5, 33, 'bureaucracy')
  #6 /Users/atulgrover/Desktop/RAG2/Dokuwiki/techset/inc/Parsing/Lexer/Lexer.php(196): dokuwiki\Parsing\Lexer\Lexer->invokeHandler('<form>\naction p...', 5, 33)
  #7 /Users/atulgrover/Desktop/RAG2/Dokuwiki/techset/inc/Parsing/Lexer/Lexer.php(146): dokuwiki\Parsing\Lexer\Lexer->dispatchTokens('', '<form>\naction p...', '_plugin_bureauc...', 33, 33)
  #8 /Users/atulgrover/Desktop/RAG2/Dokuwiki/techset/inc/Parsing/Parser.php(113): dokuwiki\Parsing\Lexer\Lexer->parse('\n\n\n')
  #9 /Users/atulgrover/Desktop/RAG2/Dokuwiki/techset/inc/parserutils.php(234): dokuwiki\Parsing\Parser->parse('\n~~NOTOC~~\n\n===...')
  #10 /Users/atulgrover/Desktop/RAG2/Dokuwiki/techset/inc/parserutils.php(198): p_get_instructions('~~NOTOC~~\n\n====...')
  #11 /Users/atulgrover/Desktop/RAG2/Dokuwiki/techset/inc/parserutils.php(520): p_cached_instructions('/Users/atulgrov...', false, 'lexai_agents:bu...')
  #12 /Users/atulgrover/Desktop/RAG2/Dokuwiki/techset/inc/parserutils.php(299): p_render_metadata('lexai_agents:bu...', Array)
  #13 /Users/atulgrover/Desktop/RAG2/Dokuwiki/techset/inc/parserutils.php(772): p_get_metadata('lexai_agents:bu...', 'title', 1)
  #14 /Users/atulgrover/Desktop/RAG2/Dokuwiki/techset/lib/plugins/fuzzysearch/action.php(130): p_get_first_heading('lexai_agents:bu...')
  #15 /Users/atulgrover/Desktop/RAG2/Dokuwiki/techset/lib/plugins/fuzzysearch/action.php(106): action_plugin_fuzzysearch->generatePageList()
  #16 /Users/atulgrover/Desktop/RAG2/Dokuwiki/techset/lib/plugins/fuzzysearch/action.php(51): action_plugin_fuzzysearch->ensureCacheExists(true)
  #17 /Users/atulgrover/Desktop/RAG2/Dokuwiki/techset/inc/Extension/EventHandler.php(80): action_plugin_fuzzysearch->update_cache_on_change(Object(dokuwiki\Extension\Event), NULL)
  #18 /Users/atulgrover/Desktop/RAG2/Dokuwiki/techset/inc/Extension/Event.php(75): dokuwiki\Extension\EventHandler->process_event(Object(dokuwiki\Extension\Event), 'BEFORE')
  #19 /Users/atulgrover/Desktop/RAG2/Dokuwiki/techset/inc/Extension/Event.php(133): dokuwiki\Extension\Event->advise_before(false)
  #20 /Users/atulgrover/Desktop/RAG2/Dokuwiki/techset/inc/Extension/Event.php(200): dokuwiki\Extension\Event->trigger(NULL, false)
  #21 /Users/atulgrover/Desktop/RAG2/Dokuwiki/techset/inc/indexer.php(43): dokuwiki\Extension\Event::createAndTrigger('INDEXER_VERSION...', Array, NULL, false)
  #22 /Users/atulgrover/Desktop/RAG2/Dokuwiki/techset/inc/indexer.php(145): idx_get_version()
  #23 /Users/atulgrover/Desktop/RAG2/Dokuwiki/techset/inc/TaskRunner.php(206): idx_addPage('start', true)
  #24 /Users/atulgrover/Desktop/RAG2/Dokuwiki/techset/inc/TaskRunner.php(52): dokuwiki\TaskRunner->runIndexer()
  #25 /Users/atulgrover/Desktop/RAG2/Dokuwiki/techset/lib/exe/taskrunner.php(20): dokuwiki\TaskRunner->run()
  #26 {main}
2026-04-06 08:12:36	/Users/atulgrover/Desktop/RAG2/Dokuwiki/techset/lib/plugins/markdowku/syntax/ulists.php(79)	E_WARNING: Undefined array key 2
  #0 /Users/atulgrover/Desktop/RAG2/Dokuwiki/techset/lib/plugins/markdowku/syntax/ulists.php(79): dokuwiki\ErrorHandler::errorHandler(2, 'Undefined array...', '/Users/atulgrov...', 79)
  #1 /Users/atulgrover/Desktop/RAG2/Dokuwiki/techset/inc/Parsing/Handler/Lists.php(80): Doku_Handler_Markdown_Unordered_List->interpretSyntax('\n    * ', 'u')
  #2 /Users/atulgrover/Desktop/RAG2/Dokuwiki/techset/inc/Parsing/Handler/Lists.php(32): dokuwiki\Parsing\Handler\Lists->listOpen(Array)
  #3 /Users/atulgrover/Desktop/RAG2/Dokuwiki/techset/inc/Parsing/Handler/Lists.php(20): dokuwiki\Parsing\Handler\Lists->process()
  #4 /Users/atulgrover/Desktop/RAG2/Dokuwiki/techset/inc/parser/handler.php(135): dokuwiki\Parsing\Handler\Lists->finalise()
  #5 /Users/atulgrover/Desktop/RAG2/Dokuwiki/techset/inc/Parsing/Parser.php(127): Doku_Handler->finalize()
  #6 /Users/atulgrover/Desktop/RAG2/Dokuwiki/techset/inc/parserutils.php(234): dokuwiki\Parsing\Parser->parse('\n{{tagfilter>Ag...')
  #7 /Users/atulgrover/Desktop/RAG2/Dokuwiki/techset/inc/parserutils.php(198): p_get_instructions('{{tagfilter>Age...')
  #8 /Users/atulgrover/Desktop/RAG2/Dokuwiki/techset/inc/parserutils.php(520): p_cached_instructions('/Users/atulgrov...', false, 'lexai_agents:in...')
  #9 /Users/atulgrover/Desktop/RAG2/Dokuwiki/techset/inc/parserutils.php(299): p_render_metadata('lexai_agents:in...', Array)
  #10 /Users/atulgrover/Desktop/RAG2/Dokuwiki/techset/inc/parserutils.php(772): p_get_metadata('lexai_agents:in...', 'title', 1)
  #11 /Users/atulgrover/Desktop/RAG2/Dokuwiki/techset/lib/plugins/fuzzysearch/action.php(130): p_get_first_heading('lexai_agents:in...')
  #12 /Users/atulgrover/Desktop/RAG2/Dokuwiki/techset/lib/plugins/fuzzysearch/action.php(106): action_plugin_fuzzysearch->generatePageList()
  #13 /Users/atulgrover/Desktop/RAG2/Dokuwiki/techset/lib/plugins/fuzzysearch/action.php(51): action_plugin_fuzzysearch->ensureCacheExists(true)
  #14 /Users/atulgrover/Desktop/RAG2/Dokuwiki/techset/inc/Extension/EventHandler.php(80): action_plugin_fuzzysearch->update_cache_on_change(Object(dokuwiki\Extension\Event), NULL)
  #15 /Users/atulgrover/Desktop/RAG2/Dokuwiki/techset/inc/Extension/Event.php(75): dokuwiki\Extension\EventHandler->process_event(Object(dokuwiki\Extension\Event), 'BEFORE')
  #16 /Users/atulgrover/Desktop/RAG2/Dokuwiki/techset/inc/Extension/Event.php(133): dokuwiki\Extension\Event->advise_before(false)
  #17 /Users/atulgrover/Desktop/RAG2/Dokuwiki/techset/inc/Extension/Event.php(200): dokuwiki\Extension\Event->trigger(NULL, false)
  #18 /Users/atulgrover/Desktop/RAG2/Dokuwiki/techset/inc/indexer.php(43): dokuwiki\Extension\Event::createAndTrigger('INDEXER_VERSION...', Array, NULL, false)
  #19 /Users/atulgrover/Desktop/RAG2/Dokuwiki/techset/inc/indexer.php(145): idx_get_version()
  #20 /Users/atulgrover/Desktop/RAG2/Dokuwiki/techset/inc/TaskRunner.php(206): idx_addPage('start', true)
  #21 /Users/atulgrover/Desktop/RAG2/Dokuwiki/techset/inc/TaskRunner.php(52): dokuwiki\TaskRunner->runIndexer()
  #22 /Users/atulgrover/Desktop/RAG2/Dokuwiki/techset/lib/exe/taskrunner.php(20): dokuwiki\TaskRunner->run()
  #23 {main}
2026-04-06 08:12:43	/Users/atulgrover/Desktop/RAG2/Dokuwiki/techset/lib/plugins/markdowku/syntax/ulists.php(79)	E_WARNING: Undefined array key 2
  #0 /Users/atulgrover/Desktop/RAG2/Dokuwiki/techset/lib/plugins/markdowku/syntax/ulists.php(79): dokuwiki\ErrorHandler::errorHandler(2, 'Undefined array...', '/Users/atulgrov...', 79)
  #1 /Users/atulgrover/Desktop/RAG2/Dokuwiki/techset/inc/Parsing/Handler/Lists.php(80): Doku_Handler_Markdown_Unordered_List->interpretSyntax('\n    * ', 'u')
  #2 /Users/atulgrover/Desktop/RAG2/Dokuwiki/techset/inc/Parsing/Handler/Lists.php(32): dokuwiki\Parsing\Handler\Lists->listOpen(Array)
  #3 /Users/atulgrover/Desktop/RAG2/Dokuwiki/techset/inc/Parsing/Handler/Lists.php(20): dokuwiki\Parsing\Handler\Lists->process()
  #4 /Users/atulgrover/Desktop/RAG2/Dokuwiki/techset/inc/parser/handler.php(135): dokuwiki\Parsing\Handler\Lists->finalise()
  #5 /Users/atulgrover/Desktop/RAG2/Dokuwiki/techset/inc/Parsing/Parser.php(127): Doku_Handler->finalize()
  #6 /Users/atulgrover/Desktop/RAG2/Dokuwiki/techset/inc/parserutils.php(234): dokuwiki\Parsing\Parser->parse('\n**III. Legal &...')
  #7 /Users/atulgrover/Desktop/RAG2/Dokuwiki/techset/inc/parserutils.php(198): p_get_instructions('**III. Legal & ...')
  #8 /Users/atulgrover/Desktop/RAG2/Dokuwiki/techset/inc/parserutils.php(520): p_cached_instructions('/Users/atulgrov...', false, 'lexai_agents:in...')
  #9 /Users/atulgrover/Desktop/RAG2/Dokuwiki/techset/inc/parserutils.php(299): p_render_metadata('lexai_agents:in...', Array)
  #10 /Users/atulgrover/Desktop/RAG2/Dokuwiki/techset/inc/parserutils.php(772): p_get_metadata('lexai_agents:in...', 'title', 1)
  #11 /Users/atulgrover/Desktop/RAG2/Dokuwiki/techset/lib/plugins/fuzzysearch/action.php(130): p_get_first_heading('lexai_agents:in...')
  #12 /Users/atulgrover/Desktop/RAG2/Dokuwiki/techset/lib/plugins/fuzzysearch/action.php(106): action_plugin_fuzzysearch->generatePageList()
  #13 /Users/atulgrover/Desktop/RAG2/Dokuwiki/techset/lib/plugins/fuzzysearch/action.php(51): action_plugin_fuzzysearch->ensureCacheExists(true)
  #14 /Users/atulgrover/Desktop/RAG2/Dokuwiki/techset/inc/Extension/EventHandler.php(80): action_plugin_fuzzysearch->update_cache_on_change(Object(dokuwiki\Extension\Event), NULL)
  #15 /Users/atulgrover/Desktop/RAG2/Dokuwiki/techset/inc/Extension/Event.php(75): dokuwiki\Extension\EventHandler->process_event(Object(dokuwiki\Extension\Event), 'BEFORE')
  #16 /Users/atulgrover/Desktop/RAG2/Dokuwiki/techset/inc/Extension/Event.php(133): dokuwiki\Extension\Event->advise_before(false)
  #17 /Users/atulgrover/Desktop/RAG2/Dokuwiki/techset/inc/Extension/Event.php(200): dokuwiki\Extension\Event->trigger(NULL, false)
  #18 /Users/atulgrover/Desktop/RAG2/Dokuwiki/techset/inc/indexer.php(43): dokuwiki\Extension\Event::createAndTrigger('INDEXER_VERSION...', Array, NULL, false)
  #19 /Users/atulgrover/Desktop/RAG2/Dokuwiki/techset/inc/indexer.php(145): idx_get_version()
  #20 /Users/atulgrover/Desktop/RAG2/Dokuwiki/techset/inc/TaskRunner.php(206): idx_addPage('start', true)
  #21 /Users/atulgrover/Desktop/RAG2/Dokuwiki/techset/inc/TaskRunner.php(52): dokuwiki\TaskRunner->runIndexer()
  #22 /Users/atulgrover/Desktop/RAG2/Dokuwiki/techset/lib/exe/taskrunner.php(20): dokuwiki\TaskRunner->run()
  #23 {main}
2026-04-06 08:13:19	/Users/atulgrover/Desktop/RAG2/Dokuwiki/techset/lib/plugins/markdowku/syntax/ulists.php(79)	E_WARNING: Undefined array key 2
  #0 /Users/atulgrover/Desktop/RAG2/Dokuwiki/techset/lib/plugins/markdowku/syntax/ulists.php(79): dokuwiki\ErrorHandler::errorHandler(2, 'Undefined array...', '/Users/atulgrov...', 79)
  #1 /Users/atulgrover/Desktop/RAG2/Dokuwiki/techset/inc/Parsing/Handler/Lists.php(80): Doku_Handler_Markdown_Unordered_List->interpretSyntax('\n    * ', 'u')
  #2 /Users/atulgrover/Desktop/RAG2/Dokuwiki/techset/inc/Parsing/Handler/Lists.php(32): dokuwiki\Parsing\Handler\Lists->listOpen(Array)
  #3 /Users/atulgrover/Desktop/RAG2/Dokuwiki/techset/inc/Parsing/Handler/Lists.php(20): dokuwiki\Parsing\Handler\Lists->process()
  #4 /Users/atulgrover/Desktop/RAG2/Dokuwiki/techset/inc/parser/handler.php(135): dokuwiki\Parsing\Handler\Lists->finalise()
  #5 /Users/atulgrover/Desktop/RAG2/Dokuwiki/techset/inc/Parsing/Parser.php(127): Doku_Handler->finalize()
  #6 /Users/atulgrover/Desktop/RAG2/Dokuwiki/techset/inc/parserutils.php(234): dokuwiki\Parsing\Parser->parse('\n**III. Legal &...')
  #7 /Users/atulgrover/Desktop/RAG2/Dokuwiki/techset/inc/parserutils.php(198): p_get_instructions('**III. Legal & ...')
  #8 /Users/atulgrover/Desktop/RAG2/Dokuwiki/techset/inc/parserutils.php(520): p_cached_instructions('/Users/atulgrov...', false, 'lexai_agents:in...')
  #9 /Users/atulgrover/Desktop/RAG2/Dokuwiki/techset/inc/parserutils.php(299): p_render_metadata('lexai_agents:in...', Array)
  #10 /Users/atulgrover/Desktop/RAG2/Dokuwiki/techset/inc/parserutils.php(772): p_get_metadata('lexai_agents:in...', 'title', 1)
  #11 /Users/atulgrover/Desktop/RAG2/Dokuwiki/techset/lib/plugins/fuzzysearch/action.php(130): p_get_first_heading('lexai_agents:in...')
  #12 /Users/atulgrover/Desktop/RAG2/Dokuwiki/techset/lib/plugins/fuzzysearch/action.php(106): action_plugin_fuzzysearch->generatePageList()
  #13 /Users/atulgrover/Desktop/RAG2/Dokuwiki/techset/lib/plugins/fuzzysearch/action.php(51): action_plugin_fuzzysearch->ensureCacheExists(true)
  #14 /Users/atulgrover/Desktop/RAG2/Dokuwiki/techset/inc/Extension/EventHandler.php(80): action_plugin_fuzzysearch->update_cache_on_change(Object(dokuwiki\Extension\Event), NULL)
  #15 /Users/atulgrover/Desktop/RAG2/Dokuwiki/techset/inc/Extension/Event.php(75): dokuwiki\Extension\EventHandler->process_event(Object(dokuwiki\Extension\Event), 'BEFORE')
  #16 /Users/atulgrover/Desktop/RAG2/Dokuwiki/techset/inc/Extension/Event.php(133): dokuwiki\Extension\Event->advise_before(false)
  #17 /Users/atulgrover/Desktop/RAG2/Dokuwiki/techset/inc/Extension/Event.php(200): dokuwiki\Extension\Event->trigger(NULL, false)
  #18 /Users/atulgrover/Desktop/RAG2/Dokuwiki/techset/inc/indexer.php(43): dokuwiki\Extension\Event::createAndTrigger('INDEXER_VERSION...', Array, NULL, false)
  #19 /Users/atulgrover/Desktop/RAG2/Dokuwiki/techset/inc/indexer.php(145): idx_get_version()
  #20 /Users/atulgrover/Desktop/RAG2/Dokuwiki/techset/inc/TaskRunner.php(206): idx_addPage('start', true)
  #21 /Users/atulgrover/Desktop/RAG2/Dokuwiki/techset/inc/TaskRunner.php(52): dokuwiki\TaskRunner->runIndexer()
  #22 /Users/atulgrover/Desktop/RAG2/Dokuwiki/techset/lib/exe/taskrunner.php(20): dokuwiki\TaskRunner->run()
  #23 {main}
2026-04-06 08:13:19	/Users/atulgrover/Desktop/RAG2/Dokuwiki/techset/lib/plugins/markdowku/syntax/ulists.php(79)	E_WARNING: Undefined array key 2
  #0 /Users/atulgrover/Desktop/RAG2/Dokuwiki/techset/lib/plugins/markdowku/syntax/ulists.php(79): dokuwiki\ErrorHandler::errorHandler(2, 'Undefined array...', '/Users/atulgrov...', 79)
  #1 /Users/atulgrover/Desktop/RAG2/Dokuwiki/techset/inc/Parsing/Handler/Lists.php(80): Doku_Handler_Markdown_Unordered_List->interpretSyntax('\n    * ', 'u')
  #2 /Users/atulgrover/Desktop/RAG2/Dokuwiki/techset/inc/Parsing/Handler/Lists.php(32): dokuwiki\Parsing\Handler\Lists->listOpen(Array)
  #3 /Users/atulgrover/Desktop/RAG2/Dokuwiki/techset/inc/Parsing/Handler/Lists.php(20): dokuwiki\Parsing\Handler\Lists->process()
  #4 /Users/atulgrover/Desktop/RAG2/Dokuwiki/techset/inc/parser/handler.php(135): dokuwiki\Parsing\Handler\Lists->finalise()
  #5 /Users/atulgrover/Desktop/RAG2/Dokuwiki/techset/inc/Parsing/Parser.php(127): Doku_Handler->finalize()
  #6 /Users/atulgrover/Desktop/RAG2/Dokuwiki/techset/inc/parserutils.php(234): dokuwiki\Parsing\Parser->parse('\n{{tagfilter>Ag...')
  #7 /Users/atulgrover/Desktop/RAG2/Dokuwiki/techset/inc/parserutils.php(198): p_get_instructions('{{tagfilter>Age...')
  #8 /Users/atulgrover/Desktop/RAG2/Dokuwiki/techset/inc/parserutils.php(520): p_cached_instructions('/Users/atulgrov...', false, 'lexai_agents:in...')
  #9 /Users/atulgrover/Desktop/RAG2/Dokuwiki/techset/inc/parserutils.php(299): p_render_metadata('lexai_agents:in...', Array)
  #10 /Users/atulgrover/Desktop/RAG2/Dokuwiki/techset/inc/parserutils.php(772): p_get_metadata('lexai_agents:in...', 'title', 1)
  #11 /Users/atulgrover/Desktop/RAG2/Dokuwiki/techset/lib/plugins/fuzzysearch/action.php(130): p_get_first_heading('lexai_agents:in...')
  #12 /Users/atulgrover/Desktop/RAG2/Dokuwiki/techset/lib/plugins/fuzzysearch/action.php(106): action_plugin_fuzzysearch->generatePageList()
  #13 /Users/atulgrover/Desktop/RAG2/Dokuwiki/techset/lib/plugins/fuzzysearch/action.php(51): action_plugin_fuzzysearch->ensureCacheExists(true)
  #14 /Users/atulgrover/Desktop/RAG2/Dokuwiki/techset/inc/Extension/EventHandler.php(80): action_plugin_fuzzysearch->update_cache_on_change(Object(dokuwiki\Extension\Event), NULL)
  #15 /Users/atulgrover/Desktop/RAG2/Dokuwiki/techset/inc/Extension/Event.php(75): dokuwiki\Extension\EventHandler->process_event(Object(dokuwiki\Extension\Event), 'BEFORE')
  #16 /Users/atulgrover/Desktop/RAG2/Dokuwiki/techset/inc/Extension/Event.php(133): dokuwiki\Extension\Event->advise_before(false)
  #17 /Users/atulgrover/Desktop/RAG2/Dokuwiki/techset/inc/Extension/Event.php(200): dokuwiki\Extension\Event->trigger(NULL, false)
  #18 /Users/atulgrover/Desktop/RAG2/Dokuwiki/techset/inc/indexer.php(43): dokuwiki\Extension\Event::createAndTrigger('INDEXER_VERSION...', Array, NULL, false)
  #19 /Users/atulgrover/Desktop/RAG2/Dokuwiki/techset/inc/indexer.php(145): idx_get_version()
  #20 /Users/atulgrover/Desktop/RAG2/Dokuwiki/techset/inc/TaskRunner.php(206): idx_addPage('start', true)
  #21 /Users/atulgrover/Desktop/RAG2/Dokuwiki/techset/inc/TaskRunner.php(52): dokuwiki\TaskRunner->runIndexer()
  #22 /Users/atulgrover/Desktop/RAG2/Dokuwiki/techset/lib/exe/taskrunner.php(20): dokuwiki\TaskRunner->run()
  #23 {main}
2026-04-06 08:13:19	/Users/atulgrover/Desktop/RAG2/Dokuwiki/techset/lib/plugins/markdowku/syntax/ulists.php(79)	E_WARNING: Undefined array key 2
  #0 /Users/atulgrover/Desktop/RAG2/Dokuwiki/techset/lib/plugins/markdowku/syntax/ulists.php(79): dokuwiki\ErrorHandler::errorHandler(2, 'Undefined array...', '/Users/atulgrov...', 79)
  #1 /Users/atulgrover/Desktop/RAG2/Dokuwiki/techset/inc/Parsing/Handler/Lists.php(80): Doku_Handler_Markdown_Unordered_List->interpretSyntax('\n    * ', 'u')
  #2 /Users/atulgrover/Desktop/RAG2/Dokuwiki/techset/inc/Parsing/Handler/Lists.php(32): dokuwiki\Parsing\Handler\Lists->listOpen(Array)
  #3 /Users/atulgrover/Desktop/RAG2/Dokuwiki/techset/inc/Parsing/Handler/Lists.php(20): dokuwiki\Parsing\Handler\Lists->process()
  #4 /Users/atulgrover/Desktop/RAG2/Dokuwiki/techset/inc/parser/handler.php(135): dokuwiki\Parsing\Handler\Lists->finalise()
  #5 /Users/atulgrover/Desktop/RAG2/Dokuwiki/techset/inc/Parsing/Parser.php(127): Doku_Handler->finalize()
  #6 /Users/atulgrover/Desktop/RAG2/Dokuwiki/techset/inc/parserutils.php(234): dokuwiki\Parsing\Parser->parse('\n{{tagfilter>Ag...')
  #7 /Users/atulgrover/Desktop/RAG2/Dokuwiki/techset/inc/parserutils.php(198): p_get_instructions('{{tagfilter>Age...')
  #8 /Users/atulgrover/Desktop/RAG2/Dokuwiki/techset/inc/parserutils.php(520): p_cached_instructions('/Users/atulgrov...', false, 'lexai_agents:in...')
  #9 /Users/atulgrover/Desktop/RAG2/Dokuwiki/techset/inc/parserutils.php(299): p_render_metadata('lexai_agents:in...', Array)
  #10 /Users/atulgrover/Desktop/RAG2/Dokuwiki/techset/inc/parserutils.php(772): p_get_metadata('lexai_agents:in...', 'title', 1)
  #11 /Users/atulgrover/Desktop/RAG2/Dokuwiki/techset/lib/plugins/fuzzysearch/action.php(130): p_get_first_heading('lexai_agents:in...')
  #12 /Users/atulgrover/Desktop/RAG2/Dokuwiki/techset/lib/plugins/fuzzysearch/action.php(106): action_plugin_fuzzysearch->generatePageList()
  #13 /Users/atulgrover/Desktop/RAG2/Dokuwiki/techset/lib/plugins/fuzzysearch/action.php(51): action_plugin_fuzzysearch->ensureCacheExists(true)
  #14 /Users/atulgrover/Desktop/RAG2/Dokuwiki/techset/inc/Extension/EventHandler.php(80): action_plugin_fuzzysearch->update_cache_on_change(Object(dokuwiki\Extension\Event), NULL)
  #15 /Users/atulgrover/Desktop/RAG2/Dokuwiki/techset/inc/Extension/Event.php(75): dokuwiki\Extension\EventHandler->process_event(Object(dokuwiki\Extension\Event), 'BEFORE')
  #16 /Users/atulgrover/Desktop/RAG2/Dokuwiki/techset/inc/Extension/Event.php(133): dokuwiki\Extension\Event->advise_before(false)
  #17 /Users/atulgrover/Desktop/RAG2/Dokuwiki/techset/inc/Extension/Event.php(200): dokuwiki\Extension\Event->trigger(NULL, false)
  #18 /Users/atulgrover/Desktop/RAG2/Dokuwiki/techset/inc/indexer.php(43): dokuwiki\Extension\Event::createAndTrigger('INDEXER_VERSION...', Array, NULL, false)
  #19 /Users/atulgrover/Desktop/RAG2/Dokuwiki/techset/inc/indexer.php(145): idx_get_version()
  #20 /Users/atulgrover/Desktop/RAG2/Dokuwiki/techset/inc/TaskRunner.php(206): idx_addPage('start', true)
  #21 /Users/atulgrover/Desktop/RAG2/Dokuwiki/techset/inc/TaskRunner.php(52): dokuwiki\TaskRunner->runIndexer()
  #22 /Users/atulgrover/Desktop/RAG2/Dokuwiki/techset/lib/exe/taskrunner.php(20): dokuwiki\TaskRunner->run()
  #23 {main}
2026-04-06 08:13:31	/Users/atulgrover/Desktop/RAG2/Dokuwiki/techset/lib/plugins/markdowku/syntax/ulists.php(79)	E_WARNING: Undefined array key 2
  #0 /Users/atulgrover/Desktop/RAG2/Dokuwiki/techset/lib/plugins/markdowku/syntax/ulists.php(79): dokuwiki\ErrorHandler::errorHandler(2, 'Undefined array...', '/Users/atulgrov...', 79)
  #1 /Users/atulgrover/Desktop/RAG2/Dokuwiki/techset/inc/Parsing/Handler/Lists.php(80): Doku_Handler_Markdown_Unordered_List->interpretSyntax('\n    * ', 'u')
  #2 /Users/atulgrover/Desktop/RAG2/Dokuwiki/techset/inc/Parsing/Handler/Lists.php(32): dokuwiki\Parsing\Handler\Lists->listOpen(Array)
  #3 /Users/atulgrover/Desktop/RAG2/Dokuwiki/techset/inc/Parsing/Handler/Lists.php(20): dokuwiki\Parsing\Handler\Lists->process()
  #4 /Users/atulgrover/Desktop/RAG2/Dokuwiki/techset/inc/parser/handler.php(135): dokuwiki\Parsing\Handler\Lists->finalise()
  #5 /Users/atulgrover/Desktop/RAG2/Dokuwiki/techset/inc/Parsing/Parser.php(127): Doku_Handler->finalize()
  #6 /Users/atulgrover/Desktop/RAG2/Dokuwiki/techset/inc/parserutils.php(234): dokuwiki\Parsing\Parser->parse('\n**VII. Forensi...')
  #7 /Users/atulgrover/Desktop/RAG2/Dokuwiki/techset/inc/parserutils.php(198): p_get_instructions('**VII. Forensic...')
  #8 /Users/atulgrover/Desktop/RAG2/Dokuwiki/techset/inc/parserutils.php(520): p_cached_instructions('/Users/atulgrov...', false, 'lexai_agents:in...')
  #9 /Users/atulgrover/Desktop/RAG2/Dokuwiki/techset/inc/parserutils.php(299): p_render_metadata('lexai_agents:in...', Array)
  #10 /Users/atulgrover/Desktop/RAG2/Dokuwiki/techset/inc/parserutils.php(772): p_get_metadata('lexai_agents:in...', 'title', 1)
  #11 /Users/atulgrover/Desktop/RAG2/Dokuwiki/techset/lib/plugins/fuzzysearch/action.php(130): p_get_first_heading('lexai_agents:in...')
  #12 /Users/atulgrover/Desktop/RAG2/Dokuwiki/techset/lib/plugins/fuzzysearch/action.php(106): action_plugin_fuzzysearch->generatePageList()
  #13 /Users/atulgrover/Desktop/RAG2/Dokuwiki/techset/lib/plugins/fuzzysearch/action.php(51): action_plugin_fuzzysearch->ensureCacheExists(true)
  #14 /Users/atulgrover/Desktop/RAG2/Dokuwiki/techset/inc/Extension/EventHandler.php(80): action_plugin_fuzzysearch->update_cache_on_change(Object(dokuwiki\Extension\Event), NULL)
  #15 /Users/atulgrover/Desktop/RAG2/Dokuwiki/techset/inc/Extension/Event.php(75): dokuwiki\Extension\EventHandler->process_event(Object(dokuwiki\Extension\Event), 'BEFORE')
  #16 /Users/atulgrover/Desktop/RAG2/Dokuwiki/techset/inc/Extension/Event.php(133): dokuwiki\Extension\Event->advise_before(false)
  #17 /Users/atulgrover/Desktop/RAG2/Dokuwiki/techset/inc/Extension/Event.php(200): dokuwiki\Extension\Event->trigger(NULL, false)
  #18 /Users/atulgrover/Desktop/RAG2/Dokuwiki/techset/inc/indexer.php(43): dokuwiki\Extension\Event::createAndTrigger('INDEXER_VERSION...', Array, NULL, false)
  #19 /Users/atulgrover/Desktop/RAG2/Dokuwiki/techset/inc/indexer.php(145): idx_get_version()
  #20 /Users/atulgrover/Desktop/RAG2/Dokuwiki/techset/inc/TaskRunner.php(206): idx_addPage('start', true)
  #21 /Users/atulgrover/Desktop/RAG2/Dokuwiki/techset/inc/TaskRunner.php(52): dokuwiki\TaskRunner->runIndexer()
  #22 /Users/atulgrover/Desktop/RAG2/Dokuwiki/techset/lib/exe/taskrunner.php(20): dokuwiki\TaskRunner->run()
  #23 {main}
2026-04-06 08:13:33	/Users/atulgrover/Desktop/RAG2/Dokuwiki/techset/lib/plugins/markdowku/syntax/ulists.php(79)	E_WARNING: Undefined array key 2
  #0 /Users/atulgrover/Desktop/RAG2/Dokuwiki/techset/lib/plugins/markdowku/syntax/ulists.php(79): dokuwiki\ErrorHandler::errorHandler(2, 'Undefined array...', '/Users/atulgrov...', 79)
  #1 /Users/atulgrover/Desktop/RAG2/Dokuwiki/techset/inc/Parsing/Handler/Lists.php(80): Doku_Handler_Markdown_Unordered_List->interpretSyntax('\n    * ', 'u')
  #2 /Users/atulgrover/Desktop/RAG2/Dokuwiki/techset/inc/Parsing/Handler/Lists.php(32): dokuwiki\Parsing\Handler\Lists->listOpen(Array)
  #3 /Users/atulgrover/Desktop/RAG2/Dokuwiki/techset/inc/Parsing/Handler/Lists.php(20): dokuwiki\Parsing\Handler\Lists->process()
  #4 /Users/atulgrover/Desktop/RAG2/Dokuwiki/techset/inc/parser/handler.php(135): dokuwiki\Parsing\Handler\Lists->finalise()
  #5 /Users/atulgrover/Desktop/RAG2/Dokuwiki/techset/inc/Parsing/Parser.php(127): Doku_Handler->finalize()
  #6 /Users/atulgrover/Desktop/RAG2/Dokuwiki/techset/inc/parserutils.php(234): dokuwiki\Parsing\Parser->parse('\n**VII. Forensi...')
  #7 /Users/atulgrover/Desktop/RAG2/Dokuwiki/techset/inc/parserutils.php(198): p_get_instructions('**VII. Forensic...')
  #8 /Users/atulgrover/Desktop/RAG2/Dokuwiki/techset/inc/parserutils.php(520): p_cached_instructions('/Users/atulgrov...', false, 'lexai_agents:in...')
  #9 /Users/atulgrover/Desktop/RAG2/Dokuwiki/techset/inc/parserutils.php(299): p_render_metadata('lexai_agents:in...', Array)
  #10 /Users/atulgrover/Desktop/RAG2/Dokuwiki/techset/inc/parserutils.php(772): p_get_metadata('lexai_agents:in...', 'title', 1)
  #11 /Users/atulgrover/Desktop/RAG2/Dokuwiki/techset/lib/plugins/fuzzysearch/action.php(130): p_get_first_heading('lexai_agents:in...')
  #12 /Users/atulgrover/Desktop/RAG2/Dokuwiki/techset/lib/plugins/fuzzysearch/action.php(106): action_plugin_fuzzysearch->generatePageList()
  #13 /Users/atulgrover/Desktop/RAG2/Dokuwiki/techset/lib/plugins/fuzzysearch/action.php(51): action_plugin_fuzzysearch->ensureCacheExists(true)
  #14 /Users/atulgrover/Desktop/RAG2/Dokuwiki/techset/inc/Extension/EventHandler.php(80): action_plugin_fuzzysearch->update_cache_on_change(Object(dokuwiki\Extension\Event), NULL)
  #15 /Users/atulgrover/Desktop/RAG2/Dokuwiki/techset/inc/Extension/Event.php(75): dokuwiki\Extension\EventHandler->process_event(Object(dokuwiki\Extension\Event), 'BEFORE')
  #16 /Users/atulgrover/Desktop/RAG2/Dokuwiki/techset/inc/Extension/Event.php(133): dokuwiki\Extension\Event->advise_before(false)
  #17 /Users/atulgrover/Desktop/RAG2/Dokuwiki/techset/inc/Extension/Event.php(200): dokuwiki\Extension\Event->trigger(NULL, false)
  #18 /Users/atulgrover/Desktop/RAG2/Dokuwiki/techset/inc/indexer.php(43): dokuwiki\Extension\Event::createAndTrigger('INDEXER_VERSION...', Array, NULL, false)
  #19 /Users/atulgrover/Desktop/RAG2/Dokuwiki/techset/inc/indexer.php(145): idx_get_version()
  #20 /Users/atulgrover/Desktop/RAG2/Dokuwiki/techset/inc/TaskRunner.php(206): idx_addPage('lite', true)
  #21 /Users/atulgrover/Desktop/RAG2/Dokuwiki/techset/inc/TaskRunner.php(52): dokuwiki\TaskRunner->runIndexer()
  #22 /Users/atulgrover/Desktop/RAG2/Dokuwiki/techset/lib/exe/taskrunner.php(20): dokuwiki\TaskRunner->run()
  #23 {main}
2026-04-06 08:15:12	/Users/atulgrover/Desktop/RAG2/Dokuwiki/techset/lib/plugins/markdowku/syntax/ulists.php(79)	E_WARNING: Undefined array key 2
  #0 /Users/atulgrover/Desktop/RAG2/Dokuwiki/techset/lib/plugins/markdowku/syntax/ulists.php(79): dokuwiki\ErrorHandler::errorHandler(2, 'Undefined array...', '/Users/atulgrov...', 79)
  #1 /Users/atulgrover/Desktop/RAG2/Dokuwiki/techset/inc/Parsing/Handler/Lists.php(80): Doku_Handler_Markdown_Unordered_List->interpretSyntax('\n    * ', 'u')
  #2 /Users/atulgrover/Desktop/RAG2/Dokuwiki/techset/inc/Parsing/Handler/Lists.php(32): dokuwiki\Parsing\Handler\Lists->listOpen(Array)
  #3 /Users/atulgrover/Desktop/RAG2/Dokuwiki/techset/inc/Parsing/Handler/Lists.php(20): dokuwiki\Parsing\Handler\Lists->process()
  #4 /Users/atulgrover/Desktop/RAG2/Dokuwiki/techset/inc/parser/handler.php(135): dokuwiki\Parsing\Handler\Lists->finalise()
  #5 /Users/atulgrover/Desktop/RAG2/Dokuwiki/techset/inc/Parsing/Parser.php(127): Doku_Handler->finalize()
  #6 /Users/atulgrover/Desktop/RAG2/Dokuwiki/techset/inc/parserutils.php(234): dokuwiki\Parsing\Parser->parse('\n**IV. Asset Ma...')
  #7 /Users/atulgrover/Desktop/RAG2/Dokuwiki/techset/inc/parserutils.php(198): p_get_instructions('**IV. Asset Man...')
  #8 /Users/atulgrover/Desktop/RAG2/Dokuwiki/techset/inc/parserutils.php(520): p_cached_instructions('/Users/atulgrov...', false, 'lexai_agents:in...')
  #9 /Users/atulgrover/Desktop/RAG2/Dokuwiki/techset/inc/parserutils.php(299): p_render_metadata('lexai_agents:in...', Array)
  #10 /Users/atulgrover/Desktop/RAG2/Dokuwiki/techset/inc/parserutils.php(772): p_get_metadata('lexai_agents:in...', 'title', 1)
  #11 /Users/atulgrover/Desktop/RAG2/Dokuwiki/techset/lib/plugins/fuzzysearch/action.php(130): p_get_first_heading('lexai_agents:in...')
  #12 /Users/atulgrover/Desktop/RAG2/Dokuwiki/techset/lib/plugins/fuzzysearch/action.php(106): action_plugin_fuzzysearch->generatePageList()
  #13 /Users/atulgrover/Desktop/RAG2/Dokuwiki/techset/lib/plugins/fuzzysearch/action.php(51): action_plugin_fuzzysearch->ensureCacheExists(true)
  #14 /Users/atulgrover/Desktop/RAG2/Dokuwiki/techset/inc/Extension/EventHandler.php(80): action_plugin_fuzzysearch->update_cache_on_change(Object(dokuwiki\Extension\Event), NULL)
  #15 /Users/atulgrover/Desktop/RAG2/Dokuwiki/techset/inc/Extension/Event.php(75): dokuwiki\Extension\EventHandler->process_event(Object(dokuwiki\Extension\Event), 'BEFORE')
  #16 /Users/atulgrover/Desktop/RAG2/Dokuwiki/techset/inc/Extension/Event.php(133): dokuwiki\Extension\Event->advise_before(false)
  #17 /Users/atulgrover/Desktop/RAG2/Dokuwiki/techset/inc/Extension/Event.php(200): dokuwiki\Extension\Event->trigger(NULL, false)
  #18 /Users/atulgrover/Desktop/RAG2/Dokuwiki/techset/inc/indexer.php(43): dokuwiki\Extension\Event::createAndTrigger('INDEXER_VERSION...', Array, NULL, false)
  #19 /Users/atulgrover/Desktop/RAG2/Dokuwiki/techset/inc/indexer.php(145): idx_get_version()
  #20 /Users/atulgrover/Desktop/RAG2/Dokuwiki/techset/inc/TaskRunner.php(206): idx_addPage('lite', true)
  #21 /Users/atulgrover/Desktop/RAG2/Dokuwiki/techset/inc/TaskRunner.php(52): dokuwiki\TaskRunner->runIndexer()
  #22 /Users/atulgrover/Desktop/RAG2/Dokuwiki/techset/lib/exe/taskrunner.php(20): dokuwiki\TaskRunner->run()
  #23 {main}
2026-04-06 08:22:33	/Users/atulgrover/Desktop/RAG2/Dokuwiki/techset/lib/plugins/bureaucracy/helper/field.php(84)	E_WARNING: Undefined array key "label"
  #0 /Users/atulgrover/Desktop/RAG2/Dokuwiki/techset/lib/plugins/bureaucracy/helper/field.php(84): dokuwiki\ErrorHandler::errorHandler(2, 'Undefined array...', '/Users/atulgrov...', 84)
  #1 /Users/atulgrover/Desktop/RAG2/Dokuwiki/techset/lib/plugins/bureaucracy/helper/field.php(53): helper_plugin_bureaucracy_field->init(Array)
  #2 /Users/atulgrover/Desktop/RAG2/Dokuwiki/techset/lib/plugins/bureaucracy/helper/fieldsubmit.php(21): helper_plugin_bureaucracy_field->initialize(Array)
  #3 /Users/atulgrover/Desktop/RAG2/Dokuwiki/techset/lib/plugins/bureaucracy/syntax.php(128): helper_plugin_bureaucracy_fieldsubmit->initialize(Array)
  #4 /Users/atulgrover/Desktop/RAG2/Dokuwiki/techset/inc/parser/handler.php(298): syntax_plugin_bureaucracy->handle('\naction pagemod...', 5, 33, Object(Doku_Handler))
  #5 /Users/atulgrover/Desktop/RAG2/Dokuwiki/techset/inc/Parsing/Lexer/Lexer.php(269): Doku_Handler->plugin('<form>\naction p...', 5, 33, 'bureaucracy')
  #6 /Users/atulgrover/Desktop/RAG2/Dokuwiki/techset/inc/Parsing/Lexer/Lexer.php(196): dokuwiki\Parsing\Lexer\Lexer->invokeHandler('<form>\naction p...', 5, 33)
  #7 /Users/atulgrover/Desktop/RAG2/Dokuwiki/techset/inc/Parsing/Lexer/Lexer.php(146): dokuwiki\Parsing\Lexer\Lexer->dispatchTokens('', '<form>\naction p...', '_plugin_bureauc...', 33, 33)
  #8 /Users/atulgrover/Desktop/RAG2/Dokuwiki/techset/inc/Parsing/Parser.php(113): dokuwiki\Parsing\Lexer\Lexer->parse('\n\n\n')
  #9 /Users/atulgrover/Desktop/RAG2/Dokuwiki/techset/inc/parserutils.php(234): dokuwiki\Parsing\Parser->parse('\n~~NOTOC~~\n\n===...')
  #10 /Users/atulgrover/Desktop/RAG2/Dokuwiki/techset/inc/parserutils.php(198): p_get_instructions('~~NOTOC~~\n\n====...')
  #11 /Users/atulgrover/Desktop/RAG2/Dokuwiki/techset/inc/parserutils.php(520): p_cached_instructions('/Users/atulgrov...', false, 'lexai_agents:bu...')
  #12 /Users/atulgrover/Desktop/RAG2/Dokuwiki/techset/inc/parserutils.php(299): p_render_metadata('lexai_agents:bu...', Array)
  #13 /Users/atulgrover/Desktop/RAG2/Dokuwiki/techset/inc/parserutils.php(772): p_get_metadata('lexai_agents:bu...', 'title', 1)
  #14 /Users/atulgrover/Desktop/RAG2/Dokuwiki/techset/lib/plugins/fuzzysearch/action.php(130): p_get_first_heading('lexai_agents:bu...')
  #15 /Users/atulgrover/Desktop/RAG2/Dokuwiki/techset/lib/plugins/fuzzysearch/action.php(106): action_plugin_fuzzysearch->generatePageList()
  #16 /Users/atulgrover/Desktop/RAG2/Dokuwiki/techset/lib/plugins/fuzzysearch/action.php(51): action_plugin_fuzzysearch->ensureCacheExists(true)
  #17 /Users/atulgrover/Desktop/RAG2/Dokuwiki/techset/inc/Extension/EventHandler.php(80): action_plugin_fuzzysearch->update_cache_on_change(Object(dokuwiki\Extension\Event), NULL)
  #18 /Users/atulgrover/Desktop/RAG2/Dokuwiki/techset/inc/Extension/Event.php(75): dokuwiki\Extension\EventHandler->process_event(Object(dokuwiki\Extension\Event), 'BEFORE')
  #19 /Users/atulgrover/Desktop/RAG2/Dokuwiki/techset/inc/Extension/Event.php(133): dokuwiki\Extension\Event->advise_before(false)
  #20 /Users/atulgrover/Desktop/RAG2/Dokuwiki/techset/inc/Extension/Event.php(200): dokuwiki\Extension\Event->trigger(NULL, false)
  #21 /Users/atulgrover/Desktop/RAG2/Dokuwiki/techset/inc/indexer.php(43): dokuwiki\Extension\Event::createAndTrigger('INDEXER_VERSION...', Array, NULL, false)
  #22 /Users/atulgrover/Desktop/RAG2/Dokuwiki/techset/inc/indexer.php(145): idx_get_version()
  #23 /Users/atulgrover/Desktop/RAG2/Dokuwiki/techset/inc/TaskRunner.php(206): idx_addPage('lite', true)
  #24 /Users/atulgrover/Desktop/RAG2/Dokuwiki/techset/inc/TaskRunner.php(52): dokuwiki\TaskRunner->runIndexer()
  #25 /Users/atulgrover/Desktop/RAG2/Dokuwiki/techset/lib/exe/taskrunner.php(20): dokuwiki\TaskRunner->run()
  #26 {main}
2026-04-06 09:55:31	/Users/atulgrover/Desktop/RAG2/Dokuwiki/techset/lib/plugins/bureaucracy/helper/field.php(84)	E_WARNING: Undefined array key "label"
  #0 /Users/atulgrover/Desktop/RAG2/Dokuwiki/techset/lib/plugins/bureaucracy/helper/field.php(84): dokuwiki\ErrorHandler::errorHandler(2, 'Undefined array...', '/Users/atulgrov...', 84)
  #1 /Users/atulgrover/Desktop/RAG2/Dokuwiki/techset/lib/plugins/bureaucracy/helper/field.php(53): helper_plugin_bureaucracy_field->init(Array)
  #2 /Users/atulgrover/Desktop/RAG2/Dokuwiki/techset/lib/plugins/bureaucracy/helper/fieldsubmit.php(21): helper_plugin_bureaucracy_field->initialize(Array)
  #3 /Users/atulgrover/Desktop/RAG2/Dokuwiki/techset/lib/plugins/bureaucracy/syntax.php(128): helper_plugin_bureaucracy_fieldsubmit->initialize(Array)
  #4 /Users/atulgrover/Desktop/RAG2/Dokuwiki/techset/inc/parser/handler.php(298): syntax_plugin_bureaucracy->handle('\naction pagemod...', 5, 33, Object(Doku_Handler))
  #5 /Users/atulgrover/Desktop/RAG2/Dokuwiki/techset/inc/Parsing/Lexer/Lexer.php(269): Doku_Handler->plugin('<form>\naction p...', 5, 33, 'bureaucracy')
  #6 /Users/atulgrover/Desktop/RAG2/Dokuwiki/techset/inc/Parsing/Lexer/Lexer.php(196): dokuwiki\Parsing\Lexer\Lexer->invokeHandler('<form>\naction p...', 5, 33)
  #7 /Users/atulgrover/Desktop/RAG2/Dokuwiki/techset/inc/Parsing/Lexer/Lexer.php(146): dokuwiki\Parsing\Lexer\Lexer->dispatchTokens('', '<form>\naction p...', '_plugin_bureauc...', 33, 33)
  #8 /Users/atulgrover/Desktop/RAG2/Dokuwiki/techset/inc/Parsing/Parser.php(113): dokuwiki\Parsing\Lexer\Lexer->parse('\n\n\n')
  #9 /Users/atulgrover/Desktop/RAG2/Dokuwiki/techset/inc/parserutils.php(234): dokuwiki\Parsing\Parser->parse('\n~~NOTOC~~\n\n===...')
  #10 /Users/atulgrover/Desktop/RAG2/Dokuwiki/techset/inc/parserutils.php(198): p_get_instructions('~~NOTOC~~\n\n====...')
  #11 /Users/atulgrover/Desktop/RAG2/Dokuwiki/techset/inc/parserutils.php(520): p_cached_instructions('/Users/atulgrov...', false, 'lexai_agents:bu...')
  #12 /Users/atulgrover/Desktop/RAG2/Dokuwiki/techset/inc/parserutils.php(299): p_render_metadata('lexai_agents:bu...', Array)
  #13 /Users/atulgrover/Desktop/RAG2/Dokuwiki/techset/inc/parserutils.php(772): p_get_metadata('lexai_agents:bu...', 'title', 1)
  #14 /Users/atulgrover/Desktop/RAG2/Dokuwiki/techset/lib/plugins/fuzzysearch/action.php(130): p_get_first_heading('lexai_agents:bu...')
  #15 /Users/atulgrover/Desktop/RAG2/Dokuwiki/techset/lib/plugins/fuzzysearch/action.php(106): action_plugin_fuzzysearch->generatePageList()
  #16 /Users/atulgrover/Desktop/RAG2/Dokuwiki/techset/lib/plugins/fuzzysearch/action.php(51): action_plugin_fuzzysearch->ensureCacheExists(true)
  #17 /Users/atulgrover/Desktop/RAG2/Dokuwiki/techset/inc/Extension/EventHandler.php(80): action_plugin_fuzzysearch->update_cache_on_change(Object(dokuwiki\Extension\Event), NULL)
  #18 /Users/atulgrover/Desktop/RAG2/Dokuwiki/techset/inc/Extension/Event.php(75): dokuwiki\Extension\EventHandler->process_event(Object(dokuwiki\Extension\Event), 'BEFORE')
  #19 /Users/atulgrover/Desktop/RAG2/Dokuwiki/techset/inc/Extension/Event.php(133): dokuwiki\Extension\Event->advise_before(false)
  #20 /Users/atulgrover/Desktop/RAG2/Dokuwiki/techset/inc/Extension/Event.php(200): dokuwiki\Extension\Event->trigger(NULL, false)
  #21 /Users/atulgrover/Desktop/RAG2/Dokuwiki/techset/inc/indexer.php(43): dokuwiki\Extension\Event::createAndTrigger('INDEXER_VERSION...', Array, NULL, false)
  #22 /Users/atulgrover/Desktop/RAG2/Dokuwiki/techset/inc/indexer.php(145): idx_get_version()
  #23 /Users/atulgrover/Desktop/RAG2/Dokuwiki/techset/inc/TaskRunner.php(206): idx_addPage('start', true)
  #24 /Users/atulgrover/Desktop/RAG2/Dokuwiki/techset/inc/TaskRunner.php(52): dokuwiki\TaskRunner->runIndexer()
  #25 /Users/atulgrover/Desktop/RAG2/Dokuwiki/techset/lib/exe/taskrunner.php(20): dokuwiki\TaskRunner->run()
  #26 {main}
2026-04-06 09:56:05	/Users/atulgrover/Desktop/RAG2/Dokuwiki/techset/inc/Parsing/Handler/Quote.php(34)	E_WARNING: Undefined array key 0
  #0 /Users/atulgrover/Desktop/RAG2/Dokuwiki/techset/inc/Parsing/Handler/Quote.php(34): dokuwiki\ErrorHandler::errorHandler(2, 'Undefined array...', '/Users/atulgrov...', 34)
  #1 /Users/atulgrover/Desktop/RAG2/Dokuwiki/techset/lib/plugins/markdowku/syntax/blockquotes.php(62): dokuwiki\Parsing\Handler\Quote->process()
  #2 /Users/atulgrover/Desktop/RAG2/Dokuwiki/techset/inc/parser/handler.php(298): syntax_plugin_markdowku_blockquotes->handle('\n\n', 4, 1018, Object(Doku_Handler))
  #3 /Users/atulgrover/Desktop/RAG2/Dokuwiki/techset/inc/Parsing/Lexer/Lexer.php(269): Doku_Handler->plugin('\n\n', 4, 1018, 'markdowku_block...')
  #4 /Users/atulgrover/Desktop/RAG2/Dokuwiki/techset/inc/Parsing/Lexer/Lexer.php(189): dokuwiki\Parsing\Lexer\Lexer->invokeHandler('\n\n', 4, 1018)
  #5 /Users/atulgrover/Desktop/RAG2/Dokuwiki/techset/inc/Parsing/Lexer/Lexer.php(146): dokuwiki\Parsing\Lexer\Lexer->dispatchTokens('', '\n\n', '__exit', 1018, 1018)
  #6 /Users/atulgrover/Desktop/RAG2/Dokuwiki/techset/inc/Parsing/Parser.php(113): dokuwiki\Parsing\Lexer\Lexer->parse('\n\n\nAbstract and...')
  #7 /Users/atulgrover/Desktop/RAG2/Dokuwiki/techset/inc/parserutils.php(234): dokuwiki\Parsing\Parser->parse('\n<!-- LITEPARSE...')
  #8 /Users/atulgrover/Desktop/RAG2/Dokuwiki/techset/inc/parserutils.php(198): p_get_instructions('<!-- LITEPARSE:...')
  #9 /Users/atulgrover/Desktop/RAG2/Dokuwiki/techset/inc/parserutils.php(520): p_cached_instructions('/Users/atulgrov...', false, 'liteparse_test')
  #10 /Users/atulgrover/Desktop/RAG2/Dokuwiki/techset/inc/parserutils.php(299): p_render_metadata('liteparse_test', Array)
  #11 /Users/atulgrover/Desktop/RAG2/Dokuwiki/techset/inc/common.php(265): p_get_metadata('liteparse_test')
  #12 /Users/atulgrover/Desktop/RAG2/Dokuwiki/techset/doku.php(101): pageinfo()
  #13 {main}
2026-04-06 10:41:01	/Users/atulgrover/Desktop/RAG2/Dokuwiki/techset/lib/plugins/bureaucracy/helper/field.php(84)	E_WARNING: Undefined array key "label"
  #0 /Users/atulgrover/Desktop/RAG2/Dokuwiki/techset/lib/plugins/bureaucracy/helper/field.php(84): dokuwiki\ErrorHandler::errorHandler(2, 'Undefined array...', '/Users/atulgrov...', 84)
  #1 /Users/atulgrover/Desktop/RAG2/Dokuwiki/techset/lib/plugins/bureaucracy/helper/field.php(53): helper_plugin_bureaucracy_field->init(Array)
  #2 /Users/atulgrover/Desktop/RAG2/Dokuwiki/techset/lib/plugins/bureaucracy/helper/fieldsubmit.php(21): helper_plugin_bureaucracy_field->initialize(Array)
  #3 /Users/atulgrover/Desktop/RAG2/Dokuwiki/techset/lib/plugins/bureaucracy/syntax.php(128): helper_plugin_bureaucracy_fieldsubmit->initialize(Array)
  #4 /Users/atulgrover/Desktop/RAG2/Dokuwiki/techset/inc/parser/handler.php(298): syntax_plugin_bureaucracy->handle('\naction pagemod...', 5, 33, Object(Doku_Handler))
  #5 /Users/atulgrover/Desktop/RAG2/Dokuwiki/techset/inc/Parsing/Lexer/Lexer.php(269): Doku_Handler->plugin('<form>\naction p...', 5, 33, 'bureaucracy')
  #6 /Users/atulgrover/Desktop/RAG2/Dokuwiki/techset/inc/Parsing/Lexer/Lexer.php(196): dokuwiki\Parsing\Lexer\Lexer->invokeHandler('<form>\naction p...', 5, 33)
  #7 /Users/atulgrover/Desktop/RAG2/Dokuwiki/techset/inc/Parsing/Lexer/Lexer.php(146): dokuwiki\Parsing\Lexer\Lexer->dispatchTokens('', '<form>\naction p...', '_plugin_bureauc...', 33, 33)
  #8 /Users/atulgrover/Desktop/RAG2/Dokuwiki/techset/inc/Parsing/Parser.php(113): dokuwiki\Parsing\Lexer\Lexer->parse('\n\n\n')
  #9 /Users/atulgrover/Desktop/RAG2/Dokuwiki/techset/inc/parserutils.php(234): dokuwiki\Parsing\Parser->parse('\n~~NOTOC~~\n\n===...')
  #10 /Users/atulgrover/Desktop/RAG2/Dokuwiki/techset/inc/parserutils.php(198): p_get_instructions('~~NOTOC~~\n\n====...')
  #11 /Users/atulgrover/Desktop/RAG2/Dokuwiki/techset/inc/parserutils.php(520): p_cached_instructions('/Users/atulgrov...', false, 'lexai_agents:bu...')
  #12 /Users/atulgrover/Desktop/RAG2/Dokuwiki/techset/inc/parserutils.php(299): p_render_metadata('lexai_agents:bu...', Array)
  #13 /Users/atulgrover/Desktop/RAG2/Dokuwiki/techset/inc/parserutils.php(772): p_get_metadata('lexai_agents:bu...', 'title', 1)
  #14 /Users/atulgrover/Desktop/RAG2/Dokuwiki/techset/lib/plugins/fuzzysearch/action.php(130): p_get_first_heading('lexai_agents:bu...')
  #15 /Users/atulgrover/Desktop/RAG2/Dokuwiki/techset/lib/plugins/fuzzysearch/action.php(106): action_plugin_fuzzysearch->generatePageList()
  #16 /Users/atulgrover/Desktop/RAG2/Dokuwiki/techset/lib/plugins/fuzzysearch/action.php(51): action_plugin_fuzzysearch->ensureCacheExists(true)
  #17 /Users/atulgrover/Desktop/RAG2/Dokuwiki/techset/inc/Extension/EventHandler.php(80): action_plugin_fuzzysearch->update_cache_on_change(Object(dokuwiki\Extension\Event), NULL)
  #18 /Users/atulgrover/Desktop/RAG2/Dokuwiki/techset/inc/Extension/Event.php(75): dokuwiki\Extension\EventHandler->process_event(Object(dokuwiki\Extension\Event), 'BEFORE')
  #19 /Users/atulgrover/Desktop/RAG2/Dokuwiki/techset/inc/Extension/Event.php(133): dokuwiki\Extension\Event->advise_before(false)
  #20 /Users/atulgrover/Desktop/RAG2/Dokuwiki/techset/inc/Extension/Event.php(200): dokuwiki\Extension\Event->trigger(NULL, false)
  #21 /Users/atulgrover/Desktop/RAG2/Dokuwiki/techset/inc/indexer.php(43): dokuwiki\Extension\Event::createAndTrigger('INDEXER_VERSION...', Array, NULL, false)
  #22 /Users/atulgrover/Desktop/RAG2/Dokuwiki/techset/inc/indexer.php(145): idx_get_version()
  #23 /Users/atulgrover/Desktop/RAG2/Dokuwiki/techset/inc/TaskRunner.php(206): idx_addPage('l3', true)
  #24 /Users/atulgrover/Desktop/RAG2/Dokuwiki/techset/inc/TaskRunner.php(52): dokuwiki\TaskRunner->runIndexer()
  #25 /Users/atulgrover/Desktop/RAG2/Dokuwiki/techset/lib/exe/taskrunner.php(20): dokuwiki\TaskRunner->run()
  #26 {main}
