2026-04-02 05:17:27	/Users/atulgrover/Desktop/RAG/Dokuwiki/techset/lib/plugins/bureaucracy/helper/field.php(84)	E_WARNING: Undefined array key "label"
  #0 /Users/atulgrover/Desktop/RAG/Dokuwiki/techset/lib/plugins/bureaucracy/helper/field.php(84): dokuwiki\ErrorHandler::errorHandler(2, 'Undefined array...', '/Users/atulgrov...', 84)
  #1 /Users/atulgrover/Desktop/RAG/Dokuwiki/techset/lib/plugins/bureaucracy/helper/field.php(53): helper_plugin_bureaucracy_field->init(Array)
  #2 /Users/atulgrover/Desktop/RAG/Dokuwiki/techset/lib/plugins/bureaucracy/helper/fieldsubmit.php(21): helper_plugin_bureaucracy_field->initialize(Array)
  #3 /Users/atulgrover/Desktop/RAG/Dokuwiki/techset/lib/plugins/bureaucracy/syntax.php(128): helper_plugin_bureaucracy_fieldsubmit->initialize(Array)
  #4 /Users/atulgrover/Desktop/RAG/Dokuwiki/techset/inc/parser/handler.php(298): syntax_plugin_bureaucracy->handle('\naction pagemod...', 5, 33, Object(Doku_Handler))
  #5 /Users/atulgrover/Desktop/RAG/Dokuwiki/techset/inc/Parsing/Lexer/Lexer.php(269): Doku_Handler->plugin('<form>\naction p...', 5, 33, 'bureaucracy')
  #6 /Users/atulgrover/Desktop/RAG/Dokuwiki/techset/inc/Parsing/Lexer/Lexer.php(196): dokuwiki\Parsing\Lexer\Lexer->invokeHandler('<form>\naction p...', 5, 33)
  #7 /Users/atulgrover/Desktop/RAG/Dokuwiki/techset/inc/Parsing/Lexer/Lexer.php(146): dokuwiki\Parsing\Lexer\Lexer->dispatchTokens('', '<form>\naction p...', '_plugin_bureauc...', 33, 33)
  #8 /Users/atulgrover/Desktop/RAG/Dokuwiki/techset/inc/Parsing/Parser.php(113): dokuwiki\Parsing\Lexer\Lexer->parse('\n\n\n')
  #9 /Users/atulgrover/Desktop/RAG/Dokuwiki/techset/inc/parserutils.php(234): dokuwiki\Parsing\Parser->parse('\n~~NOTOC~~\n\n===...')
  #10 /Users/atulgrover/Desktop/RAG/Dokuwiki/techset/inc/parserutils.php(198): p_get_instructions('~~NOTOC~~\n\n====...')
  #11 /Users/atulgrover/Desktop/RAG/Dokuwiki/techset/inc/parserutils.php(520): p_cached_instructions('/Users/atulgrov...', false, 'lexai_agents:bu...')
  #12 /Users/atulgrover/Desktop/RAG/Dokuwiki/techset/inc/parserutils.php(299): p_render_metadata('lexai_agents:bu...', Array)
  #13 /Users/atulgrover/Desktop/RAG/Dokuwiki/techset/inc/parserutils.php(772): p_get_metadata('lexai_agents:bu...', 'title', 1)
  #14 /Users/atulgrover/Desktop/RAG/Dokuwiki/techset/lib/plugins/fuzzysearch/action.php(130): p_get_first_heading('lexai_agents:bu...')
  #15 /Users/atulgrover/Desktop/RAG/Dokuwiki/techset/lib/plugins/fuzzysearch/action.php(106): action_plugin_fuzzysearch->generatePageList()
  #16 /Users/atulgrover/Desktop/RAG/Dokuwiki/techset/lib/plugins/fuzzysearch/action.php(51): action_plugin_fuzzysearch->ensureCacheExists(true)
  #17 /Users/atulgrover/Desktop/RAG/Dokuwiki/techset/inc/Extension/EventHandler.php(80): action_plugin_fuzzysearch->update_cache_on_change(Object(dokuwiki\Extension\Event), NULL)
  #18 /Users/atulgrover/Desktop/RAG/Dokuwiki/techset/inc/Extension/Event.php(75): dokuwiki\Extension\EventHandler->process_event(Object(dokuwiki\Extension\Event), 'BEFORE')
  #19 /Users/atulgrover/Desktop/RAG/Dokuwiki/techset/inc/Extension/Event.php(133): dokuwiki\Extension\Event->advise_before(false)
  #20 /Users/atulgrover/Desktop/RAG/Dokuwiki/techset/inc/Extension/Event.php(200): dokuwiki\Extension\Event->trigger(NULL, false)
  #21 /Users/atulgrover/Desktop/RAG/Dokuwiki/techset/inc/indexer.php(43): dokuwiki\Extension\Event::createAndTrigger('INDEXER_VERSION...', Array, NULL, false)
  #22 /Users/atulgrover/Desktop/RAG/Dokuwiki/techset/inc/indexer.php(145): idx_get_version()
  #23 /Users/atulgrover/Desktop/RAG/Dokuwiki/techset/inc/TaskRunner.php(206): idx_addPage('rbz_directories...', true)
  #24 /Users/atulgrover/Desktop/RAG/Dokuwiki/techset/inc/TaskRunner.php(52): dokuwiki\TaskRunner->runIndexer()
  #25 /Users/atulgrover/Desktop/RAG/Dokuwiki/techset/lib/exe/taskrunner.php(20): dokuwiki\TaskRunner->run()
  #26 {main}
2026-04-02 05:43:43	/Users/atulgrover/Desktop/RAG/Dokuwiki/techset/lib/plugins/smtp/helper.php(22)	E_WARNING: Undefined array key "SERVER_ADDR"
  #0 /Users/atulgrover/Desktop/RAG/Dokuwiki/techset/lib/plugins/smtp/helper.php(22): dokuwiki\ErrorHandler::errorHandler(2, 'Undefined array...', '/Users/atulgrov...', 22)
  #1 /Users/atulgrover/Desktop/RAG/Dokuwiki/techset/lib/plugins/smtp/action.php(67): helper_plugin_smtp::getEHLO('')
  #2 /Users/atulgrover/Desktop/RAG/Dokuwiki/techset/inc/Extension/EventHandler.php(80): action_plugin_smtp->handle_mail_message_send(Object(dokuwiki\Extension\Event), NULL)
  #3 /Users/atulgrover/Desktop/RAG/Dokuwiki/techset/inc/Extension/Event.php(75): dokuwiki\Extension\EventHandler->process_event(Object(dokuwiki\Extension\Event), 'BEFORE')
  #4 /Users/atulgrover/Desktop/RAG/Dokuwiki/techset/inc/Mailer.class.php(739): dokuwiki\Extension\Event->advise_before(true)
  #5 /Users/atulgrover/Desktop/RAG/Dokuwiki/techset/inc/Subscriptions/SubscriptionSender.php(84): Mailer->send()
  #6 /Users/atulgrover/Desktop/RAG/Dokuwiki/techset/inc/Subscriptions/PageSubscriptionSender.php(74): dokuwiki\Subscriptions\SubscriptionSender->send('atulgroverr@gma...', 'page changed: s...', 'start', 'mailtext', Array, Array, Array)
  #7 /Users/atulgrover/Desktop/RAG/Dokuwiki/techset/inc/common.php(1344): dokuwiki\Subscriptions\PageSubscriptionSender->sendPageDiff('atulgroverr@gma...', 'mailtext', 'start', 1768812448, '', false)
  #8 /Users/atulgrover/Desktop/RAG/Dokuwiki/techset/inc/common.php(1273): notify('start', 'admin', 1768812448, '', false, 1775108623)
  #9 /Users/atulgrover/Desktop/RAG/Dokuwiki/techset/inc/Action/Save.php(58): saveWikiText('start', '<WRAP group> \n\n...', '', false)
  #10 /Users/atulgrover/Desktop/RAG/Dokuwiki/techset/inc/ActionRouter.php(86): dokuwiki\Action\Save->preProcess()
  #11 /Users/atulgrover/Desktop/RAG/Dokuwiki/techset/inc/ActionRouter.php(49): dokuwiki\ActionRouter->setupAction('save')
  #12 /Users/atulgrover/Desktop/RAG/Dokuwiki/techset/inc/ActionRouter.php(62): dokuwiki\ActionRouter->__construct()
  #13 /Users/atulgrover/Desktop/RAG/Dokuwiki/techset/inc/actions.php(19): dokuwiki\ActionRouter::getInstance(true)
  #14 /Users/atulgrover/Desktop/RAG/Dokuwiki/techset/doku.php(131): act_dispatch()
  #15 {main}
2026-04-02 05:46:11	/Users/atulgrover/Desktop/RAG/Dokuwiki/techset/lib/plugins/smtp/helper.php(22)	E_WARNING: Undefined array key "SERVER_ADDR"
  #0 /Users/atulgrover/Desktop/RAG/Dokuwiki/techset/lib/plugins/smtp/helper.php(22): dokuwiki\ErrorHandler::errorHandler(2, 'Undefined array...', '/Users/atulgrov...', 22)
  #1 /Users/atulgrover/Desktop/RAG/Dokuwiki/techset/lib/plugins/smtp/action.php(67): helper_plugin_smtp::getEHLO('')
  #2 /Users/atulgrover/Desktop/RAG/Dokuwiki/techset/inc/Extension/EventHandler.php(80): action_plugin_smtp->handle_mail_message_send(Object(dokuwiki\Extension\Event), NULL)
  #3 /Users/atulgrover/Desktop/RAG/Dokuwiki/techset/inc/Extension/Event.php(75): dokuwiki\Extension\EventHandler->process_event(Object(dokuwiki\Extension\Event), 'BEFORE')
  #4 /Users/atulgrover/Desktop/RAG/Dokuwiki/techset/inc/Mailer.class.php(739): dokuwiki\Extension\Event->advise_before(true)
  #5 /Users/atulgrover/Desktop/RAG/Dokuwiki/techset/inc/Subscriptions/SubscriptionSender.php(84): Mailer->send()
  #6 /Users/atulgrover/Desktop/RAG/Dokuwiki/techset/inc/Subscriptions/PageSubscriptionSender.php(74): dokuwiki\Subscriptions\SubscriptionSender->send('atulgroverr@gma...', 'page changed: s...', 'start', 'mailtext', Array, Array, Array)
  #7 /Users/atulgrover/Desktop/RAG/Dokuwiki/techset/inc/common.php(1344): dokuwiki\Subscriptions\PageSubscriptionSender->sendPageDiff('atulgroverr@gma...', 'mailtext', 'start', 1775108623, '', false)
  #8 /Users/atulgrover/Desktop/RAG/Dokuwiki/techset/inc/common.php(1273): notify('start', 'admin', 1775108623, '', false, 1775108771)
  #9 /Users/atulgrover/Desktop/RAG/Dokuwiki/techset/inc/Action/Save.php(58): saveWikiText('start', '<WRAP group> \n\n...', '', false)
  #10 /Users/atulgrover/Desktop/RAG/Dokuwiki/techset/inc/ActionRouter.php(86): dokuwiki\Action\Save->preProcess()
  #11 /Users/atulgrover/Desktop/RAG/Dokuwiki/techset/inc/ActionRouter.php(49): dokuwiki\ActionRouter->setupAction('save')
  #12 /Users/atulgrover/Desktop/RAG/Dokuwiki/techset/inc/ActionRouter.php(62): dokuwiki\ActionRouter->__construct()
  #13 /Users/atulgrover/Desktop/RAG/Dokuwiki/techset/inc/actions.php(19): dokuwiki\ActionRouter::getInstance(true)
  #14 /Users/atulgrover/Desktop/RAG/Dokuwiki/techset/doku.php(131): act_dispatch()
  #15 {main}
2026-04-02 05:58:56	/Users/atulgrover/Desktop/RAG/Dokuwiki/techset/lib/plugins/markdowku/syntax/ulists.php(79)	E_WARNING: Undefined array key 2
  #0 /Users/atulgrover/Desktop/RAG/Dokuwiki/techset/lib/plugins/markdowku/syntax/ulists.php(79): dokuwiki\ErrorHandler::errorHandler(2, 'Undefined array...', '/Users/atulgrov...', 79)
  #1 /Users/atulgrover/Desktop/RAG/Dokuwiki/techset/inc/Parsing/Handler/Lists.php(80): Doku_Handler_Markdown_Unordered_List->interpretSyntax('\n    * ', 'u')
  #2 /Users/atulgrover/Desktop/RAG/Dokuwiki/techset/inc/Parsing/Handler/Lists.php(32): dokuwiki\Parsing\Handler\Lists->listOpen(Array)
  #3 /Users/atulgrover/Desktop/RAG/Dokuwiki/techset/inc/Parsing/Handler/Lists.php(20): dokuwiki\Parsing\Handler\Lists->process()
  #4 /Users/atulgrover/Desktop/RAG/Dokuwiki/techset/inc/parser/handler.php(135): dokuwiki\Parsing\Handler\Lists->finalise()
  #5 /Users/atulgrover/Desktop/RAG/Dokuwiki/techset/inc/Parsing/Parser.php(127): Doku_Handler->finalize()
  #6 /Users/atulgrover/Desktop/RAG/Dokuwiki/techset/inc/parserutils.php(234): dokuwiki\Parsing\Parser->parse('\n{{tagfilter>Ag...')
  #7 /Users/atulgrover/Desktop/RAG/Dokuwiki/techset/inc/parserutils.php(198): p_get_instructions('{{tagfilter>Age...')
  #8 /Users/atulgrover/Desktop/RAG/Dokuwiki/techset/inc/parserutils.php(520): p_cached_instructions('/Users/atulgrov...', false, 'lexai_agents:in...')
  #9 /Users/atulgrover/Desktop/RAG/Dokuwiki/techset/inc/parserutils.php(299): p_render_metadata('lexai_agents:in...', Array)
  #10 /Users/atulgrover/Desktop/RAG/Dokuwiki/techset/inc/parserutils.php(772): p_get_metadata('lexai_agents:in...', 'title', 1)
  #11 /Users/atulgrover/Desktop/RAG/Dokuwiki/techset/lib/plugins/fuzzysearch/action.php(130): p_get_first_heading('lexai_agents:in...')
  #12 /Users/atulgrover/Desktop/RAG/Dokuwiki/techset/lib/plugins/fuzzysearch/action.php(106): action_plugin_fuzzysearch->generatePageList()
  #13 /Users/atulgrover/Desktop/RAG/Dokuwiki/techset/lib/plugins/fuzzysearch/action.php(51): action_plugin_fuzzysearch->ensureCacheExists(true)
  #14 /Users/atulgrover/Desktop/RAG/Dokuwiki/techset/inc/Extension/EventHandler.php(80): action_plugin_fuzzysearch->update_cache_on_change(Object(dokuwiki\Extension\Event), NULL)
  #15 /Users/atulgrover/Desktop/RAG/Dokuwiki/techset/inc/Extension/Event.php(75): dokuwiki\Extension\EventHandler->process_event(Object(dokuwiki\Extension\Event), 'BEFORE')
  #16 /Users/atulgrover/Desktop/RAG/Dokuwiki/techset/inc/Extension/Event.php(133): dokuwiki\Extension\Event->advise_before(false)
  #17 /Users/atulgrover/Desktop/RAG/Dokuwiki/techset/inc/Extension/Event.php(200): dokuwiki\Extension\Event->trigger(NULL, false)
  #18 /Users/atulgrover/Desktop/RAG/Dokuwiki/techset/inc/indexer.php(43): dokuwiki\Extension\Event::createAndTrigger('INDEXER_VERSION...', Array, NULL, false)
  #19 /Users/atulgrover/Desktop/RAG/Dokuwiki/techset/inc/indexer.php(145): idx_get_version()
  #20 /Users/atulgrover/Desktop/RAG/Dokuwiki/techset/inc/TaskRunner.php(206): idx_addPage('start', true)
  #21 /Users/atulgrover/Desktop/RAG/Dokuwiki/techset/inc/TaskRunner.php(52): dokuwiki\TaskRunner->runIndexer()
  #22 /Users/atulgrover/Desktop/RAG/Dokuwiki/techset/lib/exe/taskrunner.php(20): dokuwiki\TaskRunner->run()
  #23 {main}
2026-04-02 05:58:57	/Users/atulgrover/Desktop/RAG/Dokuwiki/techset/lib/plugins/markdowku/syntax/ulists.php(79)	E_WARNING: Undefined array key 2
  #0 /Users/atulgrover/Desktop/RAG/Dokuwiki/techset/lib/plugins/markdowku/syntax/ulists.php(79): dokuwiki\ErrorHandler::errorHandler(2, 'Undefined array...', '/Users/atulgrov...', 79)
  #1 /Users/atulgrover/Desktop/RAG/Dokuwiki/techset/inc/Parsing/Handler/Lists.php(80): Doku_Handler_Markdown_Unordered_List->interpretSyntax('\n    * ', 'u')
  #2 /Users/atulgrover/Desktop/RAG/Dokuwiki/techset/inc/Parsing/Handler/Lists.php(32): dokuwiki\Parsing\Handler\Lists->listOpen(Array)
  #3 /Users/atulgrover/Desktop/RAG/Dokuwiki/techset/inc/Parsing/Handler/Lists.php(20): dokuwiki\Parsing\Handler\Lists->process()
  #4 /Users/atulgrover/Desktop/RAG/Dokuwiki/techset/inc/parser/handler.php(135): dokuwiki\Parsing\Handler\Lists->finalise()
  #5 /Users/atulgrover/Desktop/RAG/Dokuwiki/techset/inc/Parsing/Parser.php(127): Doku_Handler->finalize()
  #6 /Users/atulgrover/Desktop/RAG/Dokuwiki/techset/inc/parserutils.php(234): dokuwiki\Parsing\Parser->parse('\n**III. Legal &...')
  #7 /Users/atulgrover/Desktop/RAG/Dokuwiki/techset/inc/parserutils.php(198): p_get_instructions('**III. Legal & ...')
  #8 /Users/atulgrover/Desktop/RAG/Dokuwiki/techset/inc/parserutils.php(520): p_cached_instructions('/Users/atulgrov...', false, 'lexai_agents:in...')
  #9 /Users/atulgrover/Desktop/RAG/Dokuwiki/techset/inc/parserutils.php(299): p_render_metadata('lexai_agents:in...', Array)
  #10 /Users/atulgrover/Desktop/RAG/Dokuwiki/techset/inc/parserutils.php(772): p_get_metadata('lexai_agents:in...', 'title', 1)
  #11 /Users/atulgrover/Desktop/RAG/Dokuwiki/techset/lib/plugins/fuzzysearch/action.php(130): p_get_first_heading('lexai_agents:in...')
  #12 /Users/atulgrover/Desktop/RAG/Dokuwiki/techset/lib/plugins/fuzzysearch/action.php(106): action_plugin_fuzzysearch->generatePageList()
  #13 /Users/atulgrover/Desktop/RAG/Dokuwiki/techset/lib/plugins/fuzzysearch/action.php(51): action_plugin_fuzzysearch->ensureCacheExists(true)
  #14 /Users/atulgrover/Desktop/RAG/Dokuwiki/techset/inc/Extension/EventHandler.php(80): action_plugin_fuzzysearch->update_cache_on_change(Object(dokuwiki\Extension\Event), NULL)
  #15 /Users/atulgrover/Desktop/RAG/Dokuwiki/techset/inc/Extension/Event.php(75): dokuwiki\Extension\EventHandler->process_event(Object(dokuwiki\Extension\Event), 'BEFORE')
  #16 /Users/atulgrover/Desktop/RAG/Dokuwiki/techset/inc/Extension/Event.php(133): dokuwiki\Extension\Event->advise_before(false)
  #17 /Users/atulgrover/Desktop/RAG/Dokuwiki/techset/inc/Extension/Event.php(200): dokuwiki\Extension\Event->trigger(NULL, false)
  #18 /Users/atulgrover/Desktop/RAG/Dokuwiki/techset/inc/indexer.php(43): dokuwiki\Extension\Event::createAndTrigger('INDEXER_VERSION...', Array, NULL, false)
  #19 /Users/atulgrover/Desktop/RAG/Dokuwiki/techset/inc/indexer.php(145): idx_get_version()
  #20 /Users/atulgrover/Desktop/RAG/Dokuwiki/techset/inc/TaskRunner.php(206): idx_addPage('start', true)
  #21 /Users/atulgrover/Desktop/RAG/Dokuwiki/techset/inc/TaskRunner.php(52): dokuwiki\TaskRunner->runIndexer()
  #22 /Users/atulgrover/Desktop/RAG/Dokuwiki/techset/lib/exe/taskrunner.php(20): dokuwiki\TaskRunner->run()
  #23 {main}
2026-04-02 06:00:08	/Users/atulgrover/Desktop/RAG/Dokuwiki/techset/lib/plugins/smtp/helper.php(22)	E_WARNING: Undefined array key "SERVER_ADDR"
  #0 /Users/atulgrover/Desktop/RAG/Dokuwiki/techset/lib/plugins/smtp/helper.php(22): dokuwiki\ErrorHandler::errorHandler(2, 'Undefined array...', '/Users/atulgrov...', 22)
  #1 /Users/atulgrover/Desktop/RAG/Dokuwiki/techset/lib/plugins/smtp/action.php(67): helper_plugin_smtp::getEHLO('')
  #2 /Users/atulgrover/Desktop/RAG/Dokuwiki/techset/inc/Extension/EventHandler.php(80): action_plugin_smtp->handle_mail_message_send(Object(dokuwiki\Extension\Event), NULL)
  #3 /Users/atulgrover/Desktop/RAG/Dokuwiki/techset/inc/Extension/Event.php(75): dokuwiki\Extension\EventHandler->process_event(Object(dokuwiki\Extension\Event), 'BEFORE')
  #4 /Users/atulgrover/Desktop/RAG/Dokuwiki/techset/inc/Mailer.class.php(739): dokuwiki\Extension\Event->advise_before(true)
  #5 /Users/atulgrover/Desktop/RAG/Dokuwiki/techset/inc/Subscriptions/SubscriptionSender.php(84): Mailer->send()
  #6 /Users/atulgrover/Desktop/RAG/Dokuwiki/techset/inc/Subscriptions/PageSubscriptionSender.php(74): dokuwiki\Subscriptions\SubscriptionSender->send('atulgroverr@gma...', 'page added: rbz...', 'rbz_directories...', 'mailtext', Array, Array, Array)
  #7 /Users/atulgrover/Desktop/RAG/Dokuwiki/techset/inc/common.php(1344): dokuwiki\Subscriptions\PageSubscriptionSender->sendPageDiff('atulgroverr@gma...', 'mailtext', 'rbz_directories...', false, 'created', false)
  #8 /Users/atulgrover/Desktop/RAG/Dokuwiki/techset/inc/common.php(1273): notify('rbz_directories...', 'admin', false, 'created', false, 1775109608)
  #9 /Users/atulgrover/Desktop/RAG/Dokuwiki/techset/inc/Action/Save.php(58): saveWikiText('rbz_directories...', 'https://valuers...', 'created', false)
  #10 /Users/atulgrover/Desktop/RAG/Dokuwiki/techset/inc/ActionRouter.php(86): dokuwiki\Action\Save->preProcess()
  #11 /Users/atulgrover/Desktop/RAG/Dokuwiki/techset/inc/ActionRouter.php(49): dokuwiki\ActionRouter->setupAction('save')
  #12 /Users/atulgrover/Desktop/RAG/Dokuwiki/techset/inc/ActionRouter.php(62): dokuwiki\ActionRouter->__construct()
  #13 /Users/atulgrover/Desktop/RAG/Dokuwiki/techset/inc/actions.php(19): dokuwiki\ActionRouter::getInstance(true)
  #14 /Users/atulgrover/Desktop/RAG/Dokuwiki/techset/doku.php(131): act_dispatch()
  #15 {main}
2026-04-02 06:00:21	/Users/atulgrover/Desktop/RAG/Dokuwiki/techset/lib/plugins/markdowku/syntax/ulists.php(79)	E_WARNING: Undefined array key 2
  #0 /Users/atulgrover/Desktop/RAG/Dokuwiki/techset/lib/plugins/markdowku/syntax/ulists.php(79): dokuwiki\ErrorHandler::errorHandler(2, 'Undefined array...', '/Users/atulgrov...', 79)
  #1 /Users/atulgrover/Desktop/RAG/Dokuwiki/techset/inc/Parsing/Handler/Lists.php(80): Doku_Handler_Markdown_Unordered_List->interpretSyntax('\n    * ', 'u')
  #2 /Users/atulgrover/Desktop/RAG/Dokuwiki/techset/inc/Parsing/Handler/Lists.php(32): dokuwiki\Parsing\Handler\Lists->listOpen(Array)
  #3 /Users/atulgrover/Desktop/RAG/Dokuwiki/techset/inc/Parsing/Handler/Lists.php(20): dokuwiki\Parsing\Handler\Lists->process()
  #4 /Users/atulgrover/Desktop/RAG/Dokuwiki/techset/inc/parser/handler.php(135): dokuwiki\Parsing\Handler\Lists->finalise()
  #5 /Users/atulgrover/Desktop/RAG/Dokuwiki/techset/inc/Parsing/Parser.php(127): Doku_Handler->finalize()
  #6 /Users/atulgrover/Desktop/RAG/Dokuwiki/techset/inc/parserutils.php(234): dokuwiki\Parsing\Parser->parse('\n**III. Legal &...')
  #7 /Users/atulgrover/Desktop/RAG/Dokuwiki/techset/inc/parserutils.php(198): p_get_instructions('**III. Legal & ...')
  #8 /Users/atulgrover/Desktop/RAG/Dokuwiki/techset/inc/parserutils.php(520): p_cached_instructions('/Users/atulgrov...', false, 'lexai_agents:in...')
  #9 /Users/atulgrover/Desktop/RAG/Dokuwiki/techset/inc/parserutils.php(299): p_render_metadata('lexai_agents:in...', Array)
  #10 /Users/atulgrover/Desktop/RAG/Dokuwiki/techset/inc/parserutils.php(772): p_get_metadata('lexai_agents:in...', 'title', 1)
  #11 /Users/atulgrover/Desktop/RAG/Dokuwiki/techset/lib/plugins/fuzzysearch/action.php(130): p_get_first_heading('lexai_agents:in...')
  #12 /Users/atulgrover/Desktop/RAG/Dokuwiki/techset/lib/plugins/fuzzysearch/action.php(106): action_plugin_fuzzysearch->generatePageList()
  #13 /Users/atulgrover/Desktop/RAG/Dokuwiki/techset/lib/plugins/fuzzysearch/action.php(51): action_plugin_fuzzysearch->ensureCacheExists(true)
  #14 /Users/atulgrover/Desktop/RAG/Dokuwiki/techset/inc/Extension/EventHandler.php(80): action_plugin_fuzzysearch->update_cache_on_change(Object(dokuwiki\Extension\Event), NULL)
  #15 /Users/atulgrover/Desktop/RAG/Dokuwiki/techset/inc/Extension/Event.php(75): dokuwiki\Extension\EventHandler->process_event(Object(dokuwiki\Extension\Event), 'BEFORE')
  #16 /Users/atulgrover/Desktop/RAG/Dokuwiki/techset/inc/Extension/Event.php(133): dokuwiki\Extension\Event->advise_before(false)
  #17 /Users/atulgrover/Desktop/RAG/Dokuwiki/techset/inc/Extension/Event.php(200): dokuwiki\Extension\Event->trigger(NULL, false)
  #18 /Users/atulgrover/Desktop/RAG/Dokuwiki/techset/inc/indexer.php(43): dokuwiki\Extension\Event::createAndTrigger('INDEXER_VERSION...', Array, NULL, false)
  #19 /Users/atulgrover/Desktop/RAG/Dokuwiki/techset/inc/indexer.php(145): idx_get_version()
  #20 /Users/atulgrover/Desktop/RAG/Dokuwiki/techset/inc/TaskRunner.php(206): idx_addPage('rbz_directories...', true)
  #21 /Users/atulgrover/Desktop/RAG/Dokuwiki/techset/inc/TaskRunner.php(52): dokuwiki\TaskRunner->runIndexer()
  #22 /Users/atulgrover/Desktop/RAG/Dokuwiki/techset/lib/exe/taskrunner.php(20): dokuwiki\TaskRunner->run()
  #23 {main}
2026-04-02 06:00:21	/Users/atulgrover/Desktop/RAG/Dokuwiki/techset/lib/plugins/markdowku/syntax/ulists.php(79)	E_WARNING: Undefined array key 2
  #0 /Users/atulgrover/Desktop/RAG/Dokuwiki/techset/lib/plugins/markdowku/syntax/ulists.php(79): dokuwiki\ErrorHandler::errorHandler(2, 'Undefined array...', '/Users/atulgrov...', 79)
  #1 /Users/atulgrover/Desktop/RAG/Dokuwiki/techset/inc/Parsing/Handler/Lists.php(80): Doku_Handler_Markdown_Unordered_List->interpretSyntax('\n    * ', 'u')
  #2 /Users/atulgrover/Desktop/RAG/Dokuwiki/techset/inc/Parsing/Handler/Lists.php(32): dokuwiki\Parsing\Handler\Lists->listOpen(Array)
  #3 /Users/atulgrover/Desktop/RAG/Dokuwiki/techset/inc/Parsing/Handler/Lists.php(20): dokuwiki\Parsing\Handler\Lists->process()
  #4 /Users/atulgrover/Desktop/RAG/Dokuwiki/techset/inc/parser/handler.php(135): dokuwiki\Parsing\Handler\Lists->finalise()
  #5 /Users/atulgrover/Desktop/RAG/Dokuwiki/techset/inc/Parsing/Parser.php(127): Doku_Handler->finalize()
  #6 /Users/atulgrover/Desktop/RAG/Dokuwiki/techset/inc/parserutils.php(234): dokuwiki\Parsing\Parser->parse('\n{{tagfilter>Ag...')
  #7 /Users/atulgrover/Desktop/RAG/Dokuwiki/techset/inc/parserutils.php(198): p_get_instructions('{{tagfilter>Age...')
  #8 /Users/atulgrover/Desktop/RAG/Dokuwiki/techset/inc/parserutils.php(520): p_cached_instructions('/Users/atulgrov...', false, 'lexai_agents:in...')
  #9 /Users/atulgrover/Desktop/RAG/Dokuwiki/techset/inc/parserutils.php(299): p_render_metadata('lexai_agents:in...', Array)
  #10 /Users/atulgrover/Desktop/RAG/Dokuwiki/techset/inc/parserutils.php(772): p_get_metadata('lexai_agents:in...', 'title', 1)
  #11 /Users/atulgrover/Desktop/RAG/Dokuwiki/techset/lib/plugins/fuzzysearch/action.php(130): p_get_first_heading('lexai_agents:in...')
  #12 /Users/atulgrover/Desktop/RAG/Dokuwiki/techset/lib/plugins/fuzzysearch/action.php(106): action_plugin_fuzzysearch->generatePageList()
  #13 /Users/atulgrover/Desktop/RAG/Dokuwiki/techset/lib/plugins/fuzzysearch/action.php(51): action_plugin_fuzzysearch->ensureCacheExists(true)
  #14 /Users/atulgrover/Desktop/RAG/Dokuwiki/techset/inc/Extension/EventHandler.php(80): action_plugin_fuzzysearch->update_cache_on_change(Object(dokuwiki\Extension\Event), NULL)
  #15 /Users/atulgrover/Desktop/RAG/Dokuwiki/techset/inc/Extension/Event.php(75): dokuwiki\Extension\EventHandler->process_event(Object(dokuwiki\Extension\Event), 'BEFORE')
  #16 /Users/atulgrover/Desktop/RAG/Dokuwiki/techset/inc/Extension/Event.php(133): dokuwiki\Extension\Event->advise_before(false)
  #17 /Users/atulgrover/Desktop/RAG/Dokuwiki/techset/inc/Extension/Event.php(200): dokuwiki\Extension\Event->trigger(NULL, false)
  #18 /Users/atulgrover/Desktop/RAG/Dokuwiki/techset/inc/indexer.php(43): dokuwiki\Extension\Event::createAndTrigger('INDEXER_VERSION...', Array, NULL, false)
  #19 /Users/atulgrover/Desktop/RAG/Dokuwiki/techset/inc/indexer.php(145): idx_get_version()
  #20 /Users/atulgrover/Desktop/RAG/Dokuwiki/techset/inc/TaskRunner.php(206): idx_addPage('rbz_directories...', true)
  #21 /Users/atulgrover/Desktop/RAG/Dokuwiki/techset/inc/TaskRunner.php(52): dokuwiki\TaskRunner->runIndexer()
  #22 /Users/atulgrover/Desktop/RAG/Dokuwiki/techset/lib/exe/taskrunner.php(20): dokuwiki\TaskRunner->run()
  #23 {main}
2026-04-02 06:00:21	/Users/atulgrover/Desktop/RAG/Dokuwiki/techset/lib/plugins/markdowku/syntax/ulists.php(79)	E_WARNING: Undefined array key 2
  #0 /Users/atulgrover/Desktop/RAG/Dokuwiki/techset/lib/plugins/markdowku/syntax/ulists.php(79): dokuwiki\ErrorHandler::errorHandler(2, 'Undefined array...', '/Users/atulgrov...', 79)
  #1 /Users/atulgrover/Desktop/RAG/Dokuwiki/techset/inc/Parsing/Handler/Lists.php(80): Doku_Handler_Markdown_Unordered_List->interpretSyntax('\n    * ', 'u')
  #2 /Users/atulgrover/Desktop/RAG/Dokuwiki/techset/inc/Parsing/Handler/Lists.php(32): dokuwiki\Parsing\Handler\Lists->listOpen(Array)
  #3 /Users/atulgrover/Desktop/RAG/Dokuwiki/techset/inc/Parsing/Handler/Lists.php(20): dokuwiki\Parsing\Handler\Lists->process()
  #4 /Users/atulgrover/Desktop/RAG/Dokuwiki/techset/inc/parser/handler.php(135): dokuwiki\Parsing\Handler\Lists->finalise()
  #5 /Users/atulgrover/Desktop/RAG/Dokuwiki/techset/inc/Parsing/Parser.php(127): Doku_Handler->finalize()
  #6 /Users/atulgrover/Desktop/RAG/Dokuwiki/techset/inc/parserutils.php(234): dokuwiki\Parsing\Parser->parse('\n{{tagfilter>Ag...')
  #7 /Users/atulgrover/Desktop/RAG/Dokuwiki/techset/inc/parserutils.php(198): p_get_instructions('{{tagfilter>Age...')
  #8 /Users/atulgrover/Desktop/RAG/Dokuwiki/techset/inc/parserutils.php(520): p_cached_instructions('/Users/atulgrov...', false, 'lexai_agents:in...')
  #9 /Users/atulgrover/Desktop/RAG/Dokuwiki/techset/inc/parserutils.php(299): p_render_metadata('lexai_agents:in...', Array)
  #10 /Users/atulgrover/Desktop/RAG/Dokuwiki/techset/inc/parserutils.php(772): p_get_metadata('lexai_agents:in...', 'title', 1)
  #11 /Users/atulgrover/Desktop/RAG/Dokuwiki/techset/lib/plugins/fuzzysearch/action.php(130): p_get_first_heading('lexai_agents:in...')
  #12 /Users/atulgrover/Desktop/RAG/Dokuwiki/techset/lib/plugins/fuzzysearch/action.php(106): action_plugin_fuzzysearch->generatePageList()
  #13 /Users/atulgrover/Desktop/RAG/Dokuwiki/techset/lib/plugins/fuzzysearch/action.php(51): action_plugin_fuzzysearch->ensureCacheExists(true)
  #14 /Users/atulgrover/Desktop/RAG/Dokuwiki/techset/inc/Extension/EventHandler.php(80): action_plugin_fuzzysearch->update_cache_on_change(Object(dokuwiki\Extension\Event), NULL)
  #15 /Users/atulgrover/Desktop/RAG/Dokuwiki/techset/inc/Extension/Event.php(75): dokuwiki\Extension\EventHandler->process_event(Object(dokuwiki\Extension\Event), 'BEFORE')
  #16 /Users/atulgrover/Desktop/RAG/Dokuwiki/techset/inc/Extension/Event.php(133): dokuwiki\Extension\Event->advise_before(false)
  #17 /Users/atulgrover/Desktop/RAG/Dokuwiki/techset/inc/Extension/Event.php(200): dokuwiki\Extension\Event->trigger(NULL, false)
  #18 /Users/atulgrover/Desktop/RAG/Dokuwiki/techset/inc/indexer.php(43): dokuwiki\Extension\Event::createAndTrigger('INDEXER_VERSION...', Array, NULL, false)
  #19 /Users/atulgrover/Desktop/RAG/Dokuwiki/techset/inc/indexer.php(145): idx_get_version()
  #20 /Users/atulgrover/Desktop/RAG/Dokuwiki/techset/inc/TaskRunner.php(206): idx_addPage('rbz_directories...', true)
  #21 /Users/atulgrover/Desktop/RAG/Dokuwiki/techset/inc/TaskRunner.php(52): dokuwiki\TaskRunner->runIndexer()
  #22 /Users/atulgrover/Desktop/RAG/Dokuwiki/techset/lib/exe/taskrunner.php(20): dokuwiki\TaskRunner->run()
  #23 {main}
2026-04-02 06:01:09	/Users/atulgrover/Desktop/RAG/Dokuwiki/techset/lib/plugins/iframe/syntax.php(26)	E_WARNING: Undefined array key 1
  #0 /Users/atulgrover/Desktop/RAG/Dokuwiki/techset/lib/plugins/iframe/syntax.php(26): dokuwiki\ErrorHandler::errorHandler(2, 'Undefined array...', '/Users/atulgrov...', 26)
  #1 /Users/atulgrover/Desktop/RAG/Dokuwiki/techset/inc/parser/handler.php(298): syntax_plugin_iframe->handle('http://https://...', 5, 34, Object(Doku_Handler))
  #2 /Users/atulgrover/Desktop/RAG/Dokuwiki/techset/inc/Parsing/Lexer/Lexer.php(269): Doku_Handler->plugin('{{url>http://ht...', 5, 34, 'iframe')
  #3 /Users/atulgrover/Desktop/RAG/Dokuwiki/techset/inc/Parsing/Lexer/Lexer.php(196): dokuwiki\Parsing\Lexer\Lexer->invokeHandler('{{url>http://ht...', 5, 34)
  #4 /Users/atulgrover/Desktop/RAG/Dokuwiki/techset/inc/Parsing/Lexer/Lexer.php(146): dokuwiki\Parsing\Lexer\Lexer->dispatchTokens('', '{{url>http://ht...', '_plugin_iframe', 34, 34)
  #5 /Users/atulgrover/Desktop/RAG/Dokuwiki/techset/inc/Parsing/Parser.php(113): dokuwiki\Parsing\Lexer\Lexer->parse('\n')
  #6 /Users/atulgrover/Desktop/RAG/Dokuwiki/techset/inc/parserutils.php(234): dokuwiki\Parsing\Parser->parse('\nhttps://valuer...')
  #7 /Users/atulgrover/Desktop/RAG/Dokuwiki/techset/inc/Ui/PageView.php(56): p_get_instructions('https://valuers...')
  #8 /Users/atulgrover/Desktop/RAG/Dokuwiki/techset/inc/Action/Preview.php(32): dokuwiki\Ui\PageView->show()
  #9 /Users/atulgrover/Desktop/RAG/Dokuwiki/techset/inc/template.php(120): dokuwiki\Action\Preview->tplContent()
  #10 [internal function]: tpl_content_core('preview')
  #11 /Users/atulgrover/Desktop/RAG/Dokuwiki/techset/inc/Extension/Event.php(134): call_user_func_array('tpl_content_cor...', Array)
  #12 /Users/atulgrover/Desktop/RAG/Dokuwiki/techset/inc/Extension/Event.php(200): dokuwiki\Extension\Event->trigger('tpl_content_cor...', true)
  #13 /Users/atulgrover/Desktop/RAG/Dokuwiki/techset/inc/template.php(102): dokuwiki\Extension\Event::createAndTrigger('TPL_ACT_RENDER', 'preview', 'tpl_content_cor...')
  #14 /Users/atulgrover/Desktop/RAG/Dokuwiki/techset/lib/tpl/notes/main.php(57): tpl_content()
  #15 /Users/atulgrover/Desktop/RAG/Dokuwiki/techset/inc/actions.php(30): include('/Users/atulgrov...')
  #16 /Users/atulgrover/Desktop/RAG/Dokuwiki/techset/doku.php(131): act_dispatch()
  #17 {main}
2026-04-02 06:01:10	/Users/atulgrover/Desktop/RAG/Dokuwiki/techset/lib/plugins/markdowku/syntax/ulists.php(79)	E_WARNING: Undefined array key 2
  #0 /Users/atulgrover/Desktop/RAG/Dokuwiki/techset/lib/plugins/markdowku/syntax/ulists.php(79): dokuwiki\ErrorHandler::errorHandler(2, 'Undefined array...', '/Users/atulgrov...', 79)
  #1 /Users/atulgrover/Desktop/RAG/Dokuwiki/techset/inc/Parsing/Handler/Lists.php(80): Doku_Handler_Markdown_Unordered_List->interpretSyntax('\n    * ', 'u')
  #2 /Users/atulgrover/Desktop/RAG/Dokuwiki/techset/inc/Parsing/Handler/Lists.php(32): dokuwiki\Parsing\Handler\Lists->listOpen(Array)
  #3 /Users/atulgrover/Desktop/RAG/Dokuwiki/techset/inc/Parsing/Handler/Lists.php(20): dokuwiki\Parsing\Handler\Lists->process()
  #4 /Users/atulgrover/Desktop/RAG/Dokuwiki/techset/inc/parser/handler.php(135): dokuwiki\Parsing\Handler\Lists->finalise()
  #5 /Users/atulgrover/Desktop/RAG/Dokuwiki/techset/inc/Parsing/Parser.php(127): Doku_Handler->finalize()
  #6 /Users/atulgrover/Desktop/RAG/Dokuwiki/techset/inc/parserutils.php(234): dokuwiki\Parsing\Parser->parse('\n**VII. Forensi...')
  #7 /Users/atulgrover/Desktop/RAG/Dokuwiki/techset/inc/parserutils.php(198): p_get_instructions('**VII. Forensic...')
  #8 /Users/atulgrover/Desktop/RAG/Dokuwiki/techset/inc/parserutils.php(520): p_cached_instructions('/Users/atulgrov...', false, 'lexai_agents:in...')
  #9 /Users/atulgrover/Desktop/RAG/Dokuwiki/techset/inc/parserutils.php(299): p_render_metadata('lexai_agents:in...', Array)
  #10 /Users/atulgrover/Desktop/RAG/Dokuwiki/techset/inc/parserutils.php(772): p_get_metadata('lexai_agents:in...', 'title', 1)
  #11 /Users/atulgrover/Desktop/RAG/Dokuwiki/techset/lib/plugins/fuzzysearch/action.php(130): p_get_first_heading('lexai_agents:in...')
  #12 /Users/atulgrover/Desktop/RAG/Dokuwiki/techset/lib/plugins/fuzzysearch/action.php(106): action_plugin_fuzzysearch->generatePageList()
  #13 /Users/atulgrover/Desktop/RAG/Dokuwiki/techset/lib/plugins/fuzzysearch/action.php(51): action_plugin_fuzzysearch->ensureCacheExists(true)
  #14 /Users/atulgrover/Desktop/RAG/Dokuwiki/techset/inc/Extension/EventHandler.php(80): action_plugin_fuzzysearch->update_cache_on_change(Object(dokuwiki\Extension\Event), NULL)
  #15 /Users/atulgrover/Desktop/RAG/Dokuwiki/techset/inc/Extension/Event.php(75): dokuwiki\Extension\EventHandler->process_event(Object(dokuwiki\Extension\Event), 'BEFORE')
  #16 /Users/atulgrover/Desktop/RAG/Dokuwiki/techset/inc/Extension/Event.php(133): dokuwiki\Extension\Event->advise_before(false)
  #17 /Users/atulgrover/Desktop/RAG/Dokuwiki/techset/inc/Extension/Event.php(200): dokuwiki\Extension\Event->trigger(NULL, false)
  #18 /Users/atulgrover/Desktop/RAG/Dokuwiki/techset/inc/indexer.php(43): dokuwiki\Extension\Event::createAndTrigger('INDEXER_VERSION...', Array, NULL, false)
  #19 /Users/atulgrover/Desktop/RAG/Dokuwiki/techset/inc/indexer.php(145): idx_get_version()
  #20 /Users/atulgrover/Desktop/RAG/Dokuwiki/techset/inc/TaskRunner.php(206): idx_addPage('rbz_directories...', true)
  #21 /Users/atulgrover/Desktop/RAG/Dokuwiki/techset/inc/TaskRunner.php(52): dokuwiki\TaskRunner->runIndexer()
  #22 /Users/atulgrover/Desktop/RAG/Dokuwiki/techset/lib/exe/taskrunner.php(20): dokuwiki\TaskRunner->run()
  #23 {main}
2026-04-02 06:01:31	/Users/atulgrover/Desktop/RAG/Dokuwiki/techset/lib/plugins/smtp/helper.php(22)	E_WARNING: Undefined array key "SERVER_ADDR"
  #0 /Users/atulgrover/Desktop/RAG/Dokuwiki/techset/lib/plugins/smtp/helper.php(22): dokuwiki\ErrorHandler::errorHandler(2, 'Undefined array...', '/Users/atulgrov...', 22)
  #1 /Users/atulgrover/Desktop/RAG/Dokuwiki/techset/lib/plugins/smtp/action.php(67): helper_plugin_smtp::getEHLO('')
  #2 /Users/atulgrover/Desktop/RAG/Dokuwiki/techset/inc/Extension/EventHandler.php(80): action_plugin_smtp->handle_mail_message_send(Object(dokuwiki\Extension\Event), NULL)
  #3 /Users/atulgrover/Desktop/RAG/Dokuwiki/techset/inc/Extension/Event.php(75): dokuwiki\Extension\EventHandler->process_event(Object(dokuwiki\Extension\Event), 'BEFORE')
  #4 /Users/atulgrover/Desktop/RAG/Dokuwiki/techset/inc/Mailer.class.php(739): dokuwiki\Extension\Event->advise_before(true)
  #5 /Users/atulgrover/Desktop/RAG/Dokuwiki/techset/inc/Subscriptions/SubscriptionSender.php(84): Mailer->send()
  #6 /Users/atulgrover/Desktop/RAG/Dokuwiki/techset/inc/Subscriptions/PageSubscriptionSender.php(74): dokuwiki\Subscriptions\SubscriptionSender->send('atulgroverr@gma...', 'page changed: r...', 'rbz_directories...', 'mailtext', Array, Array, Array)
  #7 /Users/atulgrover/Desktop/RAG/Dokuwiki/techset/inc/common.php(1344): dokuwiki\Subscriptions\PageSubscriptionSender->sendPageDiff('atulgroverr@gma...', 'mailtext', 'rbz_directories...', 1775109608, '', false)
  #8 /Users/atulgrover/Desktop/RAG/Dokuwiki/techset/inc/common.php(1273): notify('rbz_directories...', 'admin', 1775109608, '', false, 1775109691)
  #9 /Users/atulgrover/Desktop/RAG/Dokuwiki/techset/inc/Action/Save.php(58): saveWikiText('rbz_directories...', 'https://valuers...', '', false)
  #10 /Users/atulgrover/Desktop/RAG/Dokuwiki/techset/inc/ActionRouter.php(86): dokuwiki\Action\Save->preProcess()
  #11 /Users/atulgrover/Desktop/RAG/Dokuwiki/techset/inc/ActionRouter.php(49): dokuwiki\ActionRouter->setupAction('save')
  #12 /Users/atulgrover/Desktop/RAG/Dokuwiki/techset/inc/ActionRouter.php(62): dokuwiki\ActionRouter->__construct()
  #13 /Users/atulgrover/Desktop/RAG/Dokuwiki/techset/inc/actions.php(19): dokuwiki\ActionRouter::getInstance(true)
  #14 /Users/atulgrover/Desktop/RAG/Dokuwiki/techset/doku.php(131): act_dispatch()
  #15 {main}
2026-04-02 06:01:31	/Users/atulgrover/Desktop/RAG/Dokuwiki/techset/lib/plugins/iframe/syntax.php(26)	E_WARNING: Undefined array key 1
  #0 /Users/atulgrover/Desktop/RAG/Dokuwiki/techset/lib/plugins/iframe/syntax.php(26): dokuwiki\ErrorHandler::errorHandler(2, 'Undefined array...', '/Users/atulgrov...', 26)
  #1 /Users/atulgrover/Desktop/RAG/Dokuwiki/techset/inc/parser/handler.php(298): syntax_plugin_iframe->handle('http://https://...', 5, 34, Object(Doku_Handler))
  #2 /Users/atulgrover/Desktop/RAG/Dokuwiki/techset/inc/Parsing/Lexer/Lexer.php(269): Doku_Handler->plugin('{{url>http://ht...', 5, 34, 'iframe')
  #3 /Users/atulgrover/Desktop/RAG/Dokuwiki/techset/inc/Parsing/Lexer/Lexer.php(196): dokuwiki\Parsing\Lexer\Lexer->invokeHandler('{{url>http://ht...', 5, 34)
  #4 /Users/atulgrover/Desktop/RAG/Dokuwiki/techset/inc/Parsing/Lexer/Lexer.php(146): dokuwiki\Parsing\Lexer\Lexer->dispatchTokens('', '{{url>http://ht...', '_plugin_iframe', 34, 34)
  #5 /Users/atulgrover/Desktop/RAG/Dokuwiki/techset/inc/Parsing/Parser.php(113): dokuwiki\Parsing\Lexer\Lexer->parse('\n')
  #6 /Users/atulgrover/Desktop/RAG/Dokuwiki/techset/inc/parserutils.php(234): dokuwiki\Parsing\Parser->parse('\nhttps://valuer...')
  #7 /Users/atulgrover/Desktop/RAG/Dokuwiki/techset/inc/parserutils.php(198): p_get_instructions('https://valuers...')
  #8 /Users/atulgrover/Desktop/RAG/Dokuwiki/techset/inc/parserutils.php(520): p_cached_instructions('/Users/atulgrov...', false, 'rbz_directories...')
  #9 /Users/atulgrover/Desktop/RAG/Dokuwiki/techset/inc/parserutils.php(299): p_render_metadata('rbz_directories...', Array)
  #10 /Users/atulgrover/Desktop/RAG/Dokuwiki/techset/inc/common.php(265): p_get_metadata('rbz_directories...')
  #11 /Users/atulgrover/Desktop/RAG/Dokuwiki/techset/doku.php(101): pageinfo()
  #12 {main}
2026-04-02 06:01:31	/Users/atulgrover/Desktop/RAG/Dokuwiki/techset/lib/plugins/markdowku/syntax/ulists.php(79)	E_WARNING: Undefined array key 2
  #0 /Users/atulgrover/Desktop/RAG/Dokuwiki/techset/lib/plugins/markdowku/syntax/ulists.php(79): dokuwiki\ErrorHandler::errorHandler(2, 'Undefined array...', '/Users/atulgrov...', 79)
  #1 /Users/atulgrover/Desktop/RAG/Dokuwiki/techset/inc/Parsing/Handler/Lists.php(80): Doku_Handler_Markdown_Unordered_List->interpretSyntax('\n    * ', 'u')
  #2 /Users/atulgrover/Desktop/RAG/Dokuwiki/techset/inc/Parsing/Handler/Lists.php(32): dokuwiki\Parsing\Handler\Lists->listOpen(Array)
  #3 /Users/atulgrover/Desktop/RAG/Dokuwiki/techset/inc/Parsing/Handler/Lists.php(20): dokuwiki\Parsing\Handler\Lists->process()
  #4 /Users/atulgrover/Desktop/RAG/Dokuwiki/techset/inc/parser/handler.php(135): dokuwiki\Parsing\Handler\Lists->finalise()
  #5 /Users/atulgrover/Desktop/RAG/Dokuwiki/techset/inc/Parsing/Parser.php(127): Doku_Handler->finalize()
  #6 /Users/atulgrover/Desktop/RAG/Dokuwiki/techset/inc/parserutils.php(234): dokuwiki\Parsing\Parser->parse('\n**VII. Forensi...')
  #7 /Users/atulgrover/Desktop/RAG/Dokuwiki/techset/inc/parserutils.php(198): p_get_instructions('**VII. Forensic...')
  #8 /Users/atulgrover/Desktop/RAG/Dokuwiki/techset/inc/parserutils.php(520): p_cached_instructions('/Users/atulgrov...', false, 'lexai_agents:in...')
  #9 /Users/atulgrover/Desktop/RAG/Dokuwiki/techset/inc/parserutils.php(299): p_render_metadata('lexai_agents:in...', Array)
  #10 /Users/atulgrover/Desktop/RAG/Dokuwiki/techset/inc/parserutils.php(772): p_get_metadata('lexai_agents:in...', 'title', 1)
  #11 /Users/atulgrover/Desktop/RAG/Dokuwiki/techset/lib/plugins/fuzzysearch/action.php(130): p_get_first_heading('lexai_agents:in...')
  #12 /Users/atulgrover/Desktop/RAG/Dokuwiki/techset/lib/plugins/fuzzysearch/action.php(106): action_plugin_fuzzysearch->generatePageList()
  #13 /Users/atulgrover/Desktop/RAG/Dokuwiki/techset/lib/plugins/fuzzysearch/action.php(51): action_plugin_fuzzysearch->ensureCacheExists(true)
  #14 /Users/atulgrover/Desktop/RAG/Dokuwiki/techset/inc/Extension/EventHandler.php(80): action_plugin_fuzzysearch->update_cache_on_change(Object(dokuwiki\Extension\Event), NULL)
  #15 /Users/atulgrover/Desktop/RAG/Dokuwiki/techset/inc/Extension/Event.php(75): dokuwiki\Extension\EventHandler->process_event(Object(dokuwiki\Extension\Event), 'BEFORE')
  #16 /Users/atulgrover/Desktop/RAG/Dokuwiki/techset/inc/Extension/Event.php(133): dokuwiki\Extension\Event->advise_before(false)
  #17 /Users/atulgrover/Desktop/RAG/Dokuwiki/techset/inc/Extension/Event.php(200): dokuwiki\Extension\Event->trigger(NULL, false)
  #18 /Users/atulgrover/Desktop/RAG/Dokuwiki/techset/inc/indexer.php(43): dokuwiki\Extension\Event::createAndTrigger('INDEXER_VERSION...', Array, NULL, false)
  #19 /Users/atulgrover/Desktop/RAG/Dokuwiki/techset/inc/indexer.php(145): idx_get_version()
  #20 /Users/atulgrover/Desktop/RAG/Dokuwiki/techset/inc/TaskRunner.php(206): idx_addPage('rbz_directories...', true)
  #21 /Users/atulgrover/Desktop/RAG/Dokuwiki/techset/inc/TaskRunner.php(52): dokuwiki\TaskRunner->runIndexer()
  #22 /Users/atulgrover/Desktop/RAG/Dokuwiki/techset/lib/exe/taskrunner.php(20): dokuwiki\TaskRunner->run()
  #23 {main}
2026-04-02 06:01:32	/Users/atulgrover/Desktop/RAG/Dokuwiki/techset/lib/plugins/iframe/syntax.php(26)	E_WARNING: Undefined array key 1
  #0 /Users/atulgrover/Desktop/RAG/Dokuwiki/techset/lib/plugins/iframe/syntax.php(26): dokuwiki\ErrorHandler::errorHandler(2, 'Undefined array...', '/Users/atulgrov...', 26)
  #1 /Users/atulgrover/Desktop/RAG/Dokuwiki/techset/inc/parser/handler.php(298): syntax_plugin_iframe->handle('http://https://...', 5, 34, Object(Doku_Handler))
  #2 /Users/atulgrover/Desktop/RAG/Dokuwiki/techset/inc/Parsing/Lexer/Lexer.php(269): Doku_Handler->plugin('{{url>http://ht...', 5, 34, 'iframe')
  #3 /Users/atulgrover/Desktop/RAG/Dokuwiki/techset/inc/Parsing/Lexer/Lexer.php(196): dokuwiki\Parsing\Lexer\Lexer->invokeHandler('{{url>http://ht...', 5, 34)
  #4 /Users/atulgrover/Desktop/RAG/Dokuwiki/techset/inc/Parsing/Lexer/Lexer.php(146): dokuwiki\Parsing\Lexer\Lexer->dispatchTokens('', '{{url>http://ht...', '_plugin_iframe', 34, 34)
  #5 /Users/atulgrover/Desktop/RAG/Dokuwiki/techset/inc/Parsing/Parser.php(113): dokuwiki\Parsing\Lexer\Lexer->parse('\n')
  #6 /Users/atulgrover/Desktop/RAG/Dokuwiki/techset/inc/parserutils.php(234): dokuwiki\Parsing\Parser->parse('\nhttps://valuer...')
  #7 /Users/atulgrover/Desktop/RAG/Dokuwiki/techset/inc/parserutils.php(198): p_get_instructions('https://valuers...')
  #8 /Users/atulgrover/Desktop/RAG/Dokuwiki/techset/inc/parserutils.php(520): p_cached_instructions('/Users/atulgrov...', false, 'rbz_directories...')
  #9 /Users/atulgrover/Desktop/RAG/Dokuwiki/techset/inc/parserutils.php(299): p_render_metadata('rbz_directories...', Array)
  #10 /Users/atulgrover/Desktop/RAG/Dokuwiki/techset/inc/indexer.php(154): p_get_metadata('rbz_directories...', 'internal index', 4)
  #11 /Users/atulgrover/Desktop/RAG/Dokuwiki/techset/inc/TaskRunner.php(206): idx_addPage('rbz_directories...', true)
  #12 /Users/atulgrover/Desktop/RAG/Dokuwiki/techset/inc/TaskRunner.php(52): dokuwiki\TaskRunner->runIndexer()
  #13 /Users/atulgrover/Desktop/RAG/Dokuwiki/techset/lib/exe/taskrunner.php(20): dokuwiki\TaskRunner->run()
  #14 {main}
2026-04-02 06:02:50	/Users/atulgrover/Desktop/RAG/Dokuwiki/techset/lib/plugins/markdowku/syntax/ulists.php(79)	E_WARNING: Undefined array key 2
  #0 /Users/atulgrover/Desktop/RAG/Dokuwiki/techset/lib/plugins/markdowku/syntax/ulists.php(79): dokuwiki\ErrorHandler::errorHandler(2, 'Undefined array...', '/Users/atulgrov...', 79)
  #1 /Users/atulgrover/Desktop/RAG/Dokuwiki/techset/inc/Parsing/Handler/Lists.php(80): Doku_Handler_Markdown_Unordered_List->interpretSyntax('\n    * ', 'u')
  #2 /Users/atulgrover/Desktop/RAG/Dokuwiki/techset/inc/Parsing/Handler/Lists.php(32): dokuwiki\Parsing\Handler\Lists->listOpen(Array)
  #3 /Users/atulgrover/Desktop/RAG/Dokuwiki/techset/inc/Parsing/Handler/Lists.php(20): dokuwiki\Parsing\Handler\Lists->process()
  #4 /Users/atulgrover/Desktop/RAG/Dokuwiki/techset/inc/parser/handler.php(135): dokuwiki\Parsing\Handler\Lists->finalise()
  #5 /Users/atulgrover/Desktop/RAG/Dokuwiki/techset/inc/Parsing/Parser.php(127): Doku_Handler->finalize()
  #6 /Users/atulgrover/Desktop/RAG/Dokuwiki/techset/inc/parserutils.php(234): dokuwiki\Parsing\Parser->parse('\n**IV. Asset Ma...')
  #7 /Users/atulgrover/Desktop/RAG/Dokuwiki/techset/inc/parserutils.php(198): p_get_instructions('**IV. Asset Man...')
  #8 /Users/atulgrover/Desktop/RAG/Dokuwiki/techset/inc/parserutils.php(520): p_cached_instructions('/Users/atulgrov...', false, 'lexai_agents:in...')
  #9 /Users/atulgrover/Desktop/RAG/Dokuwiki/techset/inc/parserutils.php(299): p_render_metadata('lexai_agents:in...', Array)
  #10 /Users/atulgrover/Desktop/RAG/Dokuwiki/techset/inc/parserutils.php(772): p_get_metadata('lexai_agents:in...', 'title', 1)
  #11 /Users/atulgrover/Desktop/RAG/Dokuwiki/techset/lib/plugins/fuzzysearch/action.php(130): p_get_first_heading('lexai_agents:in...')
  #12 /Users/atulgrover/Desktop/RAG/Dokuwiki/techset/lib/plugins/fuzzysearch/action.php(106): action_plugin_fuzzysearch->generatePageList()
  #13 /Users/atulgrover/Desktop/RAG/Dokuwiki/techset/lib/plugins/fuzzysearch/action.php(51): action_plugin_fuzzysearch->ensureCacheExists(true)
  #14 /Users/atulgrover/Desktop/RAG/Dokuwiki/techset/inc/Extension/EventHandler.php(80): action_plugin_fuzzysearch->update_cache_on_change(Object(dokuwiki\Extension\Event), NULL)
  #15 /Users/atulgrover/Desktop/RAG/Dokuwiki/techset/inc/Extension/Event.php(75): dokuwiki\Extension\EventHandler->process_event(Object(dokuwiki\Extension\Event), 'BEFORE')
  #16 /Users/atulgrover/Desktop/RAG/Dokuwiki/techset/inc/Extension/Event.php(133): dokuwiki\Extension\Event->advise_before(false)
  #17 /Users/atulgrover/Desktop/RAG/Dokuwiki/techset/inc/Extension/Event.php(200): dokuwiki\Extension\Event->trigger(NULL, false)
  #18 /Users/atulgrover/Desktop/RAG/Dokuwiki/techset/inc/indexer.php(43): dokuwiki\Extension\Event::createAndTrigger('INDEXER_VERSION...', Array, NULL, false)
  #19 /Users/atulgrover/Desktop/RAG/Dokuwiki/techset/inc/indexer.php(145): idx_get_version()
  #20 /Users/atulgrover/Desktop/RAG/Dokuwiki/techset/inc/TaskRunner.php(206): idx_addPage('start', true)
  #21 /Users/atulgrover/Desktop/RAG/Dokuwiki/techset/inc/TaskRunner.php(52): dokuwiki\TaskRunner->runIndexer()
  #22 /Users/atulgrover/Desktop/RAG/Dokuwiki/techset/lib/exe/taskrunner.php(20): dokuwiki\TaskRunner->run()
  #23 {main}
2026-04-02 06:03:51	/Users/atulgrover/Desktop/RAG/Dokuwiki/techset/lib/plugins/markdowku/syntax/ulists.php(79)	E_WARNING: Undefined array key 2
  #0 /Users/atulgrover/Desktop/RAG/Dokuwiki/techset/lib/plugins/markdowku/syntax/ulists.php(79): dokuwiki\ErrorHandler::errorHandler(2, 'Undefined array...', '/Users/atulgrov...', 79)
  #1 /Users/atulgrover/Desktop/RAG/Dokuwiki/techset/inc/Parsing/Handler/Lists.php(80): Doku_Handler_Markdown_Unordered_List->interpretSyntax('\n    * ', 'u')
  #2 /Users/atulgrover/Desktop/RAG/Dokuwiki/techset/inc/Parsing/Handler/Lists.php(32): dokuwiki\Parsing\Handler\Lists->listOpen(Array)
  #3 /Users/atulgrover/Desktop/RAG/Dokuwiki/techset/inc/Parsing/Handler/Lists.php(20): dokuwiki\Parsing\Handler\Lists->process()
  #4 /Users/atulgrover/Desktop/RAG/Dokuwiki/techset/inc/parser/handler.php(135): dokuwiki\Parsing\Handler\Lists->finalise()
  #5 /Users/atulgrover/Desktop/RAG/Dokuwiki/techset/inc/Parsing/Parser.php(127): Doku_Handler->finalize()
  #6 /Users/atulgrover/Desktop/RAG/Dokuwiki/techset/inc/parserutils.php(234): dokuwiki\Parsing\Parser->parse('\n{{tagfilter>Ag...')
  #7 /Users/atulgrover/Desktop/RAG/Dokuwiki/techset/inc/parserutils.php(198): p_get_instructions('{{tagfilter>Age...')
  #8 /Users/atulgrover/Desktop/RAG/Dokuwiki/techset/inc/parserutils.php(520): p_cached_instructions('/Users/atulgrov...', false, 'lexai_agents:in...')
  #9 /Users/atulgrover/Desktop/RAG/Dokuwiki/techset/inc/parserutils.php(299): p_render_metadata('lexai_agents:in...', Array)
  #10 /Users/atulgrover/Desktop/RAG/Dokuwiki/techset/inc/parserutils.php(772): p_get_metadata('lexai_agents:in...', 'title', 1)
  #11 /Users/atulgrover/Desktop/RAG/Dokuwiki/techset/lib/plugins/fuzzysearch/action.php(130): p_get_first_heading('lexai_agents:in...')
  #12 /Users/atulgrover/Desktop/RAG/Dokuwiki/techset/lib/plugins/fuzzysearch/action.php(106): action_plugin_fuzzysearch->generatePageList()
  #13 /Users/atulgrover/Desktop/RAG/Dokuwiki/techset/lib/plugins/fuzzysearch/action.php(51): action_plugin_fuzzysearch->ensureCacheExists(true)
  #14 /Users/atulgrover/Desktop/RAG/Dokuwiki/techset/inc/Extension/EventHandler.php(80): action_plugin_fuzzysearch->update_cache_on_change(Object(dokuwiki\Extension\Event), NULL)
  #15 /Users/atulgrover/Desktop/RAG/Dokuwiki/techset/inc/Extension/Event.php(75): dokuwiki\Extension\EventHandler->process_event(Object(dokuwiki\Extension\Event), 'BEFORE')
  #16 /Users/atulgrover/Desktop/RAG/Dokuwiki/techset/inc/Extension/Event.php(133): dokuwiki\Extension\Event->advise_before(false)
  #17 /Users/atulgrover/Desktop/RAG/Dokuwiki/techset/inc/Extension/Event.php(200): dokuwiki\Extension\Event->trigger(NULL, false)
  #18 /Users/atulgrover/Desktop/RAG/Dokuwiki/techset/inc/indexer.php(43): dokuwiki\Extension\Event::createAndTrigger('INDEXER_VERSION...', Array, NULL, false)
  #19 /Users/atulgrover/Desktop/RAG/Dokuwiki/techset/inc/indexer.php(145): idx_get_version()
  #20 /Users/atulgrover/Desktop/RAG/Dokuwiki/techset/inc/TaskRunner.php(206): idx_addPage('start', true)
  #21 /Users/atulgrover/Desktop/RAG/Dokuwiki/techset/inc/TaskRunner.php(52): dokuwiki\TaskRunner->runIndexer()
  #22 /Users/atulgrover/Desktop/RAG/Dokuwiki/techset/lib/exe/taskrunner.php(20): dokuwiki\TaskRunner->run()
  #23 {main}
2026-04-02 06:04:04	/Users/atulgrover/Desktop/RAG/Dokuwiki/techset/lib/plugins/markdowku/syntax/ulists.php(79)	E_WARNING: Undefined array key 2
  #0 /Users/atulgrover/Desktop/RAG/Dokuwiki/techset/lib/plugins/markdowku/syntax/ulists.php(79): dokuwiki\ErrorHandler::errorHandler(2, 'Undefined array...', '/Users/atulgrov...', 79)
  #1 /Users/atulgrover/Desktop/RAG/Dokuwiki/techset/inc/Parsing/Handler/Lists.php(80): Doku_Handler_Markdown_Unordered_List->interpretSyntax('\n    * ', 'u')
  #2 /Users/atulgrover/Desktop/RAG/Dokuwiki/techset/inc/Parsing/Handler/Lists.php(32): dokuwiki\Parsing\Handler\Lists->listOpen(Array)
  #3 /Users/atulgrover/Desktop/RAG/Dokuwiki/techset/inc/Parsing/Handler/Lists.php(20): dokuwiki\Parsing\Handler\Lists->process()
  #4 /Users/atulgrover/Desktop/RAG/Dokuwiki/techset/inc/parser/handler.php(135): dokuwiki\Parsing\Handler\Lists->finalise()
  #5 /Users/atulgrover/Desktop/RAG/Dokuwiki/techset/inc/Parsing/Parser.php(127): Doku_Handler->finalize()
  #6 /Users/atulgrover/Desktop/RAG/Dokuwiki/techset/inc/parserutils.php(234): dokuwiki\Parsing\Parser->parse('\n{{tagfilter>Ag...')
  #7 /Users/atulgrover/Desktop/RAG/Dokuwiki/techset/inc/parserutils.php(198): p_get_instructions('{{tagfilter>Age...')
  #8 /Users/atulgrover/Desktop/RAG/Dokuwiki/techset/inc/parserutils.php(520): p_cached_instructions('/Users/atulgrov...', false, 'lexai_agents:in...')
  #9 /Users/atulgrover/Desktop/RAG/Dokuwiki/techset/inc/parserutils.php(299): p_render_metadata('lexai_agents:in...', Array)
  #10 /Users/atulgrover/Desktop/RAG/Dokuwiki/techset/inc/parserutils.php(772): p_get_metadata('lexai_agents:in...', 'title', 1)
  #11 /Users/atulgrover/Desktop/RAG/Dokuwiki/techset/lib/plugins/fuzzysearch/action.php(130): p_get_first_heading('lexai_agents:in...')
  #12 /Users/atulgrover/Desktop/RAG/Dokuwiki/techset/lib/plugins/fuzzysearch/action.php(106): action_plugin_fuzzysearch->generatePageList()
  #13 /Users/atulgrover/Desktop/RAG/Dokuwiki/techset/lib/plugins/fuzzysearch/action.php(51): action_plugin_fuzzysearch->ensureCacheExists(true)
  #14 /Users/atulgrover/Desktop/RAG/Dokuwiki/techset/inc/Extension/EventHandler.php(80): action_plugin_fuzzysearch->update_cache_on_change(Object(dokuwiki\Extension\Event), NULL)
  #15 /Users/atulgrover/Desktop/RAG/Dokuwiki/techset/inc/Extension/Event.php(75): dokuwiki\Extension\EventHandler->process_event(Object(dokuwiki\Extension\Event), 'BEFORE')
  #16 /Users/atulgrover/Desktop/RAG/Dokuwiki/techset/inc/Extension/Event.php(133): dokuwiki\Extension\Event->advise_before(false)
  #17 /Users/atulgrover/Desktop/RAG/Dokuwiki/techset/inc/Extension/Event.php(200): dokuwiki\Extension\Event->trigger(NULL, false)
  #18 /Users/atulgrover/Desktop/RAG/Dokuwiki/techset/inc/indexer.php(43): dokuwiki\Extension\Event::createAndTrigger('INDEXER_VERSION...', Array, NULL, false)
  #19 /Users/atulgrover/Desktop/RAG/Dokuwiki/techset/inc/indexer.php(145): idx_get_version()
  #20 /Users/atulgrover/Desktop/RAG/Dokuwiki/techset/inc/TaskRunner.php(206): idx_addPage('start', true)
  #21 /Users/atulgrover/Desktop/RAG/Dokuwiki/techset/inc/TaskRunner.php(52): dokuwiki\TaskRunner->runIndexer()
  #22 /Users/atulgrover/Desktop/RAG/Dokuwiki/techset/lib/exe/taskrunner.php(20): dokuwiki\TaskRunner->run()
  #23 {main}
2026-04-02 06:04:06	/Users/atulgrover/Desktop/RAG/Dokuwiki/techset/lib/plugins/markdowku/syntax/ulists.php(79)	E_WARNING: Undefined array key 2
  #0 /Users/atulgrover/Desktop/RAG/Dokuwiki/techset/lib/plugins/markdowku/syntax/ulists.php(79): dokuwiki\ErrorHandler::errorHandler(2, 'Undefined array...', '/Users/atulgrov...', 79)
  #1 /Users/atulgrover/Desktop/RAG/Dokuwiki/techset/inc/Parsing/Handler/Lists.php(80): Doku_Handler_Markdown_Unordered_List->interpretSyntax('\n    * ', 'u')
  #2 /Users/atulgrover/Desktop/RAG/Dokuwiki/techset/inc/Parsing/Handler/Lists.php(32): dokuwiki\Parsing\Handler\Lists->listOpen(Array)
  #3 /Users/atulgrover/Desktop/RAG/Dokuwiki/techset/inc/Parsing/Handler/Lists.php(20): dokuwiki\Parsing\Handler\Lists->process()
  #4 /Users/atulgrover/Desktop/RAG/Dokuwiki/techset/inc/parser/handler.php(135): dokuwiki\Parsing\Handler\Lists->finalise()
  #5 /Users/atulgrover/Desktop/RAG/Dokuwiki/techset/inc/Parsing/Parser.php(127): Doku_Handler->finalize()
  #6 /Users/atulgrover/Desktop/RAG/Dokuwiki/techset/inc/parserutils.php(234): dokuwiki\Parsing\Parser->parse('\n**V. Intellige...')
  #7 /Users/atulgrover/Desktop/RAG/Dokuwiki/techset/inc/parserutils.php(198): p_get_instructions('**V. Intelligen...')
  #8 /Users/atulgrover/Desktop/RAG/Dokuwiki/techset/inc/parserutils.php(520): p_cached_instructions('/Users/atulgrov...', false, 'lexai_agents:in...')
  #9 /Users/atulgrover/Desktop/RAG/Dokuwiki/techset/inc/parserutils.php(299): p_render_metadata('lexai_agents:in...', Array)
  #10 /Users/atulgrover/Desktop/RAG/Dokuwiki/techset/inc/parserutils.php(772): p_get_metadata('lexai_agents:in...', 'title', 1)
  #11 /Users/atulgrover/Desktop/RAG/Dokuwiki/techset/lib/plugins/fuzzysearch/action.php(130): p_get_first_heading('lexai_agents:in...')
  #12 /Users/atulgrover/Desktop/RAG/Dokuwiki/techset/lib/plugins/fuzzysearch/action.php(106): action_plugin_fuzzysearch->generatePageList()
  #13 /Users/atulgrover/Desktop/RAG/Dokuwiki/techset/lib/plugins/fuzzysearch/action.php(51): action_plugin_fuzzysearch->ensureCacheExists(true)
  #14 /Users/atulgrover/Desktop/RAG/Dokuwiki/techset/inc/Extension/EventHandler.php(80): action_plugin_fuzzysearch->update_cache_on_change(Object(dokuwiki\Extension\Event), NULL)
  #15 /Users/atulgrover/Desktop/RAG/Dokuwiki/techset/inc/Extension/Event.php(75): dokuwiki\Extension\EventHandler->process_event(Object(dokuwiki\Extension\Event), 'BEFORE')
  #16 /Users/atulgrover/Desktop/RAG/Dokuwiki/techset/inc/Extension/Event.php(133): dokuwiki\Extension\Event->advise_before(false)
  #17 /Users/atulgrover/Desktop/RAG/Dokuwiki/techset/inc/Extension/Event.php(200): dokuwiki\Extension\Event->trigger(NULL, false)
  #18 /Users/atulgrover/Desktop/RAG/Dokuwiki/techset/inc/indexer.php(43): dokuwiki\Extension\Event::createAndTrigger('INDEXER_VERSION...', Array, NULL, false)
  #19 /Users/atulgrover/Desktop/RAG/Dokuwiki/techset/inc/indexer.php(145): idx_get_version()
  #20 /Users/atulgrover/Desktop/RAG/Dokuwiki/techset/inc/TaskRunner.php(206): idx_addPage('start', true)
  #21 /Users/atulgrover/Desktop/RAG/Dokuwiki/techset/inc/TaskRunner.php(52): dokuwiki\TaskRunner->runIndexer()
  #22 /Users/atulgrover/Desktop/RAG/Dokuwiki/techset/lib/exe/taskrunner.php(20): dokuwiki\TaskRunner->run()
  #23 {main}
2026-04-02 06:04:24	/Users/atulgrover/Desktop/RAG/Dokuwiki/techset/lib/plugins/markdowku/syntax/ulists.php(79)	E_WARNING: Undefined array key 2
  #0 /Users/atulgrover/Desktop/RAG/Dokuwiki/techset/lib/plugins/markdowku/syntax/ulists.php(79): dokuwiki\ErrorHandler::errorHandler(2, 'Undefined array...', '/Users/atulgrov...', 79)
  #1 /Users/atulgrover/Desktop/RAG/Dokuwiki/techset/inc/Parsing/Handler/Lists.php(80): Doku_Handler_Markdown_Unordered_List->interpretSyntax('\n    * ', 'u')
  #2 /Users/atulgrover/Desktop/RAG/Dokuwiki/techset/inc/Parsing/Handler/Lists.php(32): dokuwiki\Parsing\Handler\Lists->listOpen(Array)
  #3 /Users/atulgrover/Desktop/RAG/Dokuwiki/techset/inc/Parsing/Handler/Lists.php(20): dokuwiki\Parsing\Handler\Lists->process()
  #4 /Users/atulgrover/Desktop/RAG/Dokuwiki/techset/inc/parser/handler.php(135): dokuwiki\Parsing\Handler\Lists->finalise()
  #5 /Users/atulgrover/Desktop/RAG/Dokuwiki/techset/inc/Parsing/Parser.php(127): Doku_Handler->finalize()
  #6 /Users/atulgrover/Desktop/RAG/Dokuwiki/techset/inc/parserutils.php(234): dokuwiki\Parsing\Parser->parse('\n**III. Legal &...')
  #7 /Users/atulgrover/Desktop/RAG/Dokuwiki/techset/inc/parserutils.php(198): p_get_instructions('**III. Legal & ...')
  #8 /Users/atulgrover/Desktop/RAG/Dokuwiki/techset/inc/parserutils.php(520): p_cached_instructions('/Users/atulgrov...', false, 'lexai_agents:in...')
  #9 /Users/atulgrover/Desktop/RAG/Dokuwiki/techset/inc/parserutils.php(299): p_render_metadata('lexai_agents:in...', Array)
  #10 /Users/atulgrover/Desktop/RAG/Dokuwiki/techset/inc/parserutils.php(772): p_get_metadata('lexai_agents:in...', 'title', 1)
  #11 /Users/atulgrover/Desktop/RAG/Dokuwiki/techset/lib/plugins/fuzzysearch/action.php(130): p_get_first_heading('lexai_agents:in...')
  #12 /Users/atulgrover/Desktop/RAG/Dokuwiki/techset/lib/plugins/fuzzysearch/action.php(106): action_plugin_fuzzysearch->generatePageList()
  #13 /Users/atulgrover/Desktop/RAG/Dokuwiki/techset/lib/plugins/fuzzysearch/action.php(51): action_plugin_fuzzysearch->ensureCacheExists(true)
  #14 /Users/atulgrover/Desktop/RAG/Dokuwiki/techset/inc/Extension/EventHandler.php(80): action_plugin_fuzzysearch->update_cache_on_change(Object(dokuwiki\Extension\Event), NULL)
  #15 /Users/atulgrover/Desktop/RAG/Dokuwiki/techset/inc/Extension/Event.php(75): dokuwiki\Extension\EventHandler->process_event(Object(dokuwiki\Extension\Event), 'BEFORE')
  #16 /Users/atulgrover/Desktop/RAG/Dokuwiki/techset/inc/Extension/Event.php(133): dokuwiki\Extension\Event->advise_before(false)
  #17 /Users/atulgrover/Desktop/RAG/Dokuwiki/techset/inc/Extension/Event.php(200): dokuwiki\Extension\Event->trigger(NULL, false)
  #18 /Users/atulgrover/Desktop/RAG/Dokuwiki/techset/inc/indexer.php(43): dokuwiki\Extension\Event::createAndTrigger('INDEXER_VERSION...', Array, NULL, false)
  #19 /Users/atulgrover/Desktop/RAG/Dokuwiki/techset/inc/indexer.php(145): idx_get_version()
  #20 /Users/atulgrover/Desktop/RAG/Dokuwiki/techset/inc/TaskRunner.php(206): idx_addPage('start', true)
  #21 /Users/atulgrover/Desktop/RAG/Dokuwiki/techset/inc/TaskRunner.php(52): dokuwiki\TaskRunner->runIndexer()
  #22 /Users/atulgrover/Desktop/RAG/Dokuwiki/techset/lib/exe/taskrunner.php(20): dokuwiki\TaskRunner->run()
  #23 {main}
2026-04-02 06:04:24	/Users/atulgrover/Desktop/RAG/Dokuwiki/techset/lib/plugins/markdowku/syntax/ulists.php(79)	E_WARNING: Undefined array key 2
  #0 /Users/atulgrover/Desktop/RAG/Dokuwiki/techset/lib/plugins/markdowku/syntax/ulists.php(79): dokuwiki\ErrorHandler::errorHandler(2, 'Undefined array...', '/Users/atulgrov...', 79)
  #1 /Users/atulgrover/Desktop/RAG/Dokuwiki/techset/inc/Parsing/Handler/Lists.php(80): Doku_Handler_Markdown_Unordered_List->interpretSyntax('\n    * ', 'u')
  #2 /Users/atulgrover/Desktop/RAG/Dokuwiki/techset/inc/Parsing/Handler/Lists.php(32): dokuwiki\Parsing\Handler\Lists->listOpen(Array)
  #3 /Users/atulgrover/Desktop/RAG/Dokuwiki/techset/inc/Parsing/Handler/Lists.php(20): dokuwiki\Parsing\Handler\Lists->process()
  #4 /Users/atulgrover/Desktop/RAG/Dokuwiki/techset/inc/parser/handler.php(135): dokuwiki\Parsing\Handler\Lists->finalise()
  #5 /Users/atulgrover/Desktop/RAG/Dokuwiki/techset/inc/Parsing/Parser.php(127): Doku_Handler->finalize()
  #6 /Users/atulgrover/Desktop/RAG/Dokuwiki/techset/inc/parserutils.php(234): dokuwiki\Parsing\Parser->parse('\n**III. Legal &...')
  #7 /Users/atulgrover/Desktop/RAG/Dokuwiki/techset/inc/parserutils.php(198): p_get_instructions('**III. Legal & ...')
  #8 /Users/atulgrover/Desktop/RAG/Dokuwiki/techset/inc/parserutils.php(520): p_cached_instructions('/Users/atulgrov...', false, 'lexai_agents:in...')
  #9 /Users/atulgrover/Desktop/RAG/Dokuwiki/techset/inc/parserutils.php(299): p_render_metadata('lexai_agents:in...', Array)
  #10 /Users/atulgrover/Desktop/RAG/Dokuwiki/techset/inc/parserutils.php(772): p_get_metadata('lexai_agents:in...', 'title', 1)
  #11 /Users/atulgrover/Desktop/RAG/Dokuwiki/techset/lib/plugins/fuzzysearch/action.php(130): p_get_first_heading('lexai_agents:in...')
  #12 /Users/atulgrover/Desktop/RAG/Dokuwiki/techset/lib/plugins/fuzzysearch/action.php(106): action_plugin_fuzzysearch->generatePageList()
  #13 /Users/atulgrover/Desktop/RAG/Dokuwiki/techset/lib/plugins/fuzzysearch/action.php(51): action_plugin_fuzzysearch->ensureCacheExists(true)
  #14 /Users/atulgrover/Desktop/RAG/Dokuwiki/techset/inc/Extension/EventHandler.php(80): action_plugin_fuzzysearch->update_cache_on_change(Object(dokuwiki\Extension\Event), NULL)
  #15 /Users/atulgrover/Desktop/RAG/Dokuwiki/techset/inc/Extension/Event.php(75): dokuwiki\Extension\EventHandler->process_event(Object(dokuwiki\Extension\Event), 'BEFORE')
  #16 /Users/atulgrover/Desktop/RAG/Dokuwiki/techset/inc/Extension/Event.php(133): dokuwiki\Extension\Event->advise_before(false)
  #17 /Users/atulgrover/Desktop/RAG/Dokuwiki/techset/inc/Extension/Event.php(200): dokuwiki\Extension\Event->trigger(NULL, false)
  #18 /Users/atulgrover/Desktop/RAG/Dokuwiki/techset/inc/indexer.php(43): dokuwiki\Extension\Event::createAndTrigger('INDEXER_VERSION...', Array, NULL, false)
  #19 /Users/atulgrover/Desktop/RAG/Dokuwiki/techset/inc/indexer.php(145): idx_get_version()
  #20 /Users/atulgrover/Desktop/RAG/Dokuwiki/techset/inc/TaskRunner.php(206): idx_addPage('start', true)
  #21 /Users/atulgrover/Desktop/RAG/Dokuwiki/techset/inc/TaskRunner.php(52): dokuwiki\TaskRunner->runIndexer()
  #22 /Users/atulgrover/Desktop/RAG/Dokuwiki/techset/lib/exe/taskrunner.php(20): dokuwiki\TaskRunner->run()
  #23 {main}
2026-04-02 06:05:17	/Users/atulgrover/Desktop/RAG/Dokuwiki/techset/lib/plugins/markdowku/syntax/ulists.php(79)	E_WARNING: Undefined array key 2
  #0 /Users/atulgrover/Desktop/RAG/Dokuwiki/techset/lib/plugins/markdowku/syntax/ulists.php(79): dokuwiki\ErrorHandler::errorHandler(2, 'Undefined array...', '/Users/atulgrov...', 79)
  #1 /Users/atulgrover/Desktop/RAG/Dokuwiki/techset/inc/Parsing/Handler/Lists.php(80): Doku_Handler_Markdown_Unordered_List->interpretSyntax('\n    * ', 'u')
  #2 /Users/atulgrover/Desktop/RAG/Dokuwiki/techset/inc/Parsing/Handler/Lists.php(32): dokuwiki\Parsing\Handler\Lists->listOpen(Array)
  #3 /Users/atulgrover/Desktop/RAG/Dokuwiki/techset/inc/Parsing/Handler/Lists.php(20): dokuwiki\Parsing\Handler\Lists->process()
  #4 /Users/atulgrover/Desktop/RAG/Dokuwiki/techset/inc/parser/handler.php(135): dokuwiki\Parsing\Handler\Lists->finalise()
  #5 /Users/atulgrover/Desktop/RAG/Dokuwiki/techset/inc/Parsing/Parser.php(127): Doku_Handler->finalize()
  #6 /Users/atulgrover/Desktop/RAG/Dokuwiki/techset/inc/parserutils.php(234): dokuwiki\Parsing\Parser->parse('\n{{tagfilter>Ag...')
  #7 /Users/atulgrover/Desktop/RAG/Dokuwiki/techset/inc/parserutils.php(198): p_get_instructions('{{tagfilter>Age...')
  #8 /Users/atulgrover/Desktop/RAG/Dokuwiki/techset/inc/parserutils.php(520): p_cached_instructions('/Users/atulgrov...', false, 'lexai_agents:in...')
  #9 /Users/atulgrover/Desktop/RAG/Dokuwiki/techset/inc/parserutils.php(299): p_render_metadata('lexai_agents:in...', Array)
  #10 /Users/atulgrover/Desktop/RAG/Dokuwiki/techset/inc/parserutils.php(772): p_get_metadata('lexai_agents:in...', 'title', 1)
  #11 /Users/atulgrover/Desktop/RAG/Dokuwiki/techset/lib/plugins/fuzzysearch/action.php(130): p_get_first_heading('lexai_agents:in...')
  #12 /Users/atulgrover/Desktop/RAG/Dokuwiki/techset/lib/plugins/fuzzysearch/action.php(106): action_plugin_fuzzysearch->generatePageList()
  #13 /Users/atulgrover/Desktop/RAG/Dokuwiki/techset/lib/plugins/fuzzysearch/action.php(51): action_plugin_fuzzysearch->ensureCacheExists(true)
  #14 /Users/atulgrover/Desktop/RAG/Dokuwiki/techset/inc/Extension/EventHandler.php(80): action_plugin_fuzzysearch->update_cache_on_change(Object(dokuwiki\Extension\Event), NULL)
  #15 /Users/atulgrover/Desktop/RAG/Dokuwiki/techset/inc/Extension/Event.php(75): dokuwiki\Extension\EventHandler->process_event(Object(dokuwiki\Extension\Event), 'BEFORE')
  #16 /Users/atulgrover/Desktop/RAG/Dokuwiki/techset/inc/Extension/Event.php(133): dokuwiki\Extension\Event->advise_before(false)
  #17 /Users/atulgrover/Desktop/RAG/Dokuwiki/techset/inc/Extension/Event.php(200): dokuwiki\Extension\Event->trigger(NULL, false)
  #18 /Users/atulgrover/Desktop/RAG/Dokuwiki/techset/inc/indexer.php(43): dokuwiki\Extension\Event::createAndTrigger('INDEXER_VERSION...', Array, NULL, false)
  #19 /Users/atulgrover/Desktop/RAG/Dokuwiki/techset/inc/indexer.php(145): idx_get_version()
  #20 /Users/atulgrover/Desktop/RAG/Dokuwiki/techset/inc/TaskRunner.php(206): idx_addPage('start', true)
  #21 /Users/atulgrover/Desktop/RAG/Dokuwiki/techset/inc/TaskRunner.php(52): dokuwiki\TaskRunner->runIndexer()
  #22 /Users/atulgrover/Desktop/RAG/Dokuwiki/techset/lib/exe/taskrunner.php(20): dokuwiki\TaskRunner->run()
  #23 {main}
2026-04-02 06:05:19	/Users/atulgrover/Desktop/RAG/Dokuwiki/techset/lib/plugins/markdowku/syntax/ulists.php(79)	E_WARNING: Undefined array key 2
  #0 /Users/atulgrover/Desktop/RAG/Dokuwiki/techset/lib/plugins/markdowku/syntax/ulists.php(79): dokuwiki\ErrorHandler::errorHandler(2, 'Undefined array...', '/Users/atulgrov...', 79)
  #1 /Users/atulgrover/Desktop/RAG/Dokuwiki/techset/inc/Parsing/Handler/Lists.php(80): Doku_Handler_Markdown_Unordered_List->interpretSyntax('\n    * ', 'u')
  #2 /Users/atulgrover/Desktop/RAG/Dokuwiki/techset/inc/Parsing/Handler/Lists.php(32): dokuwiki\Parsing\Handler\Lists->listOpen(Array)
  #3 /Users/atulgrover/Desktop/RAG/Dokuwiki/techset/inc/Parsing/Handler/Lists.php(20): dokuwiki\Parsing\Handler\Lists->process()
  #4 /Users/atulgrover/Desktop/RAG/Dokuwiki/techset/inc/parser/handler.php(135): dokuwiki\Parsing\Handler\Lists->finalise()
  #5 /Users/atulgrover/Desktop/RAG/Dokuwiki/techset/inc/Parsing/Parser.php(127): Doku_Handler->finalize()
  #6 /Users/atulgrover/Desktop/RAG/Dokuwiki/techset/inc/parserutils.php(234): dokuwiki\Parsing\Parser->parse('\n**I. Core Reso...')
  #7 /Users/atulgrover/Desktop/RAG/Dokuwiki/techset/inc/parserutils.php(198): p_get_instructions('**I. Core Resol...')
  #8 /Users/atulgrover/Desktop/RAG/Dokuwiki/techset/inc/parserutils.php(520): p_cached_instructions('/Users/atulgrov...', false, 'lexai_agents:in...')
  #9 /Users/atulgrover/Desktop/RAG/Dokuwiki/techset/inc/parserutils.php(299): p_render_metadata('lexai_agents:in...', Array)
  #10 /Users/atulgrover/Desktop/RAG/Dokuwiki/techset/inc/parserutils.php(772): p_get_metadata('lexai_agents:in...', 'title', 1)
  #11 /Users/atulgrover/Desktop/RAG/Dokuwiki/techset/lib/plugins/fuzzysearch/action.php(130): p_get_first_heading('lexai_agents:in...')
  #12 /Users/atulgrover/Desktop/RAG/Dokuwiki/techset/lib/plugins/fuzzysearch/action.php(106): action_plugin_fuzzysearch->generatePageList()
  #13 /Users/atulgrover/Desktop/RAG/Dokuwiki/techset/lib/plugins/fuzzysearch/action.php(51): action_plugin_fuzzysearch->ensureCacheExists(true)
  #14 /Users/atulgrover/Desktop/RAG/Dokuwiki/techset/inc/Extension/EventHandler.php(80): action_plugin_fuzzysearch->update_cache_on_change(Object(dokuwiki\Extension\Event), NULL)
  #15 /Users/atulgrover/Desktop/RAG/Dokuwiki/techset/inc/Extension/Event.php(75): dokuwiki\Extension\EventHandler->process_event(Object(dokuwiki\Extension\Event), 'BEFORE')
  #16 /Users/atulgrover/Desktop/RAG/Dokuwiki/techset/inc/Extension/Event.php(133): dokuwiki\Extension\Event->advise_before(false)
  #17 /Users/atulgrover/Desktop/RAG/Dokuwiki/techset/inc/Extension/Event.php(200): dokuwiki\Extension\Event->trigger(NULL, false)
  #18 /Users/atulgrover/Desktop/RAG/Dokuwiki/techset/inc/indexer.php(43): dokuwiki\Extension\Event::createAndTrigger('INDEXER_VERSION...', Array, NULL, false)
  #19 /Users/atulgrover/Desktop/RAG/Dokuwiki/techset/inc/indexer.php(145): idx_get_version()
  #20 /Users/atulgrover/Desktop/RAG/Dokuwiki/techset/inc/TaskRunner.php(206): idx_addPage('start', true)
  #21 /Users/atulgrover/Desktop/RAG/Dokuwiki/techset/inc/TaskRunner.php(52): dokuwiki\TaskRunner->runIndexer()
  #22 /Users/atulgrover/Desktop/RAG/Dokuwiki/techset/lib/exe/taskrunner.php(20): dokuwiki\TaskRunner->run()
  #23 {main}
2026-04-02 06:05:19	/Users/atulgrover/Desktop/RAG/Dokuwiki/techset/lib/plugins/markdowku/syntax/ulists.php(79)	E_WARNING: Undefined array key 2
  #0 /Users/atulgrover/Desktop/RAG/Dokuwiki/techset/lib/plugins/markdowku/syntax/ulists.php(79): dokuwiki\ErrorHandler::errorHandler(2, 'Undefined array...', '/Users/atulgrov...', 79)
  #1 /Users/atulgrover/Desktop/RAG/Dokuwiki/techset/inc/Parsing/Handler/Lists.php(80): Doku_Handler_Markdown_Unordered_List->interpretSyntax('\n    * ', 'u')
  #2 /Users/atulgrover/Desktop/RAG/Dokuwiki/techset/inc/Parsing/Handler/Lists.php(32): dokuwiki\Parsing\Handler\Lists->listOpen(Array)
  #3 /Users/atulgrover/Desktop/RAG/Dokuwiki/techset/inc/Parsing/Handler/Lists.php(20): dokuwiki\Parsing\Handler\Lists->process()
  #4 /Users/atulgrover/Desktop/RAG/Dokuwiki/techset/inc/parser/handler.php(135): dokuwiki\Parsing\Handler\Lists->finalise()
  #5 /Users/atulgrover/Desktop/RAG/Dokuwiki/techset/inc/Parsing/Parser.php(127): Doku_Handler->finalize()
  #6 /Users/atulgrover/Desktop/RAG/Dokuwiki/techset/inc/parserutils.php(234): dokuwiki\Parsing\Parser->parse('\n{{tagfilter>Ag...')
  #7 /Users/atulgrover/Desktop/RAG/Dokuwiki/techset/inc/parserutils.php(198): p_get_instructions('{{tagfilter>Age...')
  #8 /Users/atulgrover/Desktop/RAG/Dokuwiki/techset/inc/parserutils.php(520): p_cached_instructions('/Users/atulgrov...', false, 'lexai_agents:in...')
  #9 /Users/atulgrover/Desktop/RAG/Dokuwiki/techset/inc/parserutils.php(299): p_render_metadata('lexai_agents:in...', Array)
  #10 /Users/atulgrover/Desktop/RAG/Dokuwiki/techset/inc/parserutils.php(772): p_get_metadata('lexai_agents:in...', 'title', 1)
  #11 /Users/atulgrover/Desktop/RAG/Dokuwiki/techset/lib/plugins/fuzzysearch/action.php(130): p_get_first_heading('lexai_agents:in...')
  #12 /Users/atulgrover/Desktop/RAG/Dokuwiki/techset/lib/plugins/fuzzysearch/action.php(106): action_plugin_fuzzysearch->generatePageList()
  #13 /Users/atulgrover/Desktop/RAG/Dokuwiki/techset/lib/plugins/fuzzysearch/action.php(51): action_plugin_fuzzysearch->ensureCacheExists(true)
  #14 /Users/atulgrover/Desktop/RAG/Dokuwiki/techset/inc/Extension/EventHandler.php(80): action_plugin_fuzzysearch->update_cache_on_change(Object(dokuwiki\Extension\Event), NULL)
  #15 /Users/atulgrover/Desktop/RAG/Dokuwiki/techset/inc/Extension/Event.php(75): dokuwiki\Extension\EventHandler->process_event(Object(dokuwiki\Extension\Event), 'BEFORE')
  #16 /Users/atulgrover/Desktop/RAG/Dokuwiki/techset/inc/Extension/Event.php(133): dokuwiki\Extension\Event->advise_before(false)
  #17 /Users/atulgrover/Desktop/RAG/Dokuwiki/techset/inc/Extension/Event.php(200): dokuwiki\Extension\Event->trigger(NULL, false)
  #18 /Users/atulgrover/Desktop/RAG/Dokuwiki/techset/inc/indexer.php(43): dokuwiki\Extension\Event::createAndTrigger('INDEXER_VERSION...', Array, NULL, false)
  #19 /Users/atulgrover/Desktop/RAG/Dokuwiki/techset/inc/indexer.php(145): idx_get_version()
  #20 /Users/atulgrover/Desktop/RAG/Dokuwiki/techset/inc/TaskRunner.php(206): idx_addPage('start', true)
  #21 /Users/atulgrover/Desktop/RAG/Dokuwiki/techset/inc/TaskRunner.php(52): dokuwiki\TaskRunner->runIndexer()
  #22 /Users/atulgrover/Desktop/RAG/Dokuwiki/techset/lib/exe/taskrunner.php(20): dokuwiki\TaskRunner->run()
  #23 {main}
2026-04-02 06:05:57	/Users/atulgrover/Desktop/RAG/Dokuwiki/techset/lib/plugins/markdowku/syntax/ulists.php(79)	E_WARNING: Undefined array key 2
  #0 /Users/atulgrover/Desktop/RAG/Dokuwiki/techset/lib/plugins/markdowku/syntax/ulists.php(79): dokuwiki\ErrorHandler::errorHandler(2, 'Undefined array...', '/Users/atulgrov...', 79)
  #1 /Users/atulgrover/Desktop/RAG/Dokuwiki/techset/inc/Parsing/Handler/Lists.php(80): Doku_Handler_Markdown_Unordered_List->interpretSyntax('\n    * ', 'u')
  #2 /Users/atulgrover/Desktop/RAG/Dokuwiki/techset/inc/Parsing/Handler/Lists.php(32): dokuwiki\Parsing\Handler\Lists->listOpen(Array)
  #3 /Users/atulgrover/Desktop/RAG/Dokuwiki/techset/inc/Parsing/Handler/Lists.php(20): dokuwiki\Parsing\Handler\Lists->process()
  #4 /Users/atulgrover/Desktop/RAG/Dokuwiki/techset/inc/parser/handler.php(135): dokuwiki\Parsing\Handler\Lists->finalise()
  #5 /Users/atulgrover/Desktop/RAG/Dokuwiki/techset/inc/Parsing/Parser.php(127): Doku_Handler->finalize()
  #6 /Users/atulgrover/Desktop/RAG/Dokuwiki/techset/inc/parserutils.php(234): dokuwiki\Parsing\Parser->parse('\n**I. Core Reso...')
  #7 /Users/atulgrover/Desktop/RAG/Dokuwiki/techset/inc/parserutils.php(198): p_get_instructions('**I. Core Resol...')
  #8 /Users/atulgrover/Desktop/RAG/Dokuwiki/techset/inc/parserutils.php(520): p_cached_instructions('/Users/atulgrov...', false, 'lexai_agents:in...')
  #9 /Users/atulgrover/Desktop/RAG/Dokuwiki/techset/inc/parserutils.php(299): p_render_metadata('lexai_agents:in...', Array)
  #10 /Users/atulgrover/Desktop/RAG/Dokuwiki/techset/inc/parserutils.php(772): p_get_metadata('lexai_agents:in...', 'title', 1)
  #11 /Users/atulgrover/Desktop/RAG/Dokuwiki/techset/lib/plugins/fuzzysearch/action.php(130): p_get_first_heading('lexai_agents:in...')
  #12 /Users/atulgrover/Desktop/RAG/Dokuwiki/techset/lib/plugins/fuzzysearch/action.php(106): action_plugin_fuzzysearch->generatePageList()
  #13 /Users/atulgrover/Desktop/RAG/Dokuwiki/techset/lib/plugins/fuzzysearch/action.php(51): action_plugin_fuzzysearch->ensureCacheExists(true)
  #14 /Users/atulgrover/Desktop/RAG/Dokuwiki/techset/inc/Extension/EventHandler.php(80): action_plugin_fuzzysearch->update_cache_on_change(Object(dokuwiki\Extension\Event), NULL)
  #15 /Users/atulgrover/Desktop/RAG/Dokuwiki/techset/inc/Extension/Event.php(75): dokuwiki\Extension\EventHandler->process_event(Object(dokuwiki\Extension\Event), 'BEFORE')
  #16 /Users/atulgrover/Desktop/RAG/Dokuwiki/techset/inc/Extension/Event.php(133): dokuwiki\Extension\Event->advise_before(false)
  #17 /Users/atulgrover/Desktop/RAG/Dokuwiki/techset/inc/Extension/Event.php(200): dokuwiki\Extension\Event->trigger(NULL, false)
  #18 /Users/atulgrover/Desktop/RAG/Dokuwiki/techset/inc/indexer.php(43): dokuwiki\Extension\Event::createAndTrigger('INDEXER_VERSION...', Array, NULL, false)
  #19 /Users/atulgrover/Desktop/RAG/Dokuwiki/techset/inc/indexer.php(145): idx_get_version()
  #20 /Users/atulgrover/Desktop/RAG/Dokuwiki/techset/inc/TaskRunner.php(206): idx_addPage('start', true)
  #21 /Users/atulgrover/Desktop/RAG/Dokuwiki/techset/inc/TaskRunner.php(52): dokuwiki\TaskRunner->runIndexer()
  #22 /Users/atulgrover/Desktop/RAG/Dokuwiki/techset/lib/exe/taskrunner.php(20): dokuwiki\TaskRunner->run()
  #23 {main}
2026-04-02 06:06:48	/Users/atulgrover/Desktop/RAG/Dokuwiki/techset/lib/plugins/markdowku/syntax/ulists.php(79)	E_WARNING: Undefined array key 2
  #0 /Users/atulgrover/Desktop/RAG/Dokuwiki/techset/lib/plugins/markdowku/syntax/ulists.php(79): dokuwiki\ErrorHandler::errorHandler(2, 'Undefined array...', '/Users/atulgrov...', 79)
  #1 /Users/atulgrover/Desktop/RAG/Dokuwiki/techset/inc/Parsing/Handler/Lists.php(80): Doku_Handler_Markdown_Unordered_List->interpretSyntax('\n    * ', 'u')
  #2 /Users/atulgrover/Desktop/RAG/Dokuwiki/techset/inc/Parsing/Handler/Lists.php(32): dokuwiki\Parsing\Handler\Lists->listOpen(Array)
  #3 /Users/atulgrover/Desktop/RAG/Dokuwiki/techset/inc/Parsing/Handler/Lists.php(20): dokuwiki\Parsing\Handler\Lists->process()
  #4 /Users/atulgrover/Desktop/RAG/Dokuwiki/techset/inc/parser/handler.php(135): dokuwiki\Parsing\Handler\Lists->finalise()
  #5 /Users/atulgrover/Desktop/RAG/Dokuwiki/techset/inc/Parsing/Parser.php(127): Doku_Handler->finalize()
  #6 /Users/atulgrover/Desktop/RAG/Dokuwiki/techset/inc/parserutils.php(234): dokuwiki\Parsing\Parser->parse('\n**I. Core Reso...')
  #7 /Users/atulgrover/Desktop/RAG/Dokuwiki/techset/inc/parserutils.php(198): p_get_instructions('**I. Core Resol...')
  #8 /Users/atulgrover/Desktop/RAG/Dokuwiki/techset/inc/parserutils.php(520): p_cached_instructions('/Users/atulgrov...', false, 'lexai_agents:in...')
  #9 /Users/atulgrover/Desktop/RAG/Dokuwiki/techset/inc/parserutils.php(299): p_render_metadata('lexai_agents:in...', Array)
  #10 /Users/atulgrover/Desktop/RAG/Dokuwiki/techset/inc/parserutils.php(772): p_get_metadata('lexai_agents:in...', 'title', 1)
  #11 /Users/atulgrover/Desktop/RAG/Dokuwiki/techset/lib/plugins/fuzzysearch/action.php(130): p_get_first_heading('lexai_agents:in...')
  #12 /Users/atulgrover/Desktop/RAG/Dokuwiki/techset/lib/plugins/fuzzysearch/action.php(106): action_plugin_fuzzysearch->generatePageList()
  #13 /Users/atulgrover/Desktop/RAG/Dokuwiki/techset/lib/plugins/fuzzysearch/action.php(51): action_plugin_fuzzysearch->ensureCacheExists(true)
  #14 /Users/atulgrover/Desktop/RAG/Dokuwiki/techset/inc/Extension/EventHandler.php(80): action_plugin_fuzzysearch->update_cache_on_change(Object(dokuwiki\Extension\Event), NULL)
  #15 /Users/atulgrover/Desktop/RAG/Dokuwiki/techset/inc/Extension/Event.php(75): dokuwiki\Extension\EventHandler->process_event(Object(dokuwiki\Extension\Event), 'BEFORE')
  #16 /Users/atulgrover/Desktop/RAG/Dokuwiki/techset/inc/Extension/Event.php(133): dokuwiki\Extension\Event->advise_before(false)
  #17 /Users/atulgrover/Desktop/RAG/Dokuwiki/techset/inc/Extension/Event.php(200): dokuwiki\Extension\Event->trigger(NULL, false)
  #18 /Users/atulgrover/Desktop/RAG/Dokuwiki/techset/inc/indexer.php(43): dokuwiki\Extension\Event::createAndTrigger('INDEXER_VERSION...', Array, NULL, false)
  #19 /Users/atulgrover/Desktop/RAG/Dokuwiki/techset/inc/indexer.php(145): idx_get_version()
  #20 /Users/atulgrover/Desktop/RAG/Dokuwiki/techset/inc/TaskRunner.php(206): idx_addPage('start', true)
  #21 /Users/atulgrover/Desktop/RAG/Dokuwiki/techset/inc/TaskRunner.php(52): dokuwiki\TaskRunner->runIndexer()
  #22 /Users/atulgrover/Desktop/RAG/Dokuwiki/techset/lib/exe/taskrunner.php(20): dokuwiki\TaskRunner->run()
  #23 {main}
2026-04-02 06:07:29	/Users/atulgrover/Desktop/RAG/Dokuwiki/techset/lib/plugins/iframe/syntax.php(26)	E_WARNING: Undefined array key 1
  #0 /Users/atulgrover/Desktop/RAG/Dokuwiki/techset/lib/plugins/iframe/syntax.php(26): dokuwiki\ErrorHandler::errorHandler(2, 'Undefined array...', '/Users/atulgrov...', 26)
  #1 /Users/atulgrover/Desktop/RAG/Dokuwiki/techset/inc/parser/handler.php(298): syntax_plugin_iframe->handle('http://https://...', 5, 34, Object(Doku_Handler))
  #2 /Users/atulgrover/Desktop/RAG/Dokuwiki/techset/inc/Parsing/Lexer/Lexer.php(269): Doku_Handler->plugin('{{url>http://ht...', 5, 34, 'iframe')
  #3 /Users/atulgrover/Desktop/RAG/Dokuwiki/techset/inc/Parsing/Lexer/Lexer.php(196): dokuwiki\Parsing\Lexer\Lexer->invokeHandler('{{url>http://ht...', 5, 34)
  #4 /Users/atulgrover/Desktop/RAG/Dokuwiki/techset/inc/Parsing/Lexer/Lexer.php(146): dokuwiki\Parsing\Lexer\Lexer->dispatchTokens('', '{{url>http://ht...', '_plugin_iframe', 34, 34)
  #5 /Users/atulgrover/Desktop/RAG/Dokuwiki/techset/inc/Parsing/Parser.php(113): dokuwiki\Parsing\Lexer\Lexer->parse('\n')
  #6 /Users/atulgrover/Desktop/RAG/Dokuwiki/techset/inc/parserutils.php(234): dokuwiki\Parsing\Parser->parse('\nhttps://valuer...')
  #7 /Users/atulgrover/Desktop/RAG/Dokuwiki/techset/inc/parserutils.php(198): p_get_instructions('https://valuers...')
  #8 /Users/atulgrover/Desktop/RAG/Dokuwiki/techset/inc/parserutils.php(520): p_cached_instructions('/Users/atulgrov...', false, 'rbz_directories...')
  #9 /Users/atulgrover/Desktop/RAG/Dokuwiki/techset/inc/parserutils.php(299): p_render_metadata('rbz_directories...', Array)
  #10 /Users/atulgrover/Desktop/RAG/Dokuwiki/techset/inc/common.php(265): p_get_metadata('rbz_directories...')
  #11 /Users/atulgrover/Desktop/RAG/Dokuwiki/techset/doku.php(101): pageinfo()
  #12 {main}
2026-04-02 06:07:40	/Users/atulgrover/Desktop/RAG/Dokuwiki/techset/lib/plugins/iframe/syntax.php(26)	E_WARNING: Undefined array key 1
  #0 /Users/atulgrover/Desktop/RAG/Dokuwiki/techset/lib/plugins/iframe/syntax.php(26): dokuwiki\ErrorHandler::errorHandler(2, 'Undefined array...', '/Users/atulgrov...', 26)
  #1 /Users/atulgrover/Desktop/RAG/Dokuwiki/techset/inc/parser/handler.php(298): syntax_plugin_iframe->handle('http://valuers....', 5, 34, Object(Doku_Handler))
  #2 /Users/atulgrover/Desktop/RAG/Dokuwiki/techset/inc/Parsing/Lexer/Lexer.php(269): Doku_Handler->plugin('{{url>http://va...', 5, 34, 'iframe')
  #3 /Users/atulgrover/Desktop/RAG/Dokuwiki/techset/inc/Parsing/Lexer/Lexer.php(196): dokuwiki\Parsing\Lexer\Lexer->invokeHandler('{{url>http://va...', 5, 34)
  #4 /Users/atulgrover/Desktop/RAG/Dokuwiki/techset/inc/Parsing/Lexer/Lexer.php(146): dokuwiki\Parsing\Lexer\Lexer->dispatchTokens('', '{{url>http://va...', '_plugin_iframe', 34, 34)
  #5 /Users/atulgrover/Desktop/RAG/Dokuwiki/techset/inc/Parsing/Parser.php(113): dokuwiki\Parsing\Lexer\Lexer->parse('\n')
  #6 /Users/atulgrover/Desktop/RAG/Dokuwiki/techset/inc/parserutils.php(234): dokuwiki\Parsing\Parser->parse('\nhttps://valuer...')
  #7 /Users/atulgrover/Desktop/RAG/Dokuwiki/techset/inc/Ui/PageView.php(56): p_get_instructions('https://valuers...')
  #8 /Users/atulgrover/Desktop/RAG/Dokuwiki/techset/inc/Action/Preview.php(32): dokuwiki\Ui\PageView->show()
  #9 /Users/atulgrover/Desktop/RAG/Dokuwiki/techset/inc/template.php(120): dokuwiki\Action\Preview->tplContent()
  #10 [internal function]: tpl_content_core('preview')
  #11 /Users/atulgrover/Desktop/RAG/Dokuwiki/techset/inc/Extension/Event.php(134): call_user_func_array('tpl_content_cor...', Array)
  #12 /Users/atulgrover/Desktop/RAG/Dokuwiki/techset/inc/Extension/Event.php(200): dokuwiki\Extension\Event->trigger('tpl_content_cor...', true)
  #13 /Users/atulgrover/Desktop/RAG/Dokuwiki/techset/inc/template.php(102): dokuwiki\Extension\Event::createAndTrigger('TPL_ACT_RENDER', 'preview', 'tpl_content_cor...')
  #14 /Users/atulgrover/Desktop/RAG/Dokuwiki/techset/lib/tpl/notes/main.php(57): tpl_content()
  #15 /Users/atulgrover/Desktop/RAG/Dokuwiki/techset/inc/actions.php(30): include('/Users/atulgrov...')
  #16 /Users/atulgrover/Desktop/RAG/Dokuwiki/techset/doku.php(131): act_dispatch()
  #17 {main}
2026-04-02 06:08:37	/Users/atulgrover/Desktop/RAG/Dokuwiki/techset/lib/plugins/smtp/helper.php(22)	E_WARNING: Undefined array key "SERVER_ADDR"
  #0 /Users/atulgrover/Desktop/RAG/Dokuwiki/techset/lib/plugins/smtp/helper.php(22): dokuwiki\ErrorHandler::errorHandler(2, 'Undefined array...', '/Users/atulgrov...', 22)
  #1 /Users/atulgrover/Desktop/RAG/Dokuwiki/techset/lib/plugins/smtp/action.php(67): helper_plugin_smtp::getEHLO('')
  #2 /Users/atulgrover/Desktop/RAG/Dokuwiki/techset/inc/Extension/EventHandler.php(80): action_plugin_smtp->handle_mail_message_send(Object(dokuwiki\Extension\Event), NULL)
  #3 /Users/atulgrover/Desktop/RAG/Dokuwiki/techset/inc/Extension/Event.php(75): dokuwiki\Extension\EventHandler->process_event(Object(dokuwiki\Extension\Event), 'BEFORE')
  #4 /Users/atulgrover/Desktop/RAG/Dokuwiki/techset/inc/Mailer.class.php(739): dokuwiki\Extension\Event->advise_before(true)
  #5 /Users/atulgrover/Desktop/RAG/Dokuwiki/techset/inc/Subscriptions/SubscriptionSender.php(84): Mailer->send()
  #6 /Users/atulgrover/Desktop/RAG/Dokuwiki/techset/inc/Subscriptions/PageSubscriptionSender.php(74): dokuwiki\Subscriptions\SubscriptionSender->send('atulgroverr@gma...', 'page changed: r...', 'rbz_directories...', 'mailtext', Array, Array, Array)
  #7 /Users/atulgrover/Desktop/RAG/Dokuwiki/techset/inc/common.php(1344): dokuwiki\Subscriptions\PageSubscriptionSender->sendPageDiff('atulgroverr@gma...', 'mailtext', 'rbz_directories...', 1775109691, '', false)
  #8 /Users/atulgrover/Desktop/RAG/Dokuwiki/techset/inc/common.php(1273): notify('rbz_directories...', 'admin', 1775109691, '', false, 1775110117)
  #9 /Users/atulgrover/Desktop/RAG/Dokuwiki/techset/inc/Action/Save.php(58): saveWikiText('rbz_directories...', 'https://valuers...', '', false)
  #10 /Users/atulgrover/Desktop/RAG/Dokuwiki/techset/inc/ActionRouter.php(86): dokuwiki\Action\Save->preProcess()
  #11 /Users/atulgrover/Desktop/RAG/Dokuwiki/techset/inc/ActionRouter.php(49): dokuwiki\ActionRouter->setupAction('save')
  #12 /Users/atulgrover/Desktop/RAG/Dokuwiki/techset/inc/ActionRouter.php(62): dokuwiki\ActionRouter->__construct()
  #13 /Users/atulgrover/Desktop/RAG/Dokuwiki/techset/inc/actions.php(19): dokuwiki\ActionRouter::getInstance(true)
  #14 /Users/atulgrover/Desktop/RAG/Dokuwiki/techset/doku.php(131): act_dispatch()
  #15 {main}
2026-04-02 06:09:13	/Users/atulgrover/Desktop/RAG/Dokuwiki/techset/lib/plugins/bureaucracy/helper/field.php(84)	E_WARNING: Undefined array key "label"
  #0 /Users/atulgrover/Desktop/RAG/Dokuwiki/techset/lib/plugins/bureaucracy/helper/field.php(84): dokuwiki\ErrorHandler::errorHandler(2, 'Undefined array...', '/Users/atulgrov...', 84)
  #1 /Users/atulgrover/Desktop/RAG/Dokuwiki/techset/lib/plugins/bureaucracy/helper/field.php(53): helper_plugin_bureaucracy_field->init(Array)
  #2 /Users/atulgrover/Desktop/RAG/Dokuwiki/techset/lib/plugins/bureaucracy/helper/fieldsubmit.php(21): helper_plugin_bureaucracy_field->initialize(Array)
  #3 /Users/atulgrover/Desktop/RAG/Dokuwiki/techset/lib/plugins/bureaucracy/syntax.php(128): helper_plugin_bureaucracy_fieldsubmit->initialize(Array)
  #4 /Users/atulgrover/Desktop/RAG/Dokuwiki/techset/inc/parser/handler.php(298): syntax_plugin_bureaucracy->handle('\naction pagemod...', 5, 33, Object(Doku_Handler))
  #5 /Users/atulgrover/Desktop/RAG/Dokuwiki/techset/inc/Parsing/Lexer/Lexer.php(269): Doku_Handler->plugin('<form>\naction p...', 5, 33, 'bureaucracy')
  #6 /Users/atulgrover/Desktop/RAG/Dokuwiki/techset/inc/Parsing/Lexer/Lexer.php(196): dokuwiki\Parsing\Lexer\Lexer->invokeHandler('<form>\naction p...', 5, 33)
  #7 /Users/atulgrover/Desktop/RAG/Dokuwiki/techset/inc/Parsing/Lexer/Lexer.php(146): dokuwiki\Parsing\Lexer\Lexer->dispatchTokens('', '<form>\naction p...', '_plugin_bureauc...', 33, 33)
  #8 /Users/atulgrover/Desktop/RAG/Dokuwiki/techset/inc/Parsing/Parser.php(113): dokuwiki\Parsing\Lexer\Lexer->parse('\n\n\n')
  #9 /Users/atulgrover/Desktop/RAG/Dokuwiki/techset/inc/parserutils.php(234): dokuwiki\Parsing\Parser->parse('\n~~NOTOC~~\n\n===...')
  #10 /Users/atulgrover/Desktop/RAG/Dokuwiki/techset/inc/parserutils.php(198): p_get_instructions('~~NOTOC~~\n\n====...')
  #11 /Users/atulgrover/Desktop/RAG/Dokuwiki/techset/inc/parserutils.php(520): p_cached_instructions('/Users/atulgrov...', false, 'rbz_academics:s...')
  #12 /Users/atulgrover/Desktop/RAG/Dokuwiki/techset/inc/parserutils.php(299): p_render_metadata('rbz_academics:s...', Array)
  #13 /Users/atulgrover/Desktop/RAG/Dokuwiki/techset/inc/parserutils.php(772): p_get_metadata('rbz_academics:s...', 'title', 1)
  #14 /Users/atulgrover/Desktop/RAG/Dokuwiki/techset/lib/plugins/fuzzysearch/action.php(130): p_get_first_heading('rbz_academics:s...')
  #15 /Users/atulgrover/Desktop/RAG/Dokuwiki/techset/lib/plugins/fuzzysearch/action.php(106): action_plugin_fuzzysearch->generatePageList()
  #16 /Users/atulgrover/Desktop/RAG/Dokuwiki/techset/lib/plugins/fuzzysearch/action.php(51): action_plugin_fuzzysearch->ensureCacheExists(true)
  #17 /Users/atulgrover/Desktop/RAG/Dokuwiki/techset/inc/Extension/EventHandler.php(80): action_plugin_fuzzysearch->update_cache_on_change(Object(dokuwiki\Extension\Event), NULL)
  #18 /Users/atulgrover/Desktop/RAG/Dokuwiki/techset/inc/Extension/Event.php(75): dokuwiki\Extension\EventHandler->process_event(Object(dokuwiki\Extension\Event), 'BEFORE')
  #19 /Users/atulgrover/Desktop/RAG/Dokuwiki/techset/inc/Extension/Event.php(133): dokuwiki\Extension\Event->advise_before(false)
  #20 /Users/atulgrover/Desktop/RAG/Dokuwiki/techset/inc/Extension/Event.php(200): dokuwiki\Extension\Event->trigger(NULL, false)
  #21 /Users/atulgrover/Desktop/RAG/Dokuwiki/techset/inc/indexer.php(43): dokuwiki\Extension\Event::createAndTrigger('INDEXER_VERSION...', Array, NULL, false)
  #22 /Users/atulgrover/Desktop/RAG/Dokuwiki/techset/inc/indexer.php(145): idx_get_version()
  #23 /Users/atulgrover/Desktop/RAG/Dokuwiki/techset/inc/TaskRunner.php(206): idx_addPage('start', true)
  #24 /Users/atulgrover/Desktop/RAG/Dokuwiki/techset/inc/TaskRunner.php(52): dokuwiki\TaskRunner->runIndexer()
  #25 /Users/atulgrover/Desktop/RAG/Dokuwiki/techset/lib/exe/taskrunner.php(20): dokuwiki\TaskRunner->run()
  #26 {main}
2026-04-02 06:09:14	/Users/atulgrover/Desktop/RAG/Dokuwiki/techset/lib/plugins/markdowku/syntax/ulists.php(79)	E_WARNING: Undefined array key 2
  #0 /Users/atulgrover/Desktop/RAG/Dokuwiki/techset/lib/plugins/markdowku/syntax/ulists.php(79): dokuwiki\ErrorHandler::errorHandler(2, 'Undefined array...', '/Users/atulgrov...', 79)
  #1 /Users/atulgrover/Desktop/RAG/Dokuwiki/techset/inc/Parsing/Handler/Lists.php(80): Doku_Handler_Markdown_Unordered_List->interpretSyntax('\n  * ', 'u')
  #2 /Users/atulgrover/Desktop/RAG/Dokuwiki/techset/inc/Parsing/Handler/Lists.php(32): dokuwiki\Parsing\Handler\Lists->listOpen(Array)
  #3 /Users/atulgrover/Desktop/RAG/Dokuwiki/techset/lib/plugins/markdowku/syntax/ulists.php(55): dokuwiki\Parsing\Handler\Lists->process()
  #4 /Users/atulgrover/Desktop/RAG/Dokuwiki/techset/inc/parser/handler.php(298): syntax_plugin_markdowku_ulists->handle('\n', 4, 849, Object(Doku_Handler))
  #5 /Users/atulgrover/Desktop/RAG/Dokuwiki/techset/inc/Parsing/Lexer/Lexer.php(269): Doku_Handler->plugin('\n', 4, 849, 'markdowku_ulist...')
  #6 /Users/atulgrover/Desktop/RAG/Dokuwiki/techset/inc/Parsing/Lexer/Lexer.php(189): dokuwiki\Parsing\Lexer\Lexer->invokeHandler('\n', 4, 849)
  #7 /Users/atulgrover/Desktop/RAG/Dokuwiki/techset/inc/Parsing/Lexer/Lexer.php(146): dokuwiki\Parsing\Lexer\Lexer->dispatchTokens('Chapter XXIX \xE2\x80...', '\n', '__exit', 819, 849)
  #8 /Users/atulgrover/Desktop/RAG/Dokuwiki/techset/inc/Parsing/Parser.php(113): dokuwiki\Parsing\Lexer\Lexer->parse('\n### (ii) The P...')
  #9 /Users/atulgrover/Desktop/RAG/Dokuwiki/techset/inc/parserutils.php(234): dokuwiki\Parsing\Parser->parse('\n~~NOTOC~~\n\n# 1...')
  #10 /Users/atulgrover/Desktop/RAG/Dokuwiki/techset/inc/parserutils.php(198): p_get_instructions('~~NOTOC~~\n\n# 1....')
  #11 /Users/atulgrover/Desktop/RAG/Dokuwiki/techset/inc/parserutils.php(520): p_cached_instructions('/Users/atulgrov...', false, 'rbz_academics:s...')
  #12 /Users/atulgrover/Desktop/RAG/Dokuwiki/techset/inc/parserutils.php(299): p_render_metadata('rbz_academics:s...', Array)
  #13 /Users/atulgrover/Desktop/RAG/Dokuwiki/techset/inc/parserutils.php(772): p_get_metadata('rbz_academics:s...', 'title', 1)
  #14 /Users/atulgrover/Desktop/RAG/Dokuwiki/techset/lib/plugins/fuzzysearch/action.php(130): p_get_first_heading('rbz_academics:s...')
  #15 /Users/atulgrover/Desktop/RAG/Dokuwiki/techset/lib/plugins/fuzzysearch/action.php(106): action_plugin_fuzzysearch->generatePageList()
  #16 /Users/atulgrover/Desktop/RAG/Dokuwiki/techset/lib/plugins/fuzzysearch/action.php(51): action_plugin_fuzzysearch->ensureCacheExists(true)
  #17 /Users/atulgrover/Desktop/RAG/Dokuwiki/techset/inc/Extension/EventHandler.php(80): action_plugin_fuzzysearch->update_cache_on_change(Object(dokuwiki\Extension\Event), NULL)
  #18 /Users/atulgrover/Desktop/RAG/Dokuwiki/techset/inc/Extension/Event.php(75): dokuwiki\Extension\EventHandler->process_event(Object(dokuwiki\Extension\Event), 'BEFORE')
  #19 /Users/atulgrover/Desktop/RAG/Dokuwiki/techset/inc/Extension/Event.php(133): dokuwiki\Extension\Event->advise_before(false)
  #20 /Users/atulgrover/Desktop/RAG/Dokuwiki/techset/inc/Extension/Event.php(200): dokuwiki\Extension\Event->trigger(NULL, false)
  #21 /Users/atulgrover/Desktop/RAG/Dokuwiki/techset/inc/indexer.php(43): dokuwiki\Extension\Event::createAndTrigger('INDEXER_VERSION...', Array, NULL, false)
  #22 /Users/atulgrover/Desktop/RAG/Dokuwiki/techset/inc/indexer.php(145): idx_get_version()
  #23 /Users/atulgrover/Desktop/RAG/Dokuwiki/techset/inc/TaskRunner.php(206): idx_addPage('start', true)
  #24 /Users/atulgrover/Desktop/RAG/Dokuwiki/techset/inc/TaskRunner.php(52): dokuwiki\TaskRunner->runIndexer()
  #25 /Users/atulgrover/Desktop/RAG/Dokuwiki/techset/lib/exe/taskrunner.php(20): dokuwiki\TaskRunner->run()
  #26 {main}
2026-04-02 06:10:05	/Users/atulgrover/Desktop/RAG/Dokuwiki/techset/lib/plugins/smtp/helper.php(22)	E_WARNING: Undefined array key "SERVER_ADDR"
  #0 /Users/atulgrover/Desktop/RAG/Dokuwiki/techset/lib/plugins/smtp/helper.php(22): dokuwiki\ErrorHandler::errorHandler(2, 'Undefined array...', '/Users/atulgrov...', 22)
  #1 /Users/atulgrover/Desktop/RAG/Dokuwiki/techset/lib/plugins/smtp/action.php(67): helper_plugin_smtp::getEHLO('')
  #2 /Users/atulgrover/Desktop/RAG/Dokuwiki/techset/inc/Extension/EventHandler.php(80): action_plugin_smtp->handle_mail_message_send(Object(dokuwiki\Extension\Event), NULL)
  #3 /Users/atulgrover/Desktop/RAG/Dokuwiki/techset/inc/Extension/Event.php(75): dokuwiki\Extension\EventHandler->process_event(Object(dokuwiki\Extension\Event), 'BEFORE')
  #4 /Users/atulgrover/Desktop/RAG/Dokuwiki/techset/inc/Mailer.class.php(739): dokuwiki\Extension\Event->advise_before(true)
  #5 /Users/atulgrover/Desktop/RAG/Dokuwiki/techset/inc/Subscriptions/SubscriptionSender.php(84): Mailer->send()
  #6 /Users/atulgrover/Desktop/RAG/Dokuwiki/techset/inc/Subscriptions/PageSubscriptionSender.php(74): dokuwiki\Subscriptions\SubscriptionSender->send('atulgroverr@gma...', 'page changed: s...', 'start', 'mailtext', Array, Array, Array)
  #7 /Users/atulgrover/Desktop/RAG/Dokuwiki/techset/inc/common.php(1344): dokuwiki\Subscriptions\PageSubscriptionSender->sendPageDiff('atulgroverr@gma...', 'mailtext', 'start', 1775108771, '', false)
  #8 /Users/atulgrover/Desktop/RAG/Dokuwiki/techset/inc/common.php(1273): notify('start', 'admin', 1775108771, '', false, 1775110205)
  #9 /Users/atulgrover/Desktop/RAG/Dokuwiki/techset/inc/Action/Save.php(58): saveWikiText('start', '<WRAP group> \n\n...', '', false)
  #10 /Users/atulgrover/Desktop/RAG/Dokuwiki/techset/inc/ActionRouter.php(86): dokuwiki\Action\Save->preProcess()
  #11 /Users/atulgrover/Desktop/RAG/Dokuwiki/techset/inc/ActionRouter.php(49): dokuwiki\ActionRouter->setupAction('save')
  #12 /Users/atulgrover/Desktop/RAG/Dokuwiki/techset/inc/ActionRouter.php(62): dokuwiki\ActionRouter->__construct()
  #13 /Users/atulgrover/Desktop/RAG/Dokuwiki/techset/inc/actions.php(19): dokuwiki\ActionRouter::getInstance(true)
  #14 /Users/atulgrover/Desktop/RAG/Dokuwiki/techset/doku.php(131): act_dispatch()
  #15 {main}
2026-04-02 06:10:46	/Users/atulgrover/Desktop/RAG/Dokuwiki/techset/lib/plugins/markdowku/syntax/ulists.php(79)	E_WARNING: Undefined array key 2
  #0 /Users/atulgrover/Desktop/RAG/Dokuwiki/techset/lib/plugins/markdowku/syntax/ulists.php(79): dokuwiki\ErrorHandler::errorHandler(2, 'Undefined array...', '/Users/atulgrov...', 79)
  #1 /Users/atulgrover/Desktop/RAG/Dokuwiki/techset/inc/Parsing/Handler/Lists.php(80): Doku_Handler_Markdown_Unordered_List->interpretSyntax('\n  * ', 'u')
  #2 /Users/atulgrover/Desktop/RAG/Dokuwiki/techset/inc/Parsing/Handler/Lists.php(32): dokuwiki\Parsing\Handler\Lists->listOpen(Array)
  #3 /Users/atulgrover/Desktop/RAG/Dokuwiki/techset/lib/plugins/markdowku/syntax/ulists.php(55): dokuwiki\Parsing\Handler\Lists->process()
  #4 /Users/atulgrover/Desktop/RAG/Dokuwiki/techset/inc/parser/handler.php(298): syntax_plugin_markdowku_ulists->handle('\n', 4, 849, Object(Doku_Handler))
  #5 /Users/atulgrover/Desktop/RAG/Dokuwiki/techset/inc/Parsing/Lexer/Lexer.php(269): Doku_Handler->plugin('\n', 4, 849, 'markdowku_ulist...')
  #6 /Users/atulgrover/Desktop/RAG/Dokuwiki/techset/inc/Parsing/Lexer/Lexer.php(189): dokuwiki\Parsing\Lexer\Lexer->invokeHandler('\n', 4, 849)
  #7 /Users/atulgrover/Desktop/RAG/Dokuwiki/techset/inc/Parsing/Lexer/Lexer.php(146): dokuwiki\Parsing\Lexer\Lexer->dispatchTokens('Chapter XXIX \xE2\x80...', '\n', '__exit', 819, 849)
  #8 /Users/atulgrover/Desktop/RAG/Dokuwiki/techset/inc/Parsing/Parser.php(113): dokuwiki\Parsing\Lexer\Lexer->parse('\n### (ii) The P...')
  #9 /Users/atulgrover/Desktop/RAG/Dokuwiki/techset/inc/parserutils.php(234): dokuwiki\Parsing\Parser->parse('\n~~NOTOC~~\n\n# 1...')
  #10 /Users/atulgrover/Desktop/RAG/Dokuwiki/techset/inc/parserutils.php(198): p_get_instructions('~~NOTOC~~\n\n# 1....')
  #11 /Users/atulgrover/Desktop/RAG/Dokuwiki/techset/inc/parserutils.php(520): p_cached_instructions('/Users/atulgrov...', false, 'rbz_academics:s...')
  #12 /Users/atulgrover/Desktop/RAG/Dokuwiki/techset/inc/parserutils.php(299): p_render_metadata('rbz_academics:s...', Array)
  #13 /Users/atulgrover/Desktop/RAG/Dokuwiki/techset/inc/parserutils.php(772): p_get_metadata('rbz_academics:s...', 'title', 1)
  #14 /Users/atulgrover/Desktop/RAG/Dokuwiki/techset/lib/plugins/fuzzysearch/action.php(130): p_get_first_heading('rbz_academics:s...')
  #15 /Users/atulgrover/Desktop/RAG/Dokuwiki/techset/lib/plugins/fuzzysearch/action.php(106): action_plugin_fuzzysearch->generatePageList()
  #16 /Users/atulgrover/Desktop/RAG/Dokuwiki/techset/lib/plugins/fuzzysearch/action.php(51): action_plugin_fuzzysearch->ensureCacheExists(true)
  #17 /Users/atulgrover/Desktop/RAG/Dokuwiki/techset/inc/Extension/EventHandler.php(80): action_plugin_fuzzysearch->update_cache_on_change(Object(dokuwiki\Extension\Event), NULL)
  #18 /Users/atulgrover/Desktop/RAG/Dokuwiki/techset/inc/Extension/Event.php(75): dokuwiki\Extension\EventHandler->process_event(Object(dokuwiki\Extension\Event), 'BEFORE')
  #19 /Users/atulgrover/Desktop/RAG/Dokuwiki/techset/inc/Extension/Event.php(133): dokuwiki\Extension\Event->advise_before(false)
  #20 /Users/atulgrover/Desktop/RAG/Dokuwiki/techset/inc/Extension/Event.php(200): dokuwiki\Extension\Event->trigger(NULL, false)
  #21 /Users/atulgrover/Desktop/RAG/Dokuwiki/techset/inc/indexer.php(43): dokuwiki\Extension\Event::createAndTrigger('INDEXER_VERSION...', Array, NULL, false)
  #22 /Users/atulgrover/Desktop/RAG/Dokuwiki/techset/inc/indexer.php(145): idx_get_version()
  #23 /Users/atulgrover/Desktop/RAG/Dokuwiki/techset/inc/TaskRunner.php(206): idx_addPage('rbz_directories...', true)
  #24 /Users/atulgrover/Desktop/RAG/Dokuwiki/techset/inc/TaskRunner.php(52): dokuwiki\TaskRunner->runIndexer()
  #25 /Users/atulgrover/Desktop/RAG/Dokuwiki/techset/lib/exe/taskrunner.php(20): dokuwiki\TaskRunner->run()
  #26 {main}
2026-04-02 06:11:03	/Users/atulgrover/Desktop/RAG/Dokuwiki/techset/lib/plugins/smtp/helper.php(22)	E_WARNING: Undefined array key "SERVER_ADDR"
  #0 /Users/atulgrover/Desktop/RAG/Dokuwiki/techset/lib/plugins/smtp/helper.php(22): dokuwiki\ErrorHandler::errorHandler(2, 'Undefined array...', '/Users/atulgrov...', 22)
  #1 /Users/atulgrover/Desktop/RAG/Dokuwiki/techset/lib/plugins/smtp/action.php(67): helper_plugin_smtp::getEHLO('')
  #2 /Users/atulgrover/Desktop/RAG/Dokuwiki/techset/inc/Extension/EventHandler.php(80): action_plugin_smtp->handle_mail_message_send(Object(dokuwiki\Extension\Event), NULL)
  #3 /Users/atulgrover/Desktop/RAG/Dokuwiki/techset/inc/Extension/Event.php(75): dokuwiki\Extension\EventHandler->process_event(Object(dokuwiki\Extension\Event), 'BEFORE')
  #4 /Users/atulgrover/Desktop/RAG/Dokuwiki/techset/inc/Mailer.class.php(739): dokuwiki\Extension\Event->advise_before(true)
  #5 /Users/atulgrover/Desktop/RAG/Dokuwiki/techset/inc/Subscriptions/SubscriptionSender.php(84): Mailer->send()
  #6 /Users/atulgrover/Desktop/RAG/Dokuwiki/techset/inc/Subscriptions/PageSubscriptionSender.php(74): dokuwiki\Subscriptions\SubscriptionSender->send('atulgroverr@gma...', 'page added: rbz...', 'rbz_directories...', 'mailtext', Array, Array, Array)
  #7 /Users/atulgrover/Desktop/RAG/Dokuwiki/techset/inc/common.php(1344): dokuwiki\Subscriptions\PageSubscriptionSender->sendPageDiff('atulgroverr@gma...', 'mailtext', 'rbz_directories...', false, 'created', false)
  #8 /Users/atulgrover/Desktop/RAG/Dokuwiki/techset/inc/common.php(1273): notify('rbz_directories...', 'admin', false, 'created', false, 1775110263)
  #9 /Users/atulgrover/Desktop/RAG/Dokuwiki/techset/inc/Action/Save.php(58): saveWikiText('rbz_directories...', '[[http://localh...', 'created', false)
  #10 /Users/atulgrover/Desktop/RAG/Dokuwiki/techset/inc/ActionRouter.php(86): dokuwiki\Action\Save->preProcess()
  #11 /Users/atulgrover/Desktop/RAG/Dokuwiki/techset/inc/ActionRouter.php(49): dokuwiki\ActionRouter->setupAction('save')
  #12 /Users/atulgrover/Desktop/RAG/Dokuwiki/techset/inc/ActionRouter.php(62): dokuwiki\ActionRouter->__construct()
  #13 /Users/atulgrover/Desktop/RAG/Dokuwiki/techset/inc/actions.php(19): dokuwiki\ActionRouter::getInstance(true)
  #14 /Users/atulgrover/Desktop/RAG/Dokuwiki/techset/doku.php(131): act_dispatch()
  #15 {main}
2026-04-02 06:11:15	/Users/atulgrover/Desktop/RAG/Dokuwiki/techset/lib/plugins/markdowku/syntax/ulists.php(79)	E_WARNING: Undefined array key 2
  #0 /Users/atulgrover/Desktop/RAG/Dokuwiki/techset/lib/plugins/markdowku/syntax/ulists.php(79): dokuwiki\ErrorHandler::errorHandler(2, 'Undefined array...', '/Users/atulgrov...', 79)
  #1 /Users/atulgrover/Desktop/RAG/Dokuwiki/techset/inc/Parsing/Handler/Lists.php(80): Doku_Handler_Markdown_Unordered_List->interpretSyntax('\n  * ', 'u')
  #2 /Users/atulgrover/Desktop/RAG/Dokuwiki/techset/inc/Parsing/Handler/Lists.php(32): dokuwiki\Parsing\Handler\Lists->listOpen(Array)
  #3 /Users/atulgrover/Desktop/RAG/Dokuwiki/techset/lib/plugins/markdowku/syntax/ulists.php(55): dokuwiki\Parsing\Handler\Lists->process()
  #4 /Users/atulgrover/Desktop/RAG/Dokuwiki/techset/inc/parser/handler.php(298): syntax_plugin_markdowku_ulists->handle('\n', 4, 849, Object(Doku_Handler))
  #5 /Users/atulgrover/Desktop/RAG/Dokuwiki/techset/inc/Parsing/Lexer/Lexer.php(269): Doku_Handler->plugin('\n', 4, 849, 'markdowku_ulist...')
  #6 /Users/atulgrover/Desktop/RAG/Dokuwiki/techset/inc/Parsing/Lexer/Lexer.php(189): dokuwiki\Parsing\Lexer\Lexer->invokeHandler('\n', 4, 849)
  #7 /Users/atulgrover/Desktop/RAG/Dokuwiki/techset/inc/Parsing/Lexer/Lexer.php(146): dokuwiki\Parsing\Lexer\Lexer->dispatchTokens('Chapter XXIX \xE2\x80...', '\n', '__exit', 819, 849)
  #8 /Users/atulgrover/Desktop/RAG/Dokuwiki/techset/inc/Parsing/Parser.php(113): dokuwiki\Parsing\Lexer\Lexer->parse('\n### (ii) The P...')
  #9 /Users/atulgrover/Desktop/RAG/Dokuwiki/techset/inc/parserutils.php(234): dokuwiki\Parsing\Parser->parse('\n~~NOTOC~~\n\n# 1...')
  #10 /Users/atulgrover/Desktop/RAG/Dokuwiki/techset/inc/parserutils.php(198): p_get_instructions('~~NOTOC~~\n\n# 1....')
  #11 /Users/atulgrover/Desktop/RAG/Dokuwiki/techset/inc/parserutils.php(520): p_cached_instructions('/Users/atulgrov...', false, 'rbz_academics:s...')
  #12 /Users/atulgrover/Desktop/RAG/Dokuwiki/techset/inc/parserutils.php(299): p_render_metadata('rbz_academics:s...', Array)
  #13 /Users/atulgrover/Desktop/RAG/Dokuwiki/techset/inc/parserutils.php(772): p_get_metadata('rbz_academics:s...', 'title', 1)
  #14 /Users/atulgrover/Desktop/RAG/Dokuwiki/techset/lib/plugins/fuzzysearch/action.php(130): p_get_first_heading('rbz_academics:s...')
  #15 /Users/atulgrover/Desktop/RAG/Dokuwiki/techset/lib/plugins/fuzzysearch/action.php(106): action_plugin_fuzzysearch->generatePageList()
  #16 /Users/atulgrover/Desktop/RAG/Dokuwiki/techset/lib/plugins/fuzzysearch/action.php(51): action_plugin_fuzzysearch->ensureCacheExists(true)
  #17 /Users/atulgrover/Desktop/RAG/Dokuwiki/techset/inc/Extension/EventHandler.php(80): action_plugin_fuzzysearch->update_cache_on_change(Object(dokuwiki\Extension\Event), NULL)
  #18 /Users/atulgrover/Desktop/RAG/Dokuwiki/techset/inc/Extension/Event.php(75): dokuwiki\Extension\EventHandler->process_event(Object(dokuwiki\Extension\Event), 'BEFORE')
  #19 /Users/atulgrover/Desktop/RAG/Dokuwiki/techset/inc/Extension/Event.php(133): dokuwiki\Extension\Event->advise_before(false)
  #20 /Users/atulgrover/Desktop/RAG/Dokuwiki/techset/inc/Extension/Event.php(200): dokuwiki\Extension\Event->trigger(NULL, false)
  #21 /Users/atulgrover/Desktop/RAG/Dokuwiki/techset/inc/indexer.php(43): dokuwiki\Extension\Event::createAndTrigger('INDEXER_VERSION...', Array, NULL, false)
  #22 /Users/atulgrover/Desktop/RAG/Dokuwiki/techset/inc/indexer.php(145): idx_get_version()
  #23 /Users/atulgrover/Desktop/RAG/Dokuwiki/techset/inc/TaskRunner.php(206): idx_addPage('start', true)
  #24 /Users/atulgrover/Desktop/RAG/Dokuwiki/techset/inc/TaskRunner.php(52): dokuwiki\TaskRunner->runIndexer()
  #25 /Users/atulgrover/Desktop/RAG/Dokuwiki/techset/lib/exe/taskrunner.php(20): dokuwiki\TaskRunner->run()
  #26 {main}
2026-04-02 06:11:15	/Users/atulgrover/Desktop/RAG/Dokuwiki/techset/lib/plugins/bureaucracy/helper/field.php(84)	E_WARNING: Undefined array key "label"
  #0 /Users/atulgrover/Desktop/RAG/Dokuwiki/techset/lib/plugins/bureaucracy/helper/field.php(84): dokuwiki\ErrorHandler::errorHandler(2, 'Undefined array...', '/Users/atulgrov...', 84)
  #1 /Users/atulgrover/Desktop/RAG/Dokuwiki/techset/lib/plugins/bureaucracy/helper/field.php(53): helper_plugin_bureaucracy_field->init(Array)
  #2 /Users/atulgrover/Desktop/RAG/Dokuwiki/techset/lib/plugins/bureaucracy/helper/fieldsubmit.php(21): helper_plugin_bureaucracy_field->initialize(Array)
  #3 /Users/atulgrover/Desktop/RAG/Dokuwiki/techset/lib/plugins/bureaucracy/syntax.php(128): helper_plugin_bureaucracy_fieldsubmit->initialize(Array)
  #4 /Users/atulgrover/Desktop/RAG/Dokuwiki/techset/inc/parser/handler.php(298): syntax_plugin_bureaucracy->handle('\naction pagemod...', 5, 33, Object(Doku_Handler))
  #5 /Users/atulgrover/Desktop/RAG/Dokuwiki/techset/inc/Parsing/Lexer/Lexer.php(269): Doku_Handler->plugin('<form>\naction p...', 5, 33, 'bureaucracy')
  #6 /Users/atulgrover/Desktop/RAG/Dokuwiki/techset/inc/Parsing/Lexer/Lexer.php(196): dokuwiki\Parsing\Lexer\Lexer->invokeHandler('<form>\naction p...', 5, 33)
  #7 /Users/atulgrover/Desktop/RAG/Dokuwiki/techset/inc/Parsing/Lexer/Lexer.php(146): dokuwiki\Parsing\Lexer\Lexer->dispatchTokens('', '<form>\naction p...', '_plugin_bureauc...', 33, 33)
  #8 /Users/atulgrover/Desktop/RAG/Dokuwiki/techset/inc/Parsing/Parser.php(113): dokuwiki\Parsing\Lexer\Lexer->parse('\n\n\n')
  #9 /Users/atulgrover/Desktop/RAG/Dokuwiki/techset/inc/parserutils.php(234): dokuwiki\Parsing\Parser->parse('\n~~NOTOC~~\n\n===...')
  #10 /Users/atulgrover/Desktop/RAG/Dokuwiki/techset/inc/parserutils.php(198): p_get_instructions('~~NOTOC~~\n\n====...')
  #11 /Users/atulgrover/Desktop/RAG/Dokuwiki/techset/inc/parserutils.php(520): p_cached_instructions('/Users/atulgrov...', false, 'rbz_academics:c...')
  #12 /Users/atulgrover/Desktop/RAG/Dokuwiki/techset/inc/parserutils.php(299): p_render_metadata('rbz_academics:c...', Array)
  #13 /Users/atulgrover/Desktop/RAG/Dokuwiki/techset/inc/parserutils.php(772): p_get_metadata('rbz_academics:c...', 'title', 1)
  #14 /Users/atulgrover/Desktop/RAG/Dokuwiki/techset/lib/plugins/fuzzysearch/action.php(130): p_get_first_heading('rbz_academics:c...')
  #15 /Users/atulgrover/Desktop/RAG/Dokuwiki/techset/lib/plugins/fuzzysearch/action.php(106): action_plugin_fuzzysearch->generatePageList()
  #16 /Users/atulgrover/Desktop/RAG/Dokuwiki/techset/lib/plugins/fuzzysearch/action.php(51): action_plugin_fuzzysearch->ensureCacheExists(true)
  #17 /Users/atulgrover/Desktop/RAG/Dokuwiki/techset/inc/Extension/EventHandler.php(80): action_plugin_fuzzysearch->update_cache_on_change(Object(dokuwiki\Extension\Event), NULL)
  #18 /Users/atulgrover/Desktop/RAG/Dokuwiki/techset/inc/Extension/Event.php(75): dokuwiki\Extension\EventHandler->process_event(Object(dokuwiki\Extension\Event), 'BEFORE')
  #19 /Users/atulgrover/Desktop/RAG/Dokuwiki/techset/inc/Extension/Event.php(133): dokuwiki\Extension\Event->advise_before(false)
  #20 /Users/atulgrover/Desktop/RAG/Dokuwiki/techset/inc/Extension/Event.php(200): dokuwiki\Extension\Event->trigger(NULL, false)
  #21 /Users/atulgrover/Desktop/RAG/Dokuwiki/techset/inc/indexer.php(43): dokuwiki\Extension\Event::createAndTrigger('INDEXER_VERSION...', Array, NULL, false)
  #22 /Users/atulgrover/Desktop/RAG/Dokuwiki/techset/inc/indexer.php(145): idx_get_version()
  #23 /Users/atulgrover/Desktop/RAG/Dokuwiki/techset/inc/TaskRunner.php(206): idx_addPage('start', true)
  #24 /Users/atulgrover/Desktop/RAG/Dokuwiki/techset/inc/TaskRunner.php(52): dokuwiki\TaskRunner->runIndexer()
  #25 /Users/atulgrover/Desktop/RAG/Dokuwiki/techset/lib/exe/taskrunner.php(20): dokuwiki\TaskRunner->run()
  #26 {main}
2026-04-02 06:11:46	/Users/atulgrover/Desktop/RAG/Dokuwiki/techset/lib/plugins/bureaucracy/helper/field.php(84)	E_WARNING: Undefined array key "label"
  #0 /Users/atulgrover/Desktop/RAG/Dokuwiki/techset/lib/plugins/bureaucracy/helper/field.php(84): dokuwiki\ErrorHandler::errorHandler(2, 'Undefined array...', '/Users/atulgrov...', 84)
  #1 /Users/atulgrover/Desktop/RAG/Dokuwiki/techset/lib/plugins/bureaucracy/helper/field.php(53): helper_plugin_bureaucracy_field->init(Array)
  #2 /Users/atulgrover/Desktop/RAG/Dokuwiki/techset/lib/plugins/bureaucracy/helper/fieldsubmit.php(21): helper_plugin_bureaucracy_field->initialize(Array)
  #3 /Users/atulgrover/Desktop/RAG/Dokuwiki/techset/lib/plugins/bureaucracy/syntax.php(128): helper_plugin_bureaucracy_fieldsubmit->initialize(Array)
  #4 /Users/atulgrover/Desktop/RAG/Dokuwiki/techset/inc/parser/handler.php(298): syntax_plugin_bureaucracy->handle('\naction pagemod...', 5, 33, Object(Doku_Handler))
  #5 /Users/atulgrover/Desktop/RAG/Dokuwiki/techset/inc/Parsing/Lexer/Lexer.php(269): Doku_Handler->plugin('<form>\naction p...', 5, 33, 'bureaucracy')
  #6 /Users/atulgrover/Desktop/RAG/Dokuwiki/techset/inc/Parsing/Lexer/Lexer.php(196): dokuwiki\Parsing\Lexer\Lexer->invokeHandler('<form>\naction p...', 5, 33)
  #7 /Users/atulgrover/Desktop/RAG/Dokuwiki/techset/inc/Parsing/Lexer/Lexer.php(146): dokuwiki\Parsing\Lexer\Lexer->dispatchTokens('', '<form>\naction p...', '_plugin_bureauc...', 33, 33)
  #8 /Users/atulgrover/Desktop/RAG/Dokuwiki/techset/inc/Parsing/Parser.php(113): dokuwiki\Parsing\Lexer\Lexer->parse('\n\n\n')
  #9 /Users/atulgrover/Desktop/RAG/Dokuwiki/techset/inc/parserutils.php(234): dokuwiki\Parsing\Parser->parse('\n~~NOTOC~~\n\n===...')
  #10 /Users/atulgrover/Desktop/RAG/Dokuwiki/techset/inc/parserutils.php(198): p_get_instructions('~~NOTOC~~\n\n====...')
  #11 /Users/atulgrover/Desktop/RAG/Dokuwiki/techset/inc/parserutils.php(520): p_cached_instructions('/Users/atulgrov...', false, 'rbz_academics:c...')
  #12 /Users/atulgrover/Desktop/RAG/Dokuwiki/techset/inc/parserutils.php(299): p_render_metadata('rbz_academics:c...', Array)
  #13 /Users/atulgrover/Desktop/RAG/Dokuwiki/techset/inc/parserutils.php(772): p_get_metadata('rbz_academics:c...', 'title', 1)
  #14 /Users/atulgrover/Desktop/RAG/Dokuwiki/techset/lib/plugins/fuzzysearch/action.php(130): p_get_first_heading('rbz_academics:c...')
  #15 /Users/atulgrover/Desktop/RAG/Dokuwiki/techset/lib/plugins/fuzzysearch/action.php(106): action_plugin_fuzzysearch->generatePageList()
  #16 /Users/atulgrover/Desktop/RAG/Dokuwiki/techset/lib/plugins/fuzzysearch/action.php(51): action_plugin_fuzzysearch->ensureCacheExists(true)
  #17 /Users/atulgrover/Desktop/RAG/Dokuwiki/techset/inc/Extension/EventHandler.php(80): action_plugin_fuzzysearch->update_cache_on_change(Object(dokuwiki\Extension\Event), NULL)
  #18 /Users/atulgrover/Desktop/RAG/Dokuwiki/techset/inc/Extension/Event.php(75): dokuwiki\Extension\EventHandler->process_event(Object(dokuwiki\Extension\Event), 'BEFORE')
  #19 /Users/atulgrover/Desktop/RAG/Dokuwiki/techset/inc/Extension/Event.php(133): dokuwiki\Extension\Event->advise_before(false)
  #20 /Users/atulgrover/Desktop/RAG/Dokuwiki/techset/inc/Extension/Event.php(200): dokuwiki\Extension\Event->trigger(NULL, false)
  #21 /Users/atulgrover/Desktop/RAG/Dokuwiki/techset/inc/indexer.php(43): dokuwiki\Extension\Event::createAndTrigger('INDEXER_VERSION...', Array, NULL, false)
  #22 /Users/atulgrover/Desktop/RAG/Dokuwiki/techset/inc/indexer.php(145): idx_get_version()
  #23 /Users/atulgrover/Desktop/RAG/Dokuwiki/techset/inc/TaskRunner.php(206): idx_addPage('rbz_directories...', true)
  #24 /Users/atulgrover/Desktop/RAG/Dokuwiki/techset/inc/TaskRunner.php(52): dokuwiki\TaskRunner->runIndexer()
  #25 /Users/atulgrover/Desktop/RAG/Dokuwiki/techset/lib/exe/taskrunner.php(20): dokuwiki\TaskRunner->run()
  #26 {main}
2026-04-02 06:14:05	/Users/atulgrover/Desktop/RAG/Dokuwiki/techset/lib/plugins/smtp/helper.php(22)	E_WARNING: Undefined array key "SERVER_ADDR"
  #0 /Users/atulgrover/Desktop/RAG/Dokuwiki/techset/lib/plugins/smtp/helper.php(22): dokuwiki\ErrorHandler::errorHandler(2, 'Undefined array...', '/Users/atulgrov...', 22)
  #1 /Users/atulgrover/Desktop/RAG/Dokuwiki/techset/lib/plugins/smtp/action.php(67): helper_plugin_smtp::getEHLO('')
  #2 /Users/atulgrover/Desktop/RAG/Dokuwiki/techset/inc/Extension/EventHandler.php(80): action_plugin_smtp->handle_mail_message_send(Object(dokuwiki\Extension\Event), NULL)
  #3 /Users/atulgrover/Desktop/RAG/Dokuwiki/techset/inc/Extension/Event.php(75): dokuwiki\Extension\EventHandler->process_event(Object(dokuwiki\Extension\Event), 'BEFORE')
  #4 /Users/atulgrover/Desktop/RAG/Dokuwiki/techset/inc/Mailer.class.php(739): dokuwiki\Extension\Event->advise_before(true)
  #5 /Users/atulgrover/Desktop/RAG/Dokuwiki/techset/inc/Subscriptions/SubscriptionSender.php(84): Mailer->send()
  #6 /Users/atulgrover/Desktop/RAG/Dokuwiki/techset/inc/Subscriptions/PageSubscriptionSender.php(74): dokuwiki\Subscriptions\SubscriptionSender->send('atulgroverr@gma...', 'page added: rbz...', 'rbz_directories...', 'mailtext', Array, Array, Array)
  #7 /Users/atulgrover/Desktop/RAG/Dokuwiki/techset/inc/common.php(1344): dokuwiki\Subscriptions\PageSubscriptionSender->sendPageDiff('atulgroverr@gma...', 'mailtext', 'rbz_directories...', false, 'created', false)
  #8 /Users/atulgrover/Desktop/RAG/Dokuwiki/techset/inc/common.php(1273): notify('rbz_directories...', 'admin', false, 'created', false, 1775110445)
  #9 /Users/atulgrover/Desktop/RAG/Dokuwiki/techset/inc/Action/Save.php(58): saveWikiText('rbz_directories...', 'https://resolut...', 'created', false)
  #10 /Users/atulgrover/Desktop/RAG/Dokuwiki/techset/inc/ActionRouter.php(86): dokuwiki\Action\Save->preProcess()
  #11 /Users/atulgrover/Desktop/RAG/Dokuwiki/techset/inc/ActionRouter.php(49): dokuwiki\ActionRouter->setupAction('save')
  #12 /Users/atulgrover/Desktop/RAG/Dokuwiki/techset/inc/ActionRouter.php(62): dokuwiki\ActionRouter->__construct()
  #13 /Users/atulgrover/Desktop/RAG/Dokuwiki/techset/inc/actions.php(19): dokuwiki\ActionRouter::getInstance(true)
  #14 /Users/atulgrover/Desktop/RAG/Dokuwiki/techset/doku.php(131): act_dispatch()
  #15 {main}
2026-04-02 06:15:03	/Users/atulgrover/Desktop/RAG/Dokuwiki/techset/lib/plugins/bureaucracy/helper/field.php(84)	E_WARNING: Undefined array key "label"
  #0 /Users/atulgrover/Desktop/RAG/Dokuwiki/techset/lib/plugins/bureaucracy/helper/field.php(84): dokuwiki\ErrorHandler::errorHandler(2, 'Undefined array...', '/Users/atulgrov...', 84)
  #1 /Users/atulgrover/Desktop/RAG/Dokuwiki/techset/lib/plugins/bureaucracy/helper/field.php(53): helper_plugin_bureaucracy_field->init(Array)
  #2 /Users/atulgrover/Desktop/RAG/Dokuwiki/techset/lib/plugins/bureaucracy/helper/fieldsubmit.php(21): helper_plugin_bureaucracy_field->initialize(Array)
  #3 /Users/atulgrover/Desktop/RAG/Dokuwiki/techset/lib/plugins/bureaucracy/syntax.php(128): helper_plugin_bureaucracy_fieldsubmit->initialize(Array)
  #4 /Users/atulgrover/Desktop/RAG/Dokuwiki/techset/inc/parser/handler.php(298): syntax_plugin_bureaucracy->handle('\naction templat...', 5, 1, Object(Doku_Handler))
  #5 /Users/atulgrover/Desktop/RAG/Dokuwiki/techset/inc/Parsing/Lexer/Lexer.php(269): Doku_Handler->plugin('<form>\naction t...', 5, 1, 'bureaucracy')
  #6 /Users/atulgrover/Desktop/RAG/Dokuwiki/techset/inc/Parsing/Lexer/Lexer.php(196): dokuwiki\Parsing\Lexer\Lexer->invokeHandler('<form>\naction t...', 5, 1)
  #7 /Users/atulgrover/Desktop/RAG/Dokuwiki/techset/inc/Parsing/Lexer/Lexer.php(146): dokuwiki\Parsing\Lexer\Lexer->dispatchTokens('', '<form>\naction t...', '_plugin_bureauc...', 1, 1)
  #8 /Users/atulgrover/Desktop/RAG/Dokuwiki/techset/inc/Parsing/Parser.php(113): dokuwiki\Parsing\Lexer\Lexer->parse('\n\n\n\n')
  #9 /Users/atulgrover/Desktop/RAG/Dokuwiki/techset/inc/parserutils.php(234): dokuwiki\Parsing\Parser->parse('\n<form>\naction ...')
  #10 /Users/atulgrover/Desktop/RAG/Dokuwiki/techset/inc/parserutils.php(198): p_get_instructions('<form>\naction t...')
  #11 /Users/atulgrover/Desktop/RAG/Dokuwiki/techset/inc/parserutils.php(520): p_cached_instructions('/Users/atulgrov...', false, 'z_claims:start')
  #12 /Users/atulgrover/Desktop/RAG/Dokuwiki/techset/inc/parserutils.php(299): p_render_metadata('z_claims:start', Array)
  #13 /Users/atulgrover/Desktop/RAG/Dokuwiki/techset/inc/parserutils.php(772): p_get_metadata('z_claims:start', 'title', 1)
  #14 /Users/atulgrover/Desktop/RAG/Dokuwiki/techset/lib/plugins/fuzzysearch/action.php(130): p_get_first_heading('z_claims:start')
  #15 /Users/atulgrover/Desktop/RAG/Dokuwiki/techset/lib/plugins/fuzzysearch/action.php(106): action_plugin_fuzzysearch->generatePageList()
  #16 /Users/atulgrover/Desktop/RAG/Dokuwiki/techset/lib/plugins/fuzzysearch/action.php(51): action_plugin_fuzzysearch->ensureCacheExists(true)
  #17 /Users/atulgrover/Desktop/RAG/Dokuwiki/techset/inc/Extension/EventHandler.php(80): action_plugin_fuzzysearch->update_cache_on_change(Object(dokuwiki\Extension\Event), NULL)
  #18 /Users/atulgrover/Desktop/RAG/Dokuwiki/techset/inc/Extension/Event.php(75): dokuwiki\Extension\EventHandler->process_event(Object(dokuwiki\Extension\Event), 'BEFORE')
  #19 /Users/atulgrover/Desktop/RAG/Dokuwiki/techset/inc/Extension/Event.php(133): dokuwiki\Extension\Event->advise_before(false)
  #20 /Users/atulgrover/Desktop/RAG/Dokuwiki/techset/inc/Extension/Event.php(200): dokuwiki\Extension\Event->trigger(NULL, false)
  #21 /Users/atulgrover/Desktop/RAG/Dokuwiki/techset/inc/indexer.php(43): dokuwiki\Extension\Event::createAndTrigger('INDEXER_VERSION...', Array, NULL, false)
  #22 /Users/atulgrover/Desktop/RAG/Dokuwiki/techset/inc/indexer.php(145): idx_get_version()
  #23 /Users/atulgrover/Desktop/RAG/Dokuwiki/techset/inc/TaskRunner.php(206): idx_addPage('start', true)
  #24 /Users/atulgrover/Desktop/RAG/Dokuwiki/techset/inc/TaskRunner.php(52): dokuwiki\TaskRunner->runIndexer()
  #25 /Users/atulgrover/Desktop/RAG/Dokuwiki/techset/lib/exe/taskrunner.php(20): dokuwiki\TaskRunner->run()
  #26 {main}
2026-04-02 06:15:48	/Users/atulgrover/Desktop/RAG/Dokuwiki/techset/lib/plugins/smtp/helper.php(22)	E_WARNING: Undefined array key "SERVER_ADDR"
  #0 /Users/atulgrover/Desktop/RAG/Dokuwiki/techset/lib/plugins/smtp/helper.php(22): dokuwiki\ErrorHandler::errorHandler(2, 'Undefined array...', '/Users/atulgrov...', 22)
  #1 /Users/atulgrover/Desktop/RAG/Dokuwiki/techset/lib/plugins/smtp/action.php(67): helper_plugin_smtp::getEHLO('')
  #2 /Users/atulgrover/Desktop/RAG/Dokuwiki/techset/inc/Extension/EventHandler.php(80): action_plugin_smtp->handle_mail_message_send(Object(dokuwiki\Extension\Event), NULL)
  #3 /Users/atulgrover/Desktop/RAG/Dokuwiki/techset/inc/Extension/Event.php(75): dokuwiki\Extension\EventHandler->process_event(Object(dokuwiki\Extension\Event), 'BEFORE')
  #4 /Users/atulgrover/Desktop/RAG/Dokuwiki/techset/inc/Mailer.class.php(739): dokuwiki\Extension\Event->advise_before(true)
  #5 /Users/atulgrover/Desktop/RAG/Dokuwiki/techset/inc/Subscriptions/SubscriptionSender.php(84): Mailer->send()
  #6 /Users/atulgrover/Desktop/RAG/Dokuwiki/techset/inc/Subscriptions/PageSubscriptionSender.php(74): dokuwiki\Subscriptions\SubscriptionSender->send('atulgroverr@gma...', 'page added: rbz...', 'rbz_directories...', 'mailtext', Array, Array, Array)
  #7 /Users/atulgrover/Desktop/RAG/Dokuwiki/techset/inc/common.php(1344): dokuwiki\Subscriptions\PageSubscriptionSender->sendPageDiff('atulgroverr@gma...', 'mailtext', 'rbz_directories...', false, 'created', false)
  #8 /Users/atulgrover/Desktop/RAG/Dokuwiki/techset/inc/common.php(1273): notify('rbz_directories...', 'admin', false, 'created', false, 1775110548)
  #9 /Users/atulgrover/Desktop/RAG/Dokuwiki/techset/inc/Action/Save.php(58): saveWikiText('rbz_directories...', 'https://profess...', 'created', false)
  #10 /Users/atulgrover/Desktop/RAG/Dokuwiki/techset/inc/ActionRouter.php(86): dokuwiki\Action\Save->preProcess()
  #11 /Users/atulgrover/Desktop/RAG/Dokuwiki/techset/inc/ActionRouter.php(49): dokuwiki\ActionRouter->setupAction('save')
  #12 /Users/atulgrover/Desktop/RAG/Dokuwiki/techset/inc/ActionRouter.php(62): dokuwiki\ActionRouter->__construct()
  #13 /Users/atulgrover/Desktop/RAG/Dokuwiki/techset/inc/actions.php(19): dokuwiki\ActionRouter::getInstance(true)
  #14 /Users/atulgrover/Desktop/RAG/Dokuwiki/techset/doku.php(131): act_dispatch()
  #15 {main}
2026-04-02 06:15:48	/Users/atulgrover/Desktop/RAG/Dokuwiki/techset/lib/plugins/bureaucracy/helper/field.php(84)	E_WARNING: Undefined array key "label"
  #0 /Users/atulgrover/Desktop/RAG/Dokuwiki/techset/lib/plugins/bureaucracy/helper/field.php(84): dokuwiki\ErrorHandler::errorHandler(2, 'Undefined array...', '/Users/atulgrov...', 84)
  #1 /Users/atulgrover/Desktop/RAG/Dokuwiki/techset/lib/plugins/bureaucracy/helper/field.php(53): helper_plugin_bureaucracy_field->init(Array)
  #2 /Users/atulgrover/Desktop/RAG/Dokuwiki/techset/lib/plugins/bureaucracy/helper/fieldsubmit.php(21): helper_plugin_bureaucracy_field->initialize(Array)
  #3 /Users/atulgrover/Desktop/RAG/Dokuwiki/techset/lib/plugins/bureaucracy/syntax.php(128): helper_plugin_bureaucracy_fieldsubmit->initialize(Array)
  #4 /Users/atulgrover/Desktop/RAG/Dokuwiki/techset/inc/parser/handler.php(298): syntax_plugin_bureaucracy->handle('\naction pagemod...', 5, 23, Object(Doku_Handler))
  #5 /Users/atulgrover/Desktop/RAG/Dokuwiki/techset/inc/Parsing/Lexer/Lexer.php(269): Doku_Handler->plugin('<form>\naction p...', 5, 23, 'bureaucracy')
  #6 /Users/atulgrover/Desktop/RAG/Dokuwiki/techset/inc/Parsing/Lexer/Lexer.php(196): dokuwiki\Parsing\Lexer\Lexer->invokeHandler('<form>\naction p...', 5, 23)
  #7 /Users/atulgrover/Desktop/RAG/Dokuwiki/techset/inc/Parsing/Lexer/Lexer.php(146): dokuwiki\Parsing\Lexer\Lexer->dispatchTokens('', '<form>\naction p...', '_plugin_bureauc...', 23, 23)
  #8 /Users/atulgrover/Desktop/RAG/Dokuwiki/techset/inc/Parsing/Parser.php(113): dokuwiki\Parsing\Lexer\Lexer->parse('\n\n')
  #9 /Users/atulgrover/Desktop/RAG/Dokuwiki/techset/inc/parserutils.php(234): dokuwiki\Parsing\Parser->parse('\n\n======Comment...')
  #10 /Users/atulgrover/Desktop/RAG/Dokuwiki/techset/inc/parserutils.php(198): p_get_instructions('\n======Comments...')
  #11 /Users/atulgrover/Desktop/RAG/Dokuwiki/techset/inc/parserutils.php(520): p_cached_instructions('/Users/atulgrov...', false, 'z_playground:co...')
  #12 /Users/atulgrover/Desktop/RAG/Dokuwiki/techset/inc/parserutils.php(299): p_render_metadata('z_playground:co...', Array)
  #13 /Users/atulgrover/Desktop/RAG/Dokuwiki/techset/inc/parserutils.php(772): p_get_metadata('z_playground:co...', 'title', 1)
  #14 /Users/atulgrover/Desktop/RAG/Dokuwiki/techset/lib/plugins/fuzzysearch/action.php(130): p_get_first_heading('z_playground:co...')
  #15 /Users/atulgrover/Desktop/RAG/Dokuwiki/techset/lib/plugins/fuzzysearch/action.php(106): action_plugin_fuzzysearch->generatePageList()
  #16 /Users/atulgrover/Desktop/RAG/Dokuwiki/techset/lib/plugins/fuzzysearch/action.php(51): action_plugin_fuzzysearch->ensureCacheExists(true)
  #17 /Users/atulgrover/Desktop/RAG/Dokuwiki/techset/inc/Extension/EventHandler.php(80): action_plugin_fuzzysearch->update_cache_on_change(Object(dokuwiki\Extension\Event), NULL)
  #18 /Users/atulgrover/Desktop/RAG/Dokuwiki/techset/inc/Extension/Event.php(75): dokuwiki\Extension\EventHandler->process_event(Object(dokuwiki\Extension\Event), 'BEFORE')
  #19 /Users/atulgrover/Desktop/RAG/Dokuwiki/techset/inc/Extension/Event.php(133): dokuwiki\Extension\Event->advise_before(false)
  #20 /Users/atulgrover/Desktop/RAG/Dokuwiki/techset/inc/Extension/Event.php(200): dokuwiki\Extension\Event->trigger(NULL, false)
  #21 /Users/atulgrover/Desktop/RAG/Dokuwiki/techset/inc/indexer.php(43): dokuwiki\Extension\Event::createAndTrigger('INDEXER_VERSION...', Array, NULL, false)
  #22 /Users/atulgrover/Desktop/RAG/Dokuwiki/techset/inc/indexer.php(209): idx_get_version()
  #23 /Users/atulgrover/Desktop/RAG/Dokuwiki/techset/inc/TaskRunner.php(206): idx_addPage('rbz_directories...', true)
  #24 /Users/atulgrover/Desktop/RAG/Dokuwiki/techset/inc/TaskRunner.php(52): dokuwiki\TaskRunner->runIndexer()
  #25 /Users/atulgrover/Desktop/RAG/Dokuwiki/techset/lib/exe/taskrunner.php(20): dokuwiki\TaskRunner->run()
  #26 {main}
2026-04-02 06:16:19	/Users/atulgrover/Desktop/RAG/Dokuwiki/techset/lib/plugins/bureaucracy/helper/field.php(84)	E_WARNING: Undefined array key "label"
  #0 /Users/atulgrover/Desktop/RAG/Dokuwiki/techset/lib/plugins/bureaucracy/helper/field.php(84): dokuwiki\ErrorHandler::errorHandler(2, 'Undefined array...', '/Users/atulgrov...', 84)
  #1 /Users/atulgrover/Desktop/RAG/Dokuwiki/techset/lib/plugins/bureaucracy/helper/field.php(53): helper_plugin_bureaucracy_field->init(Array)
  #2 /Users/atulgrover/Desktop/RAG/Dokuwiki/techset/lib/plugins/bureaucracy/helper/fieldsubmit.php(21): helper_plugin_bureaucracy_field->initialize(Array)
  #3 /Users/atulgrover/Desktop/RAG/Dokuwiki/techset/lib/plugins/bureaucracy/syntax.php(128): helper_plugin_bureaucracy_fieldsubmit->initialize(Array)
  #4 /Users/atulgrover/Desktop/RAG/Dokuwiki/techset/inc/parser/handler.php(298): syntax_plugin_bureaucracy->handle('\naction pagemod...', 5, 34, Object(Doku_Handler))
  #5 /Users/atulgrover/Desktop/RAG/Dokuwiki/techset/inc/Parsing/Lexer/Lexer.php(269): Doku_Handler->plugin('<form>\naction p...', 5, 34, 'bureaucracy')
  #6 /Users/atulgrover/Desktop/RAG/Dokuwiki/techset/inc/Parsing/Lexer/Lexer.php(196): dokuwiki\Parsing\Lexer\Lexer->invokeHandler('<form>\naction p...', 5, 34)
  #7 /Users/atulgrover/Desktop/RAG/Dokuwiki/techset/inc/Parsing/Lexer/Lexer.php(146): dokuwiki\Parsing\Lexer\Lexer->dispatchTokens('', '<form>\naction p...', '_plugin_bureauc...', 34, 34)
  #8 /Users/atulgrover/Desktop/RAG/Dokuwiki/techset/inc/Parsing/Parser.php(113): dokuwiki\Parsing\Lexer\Lexer->parse('\n\n===== Comment...')
  #9 /Users/atulgrover/Desktop/RAG/Dokuwiki/techset/inc/parserutils.php(234): dokuwiki\Parsing\Parser->parse('\n~~NOTOC~~\n\n===...')
  #10 /Users/atulgrover/Desktop/RAG/Dokuwiki/techset/inc/parserutils.php(198): p_get_instructions('~~NOTOC~~\n\n====...')
  #11 /Users/atulgrover/Desktop/RAG/Dokuwiki/techset/inc/parserutils.php(520): p_cached_instructions('/Users/atulgrov...', false, 'z_playground:bu...')
  #12 /Users/atulgrover/Desktop/RAG/Dokuwiki/techset/inc/parserutils.php(299): p_render_metadata('z_playground:bu...', Array)
  #13 /Users/atulgrover/Desktop/RAG/Dokuwiki/techset/inc/parserutils.php(772): p_get_metadata('z_playground:bu...', 'title', 1)
  #14 /Users/atulgrover/Desktop/RAG/Dokuwiki/techset/lib/plugins/fuzzysearch/action.php(130): p_get_first_heading('z_playground:bu...')
  #15 /Users/atulgrover/Desktop/RAG/Dokuwiki/techset/lib/plugins/fuzzysearch/action.php(106): action_plugin_fuzzysearch->generatePageList()
  #16 /Users/atulgrover/Desktop/RAG/Dokuwiki/techset/lib/plugins/fuzzysearch/action.php(51): action_plugin_fuzzysearch->ensureCacheExists(true)
  #17 /Users/atulgrover/Desktop/RAG/Dokuwiki/techset/inc/Extension/EventHandler.php(80): action_plugin_fuzzysearch->update_cache_on_change(Object(dokuwiki\Extension\Event), NULL)
  #18 /Users/atulgrover/Desktop/RAG/Dokuwiki/techset/inc/Extension/Event.php(75): dokuwiki\Extension\EventHandler->process_event(Object(dokuwiki\Extension\Event), 'BEFORE')
  #19 /Users/atulgrover/Desktop/RAG/Dokuwiki/techset/inc/Extension/Event.php(133): dokuwiki\Extension\Event->advise_before(false)
  #20 /Users/atulgrover/Desktop/RAG/Dokuwiki/techset/inc/Extension/Event.php(200): dokuwiki\Extension\Event->trigger(NULL, false)
  #21 /Users/atulgrover/Desktop/RAG/Dokuwiki/techset/inc/indexer.php(43): dokuwiki\Extension\Event::createAndTrigger('INDEXER_VERSION...', Array, NULL, false)
  #22 /Users/atulgrover/Desktop/RAG/Dokuwiki/techset/inc/indexer.php(145): idx_get_version()
  #23 /Users/atulgrover/Desktop/RAG/Dokuwiki/techset/inc/TaskRunner.php(206): idx_addPage('start', true)
  #24 /Users/atulgrover/Desktop/RAG/Dokuwiki/techset/inc/TaskRunner.php(52): dokuwiki\TaskRunner->runIndexer()
  #25 /Users/atulgrover/Desktop/RAG/Dokuwiki/techset/lib/exe/taskrunner.php(20): dokuwiki\TaskRunner->run()
  #26 {main}
2026-04-02 06:16:19	/Users/atulgrover/Desktop/RAG/Dokuwiki/techset/lib/plugins/bureaucracy/helper/field.php(84)	E_WARNING: Undefined array key "label"
  #0 /Users/atulgrover/Desktop/RAG/Dokuwiki/techset/lib/plugins/bureaucracy/helper/field.php(84): dokuwiki\ErrorHandler::errorHandler(2, 'Undefined array...', '/Users/atulgrov...', 84)
  #1 /Users/atulgrover/Desktop/RAG/Dokuwiki/techset/lib/plugins/bureaucracy/helper/field.php(53): helper_plugin_bureaucracy_field->init(Array)
  #2 /Users/atulgrover/Desktop/RAG/Dokuwiki/techset/lib/plugins/bureaucracy/helper/fieldsubmit.php(21): helper_plugin_bureaucracy_field->initialize(Array)
  #3 /Users/atulgrover/Desktop/RAG/Dokuwiki/techset/lib/plugins/bureaucracy/syntax.php(128): helper_plugin_bureaucracy_fieldsubmit->initialize(Array)
  #4 /Users/atulgrover/Desktop/RAG/Dokuwiki/techset/inc/parser/handler.php(298): syntax_plugin_bureaucracy->handle('\naction pagemod...', 5, 23, Object(Doku_Handler))
  #5 /Users/atulgrover/Desktop/RAG/Dokuwiki/techset/inc/Parsing/Lexer/Lexer.php(269): Doku_Handler->plugin('<form>\naction p...', 5, 23, 'bureaucracy')
  #6 /Users/atulgrover/Desktop/RAG/Dokuwiki/techset/inc/Parsing/Lexer/Lexer.php(196): dokuwiki\Parsing\Lexer\Lexer->invokeHandler('<form>\naction p...', 5, 23)
  #7 /Users/atulgrover/Desktop/RAG/Dokuwiki/techset/inc/Parsing/Lexer/Lexer.php(146): dokuwiki\Parsing\Lexer\Lexer->dispatchTokens('', '<form>\naction p...', '_plugin_bureauc...', 23, 23)
  #8 /Users/atulgrover/Desktop/RAG/Dokuwiki/techset/inc/Parsing/Parser.php(113): dokuwiki\Parsing\Lexer\Lexer->parse('\n\n\n===== entry=...')
  #9 /Users/atulgrover/Desktop/RAG/Dokuwiki/techset/inc/parserutils.php(234): dokuwiki\Parsing\Parser->parse('\n===== Guestboo...')
  #10 /Users/atulgrover/Desktop/RAG/Dokuwiki/techset/inc/parserutils.php(198): p_get_instructions('===== Guestbook...')
  #11 /Users/atulgrover/Desktop/RAG/Dokuwiki/techset/inc/parserutils.php(520): p_cached_instructions('/Users/atulgrov...', false, 'z_playground:fo...')
  #12 /Users/atulgrover/Desktop/RAG/Dokuwiki/techset/inc/parserutils.php(299): p_render_metadata('z_playground:fo...', Array)
  #13 /Users/atulgrover/Desktop/RAG/Dokuwiki/techset/inc/parserutils.php(772): p_get_metadata('z_playground:fo...', 'title', 1)
  #14 /Users/atulgrover/Desktop/RAG/Dokuwiki/techset/lib/plugins/fuzzysearch/action.php(130): p_get_first_heading('z_playground:fo...')
  #15 /Users/atulgrover/Desktop/RAG/Dokuwiki/techset/lib/plugins/fuzzysearch/action.php(106): action_plugin_fuzzysearch->generatePageList()
  #16 /Users/atulgrover/Desktop/RAG/Dokuwiki/techset/lib/plugins/fuzzysearch/action.php(51): action_plugin_fuzzysearch->ensureCacheExists(true)
  #17 /Users/atulgrover/Desktop/RAG/Dokuwiki/techset/inc/Extension/EventHandler.php(80): action_plugin_fuzzysearch->update_cache_on_change(Object(dokuwiki\Extension\Event), NULL)
  #18 /Users/atulgrover/Desktop/RAG/Dokuwiki/techset/inc/Extension/Event.php(75): dokuwiki\Extension\EventHandler->process_event(Object(dokuwiki\Extension\Event), 'BEFORE')
  #19 /Users/atulgrover/Desktop/RAG/Dokuwiki/techset/inc/Extension/Event.php(133): dokuwiki\Extension\Event->advise_before(false)
  #20 /Users/atulgrover/Desktop/RAG/Dokuwiki/techset/inc/Extension/Event.php(200): dokuwiki\Extension\Event->trigger(NULL, false)
  #21 /Users/atulgrover/Desktop/RAG/Dokuwiki/techset/inc/indexer.php(43): dokuwiki\Extension\Event::createAndTrigger('INDEXER_VERSION...', Array, NULL, false)
  #22 /Users/atulgrover/Desktop/RAG/Dokuwiki/techset/inc/indexer.php(145): idx_get_version()
  #23 /Users/atulgrover/Desktop/RAG/Dokuwiki/techset/inc/TaskRunner.php(206): idx_addPage('start', true)
  #24 /Users/atulgrover/Desktop/RAG/Dokuwiki/techset/inc/TaskRunner.php(52): dokuwiki\TaskRunner->runIndexer()
  #25 /Users/atulgrover/Desktop/RAG/Dokuwiki/techset/lib/exe/taskrunner.php(20): dokuwiki\TaskRunner->run()
  #26 {main}
2026-04-02 06:16:19	/Users/atulgrover/Desktop/RAG/Dokuwiki/techset/inc/Parsing/Handler/Quote.php(34)	E_WARNING: Undefined array key 0
  #0 /Users/atulgrover/Desktop/RAG/Dokuwiki/techset/inc/Parsing/Handler/Quote.php(34): dokuwiki\ErrorHandler::errorHandler(2, 'Undefined array...', '/Users/atulgrov...', 34)
  #1 /Users/atulgrover/Desktop/RAG/Dokuwiki/techset/lib/plugins/markdowku/syntax/blockquotes.php(62): dokuwiki\Parsing\Handler\Quote->process()
  #2 /Users/atulgrover/Desktop/RAG/Dokuwiki/techset/inc/parser/handler.php(298): syntax_plugin_markdowku_blockquotes->handle('\n\n', 4, 671, Object(Doku_Handler))
  #3 /Users/atulgrover/Desktop/RAG/Dokuwiki/techset/inc/Parsing/Lexer/Lexer.php(269): Doku_Handler->plugin('\n\n', 4, 671, 'markdowku_block...')
  #4 /Users/atulgrover/Desktop/RAG/Dokuwiki/techset/inc/Parsing/Lexer/Lexer.php(189): dokuwiki\Parsing\Lexer\Lexer->invokeHandler('\n\n', 4, 671)
  #5 /Users/atulgrover/Desktop/RAG/Dokuwiki/techset/inc/Parsing/Lexer/Lexer.php(146): dokuwiki\Parsing\Lexer\Lexer->dispatchTokens('', '\n\n', '__exit', 671, 671)
  #6 /Users/atulgrover/Desktop/RAG/Dokuwiki/techset/inc/Parsing/Parser.php(113): dokuwiki\Parsing\Lexer\Lexer->parse('</datatables>\n')
  #7 /Users/atulgrover/Desktop/RAG/Dokuwiki/techset/inc/parserutils.php(234): dokuwiki\Parsing\Parser->parse('\n===== Guestboo...')
  #8 /Users/atulgrover/Desktop/RAG/Dokuwiki/techset/inc/parserutils.php(198): p_get_instructions('===== Guestbook...')
  #9 /Users/atulgrover/Desktop/RAG/Dokuwiki/techset/inc/parserutils.php(520): p_cached_instructions('/Users/atulgrov...', false, 'z_playground:fo...')
  #10 /Users/atulgrover/Desktop/RAG/Dokuwiki/techset/inc/parserutils.php(299): p_render_metadata('z_playground:fo...', Array)
  #11 /Users/atulgrover/Desktop/RAG/Dokuwiki/techset/inc/parserutils.php(772): p_get_metadata('z_playground:fo...', 'title', 1)
  #12 /Users/atulgrover/Desktop/RAG/Dokuwiki/techset/lib/plugins/fuzzysearch/action.php(130): p_get_first_heading('z_playground:fo...')
  #13 /Users/atulgrover/Desktop/RAG/Dokuwiki/techset/lib/plugins/fuzzysearch/action.php(106): action_plugin_fuzzysearch->generatePageList()
  #14 /Users/atulgrover/Desktop/RAG/Dokuwiki/techset/lib/plugins/fuzzysearch/action.php(51): action_plugin_fuzzysearch->ensureCacheExists(true)
  #15 /Users/atulgrover/Desktop/RAG/Dokuwiki/techset/inc/Extension/EventHandler.php(80): action_plugin_fuzzysearch->update_cache_on_change(Object(dokuwiki\Extension\Event), NULL)
  #16 /Users/atulgrover/Desktop/RAG/Dokuwiki/techset/inc/Extension/Event.php(75): dokuwiki\Extension\EventHandler->process_event(Object(dokuwiki\Extension\Event), 'BEFORE')
  #17 /Users/atulgrover/Desktop/RAG/Dokuwiki/techset/inc/Extension/Event.php(133): dokuwiki\Extension\Event->advise_before(false)
  #18 /Users/atulgrover/Desktop/RAG/Dokuwiki/techset/inc/Extension/Event.php(200): dokuwiki\Extension\Event->trigger(NULL, false)
  #19 /Users/atulgrover/Desktop/RAG/Dokuwiki/techset/inc/indexer.php(43): dokuwiki\Extension\Event::createAndTrigger('INDEXER_VERSION...', Array, NULL, false)
  #20 /Users/atulgrover/Desktop/RAG/Dokuwiki/techset/inc/indexer.php(145): idx_get_version()
  #21 /Users/atulgrover/Desktop/RAG/Dokuwiki/techset/inc/TaskRunner.php(206): idx_addPage('start', true)
  #22 /Users/atulgrover/Desktop/RAG/Dokuwiki/techset/inc/TaskRunner.php(52): dokuwiki\TaskRunner->runIndexer()
  #23 /Users/atulgrover/Desktop/RAG/Dokuwiki/techset/lib/exe/taskrunner.php(20): dokuwiki\TaskRunner->run()
  #24 {main}
2026-04-02 06:16:49	/Users/atulgrover/Desktop/RAG/Dokuwiki/techset/lib/plugins/smtp/helper.php(22)	E_WARNING: Undefined array key "SERVER_ADDR"
  #0 /Users/atulgrover/Desktop/RAG/Dokuwiki/techset/lib/plugins/smtp/helper.php(22): dokuwiki\ErrorHandler::errorHandler(2, 'Undefined array...', '/Users/atulgrov...', 22)
  #1 /Users/atulgrover/Desktop/RAG/Dokuwiki/techset/lib/plugins/smtp/action.php(67): helper_plugin_smtp::getEHLO('')
  #2 /Users/atulgrover/Desktop/RAG/Dokuwiki/techset/inc/Extension/EventHandler.php(80): action_plugin_smtp->handle_mail_message_send(Object(dokuwiki\Extension\Event), NULL)
  #3 /Users/atulgrover/Desktop/RAG/Dokuwiki/techset/inc/Extension/Event.php(75): dokuwiki\Extension\EventHandler->process_event(Object(dokuwiki\Extension\Event), 'BEFORE')
  #4 /Users/atulgrover/Desktop/RAG/Dokuwiki/techset/inc/Mailer.class.php(739): dokuwiki\Extension\Event->advise_before(true)
  #5 /Users/atulgrover/Desktop/RAG/Dokuwiki/techset/inc/Subscriptions/SubscriptionSender.php(84): Mailer->send()
  #6 /Users/atulgrover/Desktop/RAG/Dokuwiki/techset/inc/Subscriptions/PageSubscriptionSender.php(74): dokuwiki\Subscriptions\SubscriptionSender->send('atulgroverr@gma...', 'page added: rbz...', 'rbz_directories...', 'mailtext', Array, Array, Array)
  #7 /Users/atulgrover/Desktop/RAG/Dokuwiki/techset/inc/common.php(1344): dokuwiki\Subscriptions\PageSubscriptionSender->sendPageDiff('atulgroverr@gma...', 'mailtext', 'rbz_directories...', false, 'created', false)
  #8 /Users/atulgrover/Desktop/RAG/Dokuwiki/techset/inc/common.php(1273): notify('rbz_directories...', 'admin', false, 'created', false, 1775110609)
  #9 /Users/atulgrover/Desktop/RAG/Dokuwiki/techset/inc/Action/Save.php(58): saveWikiText('rbz_directories...', 'https://mediato...', 'created', false)
  #10 /Users/atulgrover/Desktop/RAG/Dokuwiki/techset/inc/ActionRouter.php(86): dokuwiki\Action\Save->preProcess()
  #11 /Users/atulgrover/Desktop/RAG/Dokuwiki/techset/inc/ActionRouter.php(49): dokuwiki\ActionRouter->setupAction('save')
  #12 /Users/atulgrover/Desktop/RAG/Dokuwiki/techset/inc/ActionRouter.php(62): dokuwiki\ActionRouter->__construct()
  #13 /Users/atulgrover/Desktop/RAG/Dokuwiki/techset/inc/actions.php(19): dokuwiki\ActionRouter::getInstance(true)
  #14 /Users/atulgrover/Desktop/RAG/Dokuwiki/techset/doku.php(131): act_dispatch()
  #15 {main}
2026-04-02 06:17:17	/Users/atulgrover/Desktop/RAG/Dokuwiki/techset/lib/plugins/smtp/helper.php(22)	E_WARNING: Undefined array key "SERVER_ADDR"
  #0 /Users/atulgrover/Desktop/RAG/Dokuwiki/techset/lib/plugins/smtp/helper.php(22): dokuwiki\ErrorHandler::errorHandler(2, 'Undefined array...', '/Users/atulgrov...', 22)
  #1 /Users/atulgrover/Desktop/RAG/Dokuwiki/techset/lib/plugins/smtp/action.php(67): helper_plugin_smtp::getEHLO('')
  #2 /Users/atulgrover/Desktop/RAG/Dokuwiki/techset/inc/Extension/EventHandler.php(80): action_plugin_smtp->handle_mail_message_send(Object(dokuwiki\Extension\Event), NULL)
  #3 /Users/atulgrover/Desktop/RAG/Dokuwiki/techset/inc/Extension/Event.php(75): dokuwiki\Extension\EventHandler->process_event(Object(dokuwiki\Extension\Event), 'BEFORE')
  #4 /Users/atulgrover/Desktop/RAG/Dokuwiki/techset/inc/Mailer.class.php(739): dokuwiki\Extension\Event->advise_before(true)
  #5 /Users/atulgrover/Desktop/RAG/Dokuwiki/techset/inc/Subscriptions/SubscriptionSender.php(84): Mailer->send()
  #6 /Users/atulgrover/Desktop/RAG/Dokuwiki/techset/inc/Subscriptions/PageSubscriptionSender.php(74): dokuwiki\Subscriptions\SubscriptionSender->send('atulgroverr@gma...', 'page changed: r...', 'rbz_directories...', 'mailtext', Array, Array, Array)
  #7 /Users/atulgrover/Desktop/RAG/Dokuwiki/techset/inc/common.php(1344): dokuwiki\Subscriptions\PageSubscriptionSender->sendPageDiff('atulgroverr@gma...', 'mailtext', 'rbz_directories...', 1775110263, '', false)
  #8 /Users/atulgrover/Desktop/RAG/Dokuwiki/techset/inc/common.php(1273): notify('rbz_directories...', 'admin', 1775110263, '', false, 1775110637)
  #9 /Users/atulgrover/Desktop/RAG/Dokuwiki/techset/inc/Action/Save.php(58): saveWikiText('rbz_directories...', '  * [[rbz_direc...', '', false)
  #10 /Users/atulgrover/Desktop/RAG/Dokuwiki/techset/inc/ActionRouter.php(86): dokuwiki\Action\Save->preProcess()
  #11 /Users/atulgrover/Desktop/RAG/Dokuwiki/techset/inc/ActionRouter.php(49): dokuwiki\ActionRouter->setupAction('save')
  #12 /Users/atulgrover/Desktop/RAG/Dokuwiki/techset/inc/ActionRouter.php(62): dokuwiki\ActionRouter->__construct()
  #13 /Users/atulgrover/Desktop/RAG/Dokuwiki/techset/inc/actions.php(19): dokuwiki\ActionRouter::getInstance(true)
  #14 /Users/atulgrover/Desktop/RAG/Dokuwiki/techset/doku.php(131): act_dispatch()
  #15 {main}
2026-04-02 06:17:18	/Users/atulgrover/Desktop/RAG/Dokuwiki/techset/lib/plugins/bureaucracy/helper/field.php(84)	E_WARNING: Undefined array key "label"
  #0 /Users/atulgrover/Desktop/RAG/Dokuwiki/techset/lib/plugins/bureaucracy/helper/field.php(84): dokuwiki\ErrorHandler::errorHandler(2, 'Undefined array...', '/Users/atulgrov...', 84)
  #1 /Users/atulgrover/Desktop/RAG/Dokuwiki/techset/lib/plugins/bureaucracy/helper/field.php(53): helper_plugin_bureaucracy_field->init(Array)
  #2 /Users/atulgrover/Desktop/RAG/Dokuwiki/techset/lib/plugins/bureaucracy/helper/fieldsubmit.php(21): helper_plugin_bureaucracy_field->initialize(Array)
  #3 /Users/atulgrover/Desktop/RAG/Dokuwiki/techset/lib/plugins/bureaucracy/syntax.php(128): helper_plugin_bureaucracy_fieldsubmit->initialize(Array)
  #4 /Users/atulgrover/Desktop/RAG/Dokuwiki/techset/inc/parser/handler.php(298): syntax_plugin_bureaucracy->handle('\naction   templ...', 5, 1, Object(Doku_Handler))
  #5 /Users/atulgrover/Desktop/RAG/Dokuwiki/techset/inc/Parsing/Lexer/Lexer.php(269): Doku_Handler->plugin('<form>\naction  ...', 5, 1, 'bureaucracy')
  #6 /Users/atulgrover/Desktop/RAG/Dokuwiki/techset/inc/Parsing/Lexer/Lexer.php(196): dokuwiki\Parsing\Lexer\Lexer->invokeHandler('<form>\naction  ...', 5, 1)
  #7 /Users/atulgrover/Desktop/RAG/Dokuwiki/techset/inc/Parsing/Lexer/Lexer.php(146): dokuwiki\Parsing\Lexer\Lexer->dispatchTokens('', '<form>\naction  ...', '_plugin_bureauc...', 1, 1)
  #8 /Users/atulgrover/Desktop/RAG/Dokuwiki/techset/inc/Parsing/Parser.php(113): dokuwiki\Parsing\Lexer\Lexer->parse('\n\n====== edit =...')
  #9 /Users/atulgrover/Desktop/RAG/Dokuwiki/techset/inc/parserutils.php(234): dokuwiki\Parsing\Parser->parse('\n<form>\naction ...')
  #10 /Users/atulgrover/Desktop/RAG/Dokuwiki/techset/inc/parserutils.php(198): p_get_instructions('<form>\naction  ...')
  #11 /Users/atulgrover/Desktop/RAG/Dokuwiki/techset/inc/parserutils.php(520): p_cached_instructions('/Users/atulgrov...', false, 'z_playground:em...')
  #12 /Users/atulgrover/Desktop/RAG/Dokuwiki/techset/inc/parserutils.php(299): p_render_metadata('z_playground:em...', Array)
  #13 /Users/atulgrover/Desktop/RAG/Dokuwiki/techset/inc/parserutils.php(772): p_get_metadata('z_playground:em...', 'title', 1)
  #14 /Users/atulgrover/Desktop/RAG/Dokuwiki/techset/lib/plugins/fuzzysearch/action.php(130): p_get_first_heading('z_playground:em...')
  #15 /Users/atulgrover/Desktop/RAG/Dokuwiki/techset/lib/plugins/fuzzysearch/action.php(106): action_plugin_fuzzysearch->generatePageList()
  #16 /Users/atulgrover/Desktop/RAG/Dokuwiki/techset/lib/plugins/fuzzysearch/action.php(51): action_plugin_fuzzysearch->ensureCacheExists(true)
  #17 /Users/atulgrover/Desktop/RAG/Dokuwiki/techset/inc/Extension/EventHandler.php(80): action_plugin_fuzzysearch->update_cache_on_change(Object(dokuwiki\Extension\Event), NULL)
  #18 /Users/atulgrover/Desktop/RAG/Dokuwiki/techset/inc/Extension/Event.php(75): dokuwiki\Extension\EventHandler->process_event(Object(dokuwiki\Extension\Event), 'BEFORE')
  #19 /Users/atulgrover/Desktop/RAG/Dokuwiki/techset/inc/Extension/Event.php(133): dokuwiki\Extension\Event->advise_before(false)
  #20 /Users/atulgrover/Desktop/RAG/Dokuwiki/techset/inc/Extension/Event.php(200): dokuwiki\Extension\Event->trigger(NULL, false)
  #21 /Users/atulgrover/Desktop/RAG/Dokuwiki/techset/inc/indexer.php(43): dokuwiki\Extension\Event::createAndTrigger('INDEXER_VERSION...', Array, NULL, false)
  #22 /Users/atulgrover/Desktop/RAG/Dokuwiki/techset/inc/indexer.php(145): idx_get_version()
  #23 /Users/atulgrover/Desktop/RAG/Dokuwiki/techset/inc/TaskRunner.php(206): idx_addPage('rbz_directories...', true)
  #24 /Users/atulgrover/Desktop/RAG/Dokuwiki/techset/inc/TaskRunner.php(52): dokuwiki\TaskRunner->runIndexer()
  #25 /Users/atulgrover/Desktop/RAG/Dokuwiki/techset/lib/exe/taskrunner.php(20): dokuwiki\TaskRunner->run()
  #26 {main}
2026-04-02 06:17:24	/Users/atulgrover/Desktop/RAG/Dokuwiki/techset/lib/plugins/bureaucracy/helper/field.php(84)	E_WARNING: Undefined array key "label"
  #0 /Users/atulgrover/Desktop/RAG/Dokuwiki/techset/lib/plugins/bureaucracy/helper/field.php(84): dokuwiki\ErrorHandler::errorHandler(2, 'Undefined array...', '/Users/atulgrov...', 84)
  #1 /Users/atulgrover/Desktop/RAG/Dokuwiki/techset/lib/plugins/bureaucracy/helper/field.php(53): helper_plugin_bureaucracy_field->init(Array)
  #2 /Users/atulgrover/Desktop/RAG/Dokuwiki/techset/lib/plugins/bureaucracy/helper/fieldsubmit.php(21): helper_plugin_bureaucracy_field->initialize(Array)
  #3 /Users/atulgrover/Desktop/RAG/Dokuwiki/techset/lib/plugins/bureaucracy/syntax.php(128): helper_plugin_bureaucracy_fieldsubmit->initialize(Array)
  #4 /Users/atulgrover/Desktop/RAG/Dokuwiki/techset/inc/parser/handler.php(298): syntax_plugin_bureaucracy->handle('\nAction templat...', 5, 39, Object(Doku_Handler))
  #5 /Users/atulgrover/Desktop/RAG/Dokuwiki/techset/inc/Parsing/Lexer/Lexer.php(269): Doku_Handler->plugin('<form>\nAction t...', 5, 39, 'bureaucracy')
  #6 /Users/atulgrover/Desktop/RAG/Dokuwiki/techset/inc/Parsing/Lexer/Lexer.php(196): dokuwiki\Parsing\Lexer\Lexer->invokeHandler('<form>\nAction t...', 5, 39)
  #7 /Users/atulgrover/Desktop/RAG/Dokuwiki/techset/inc/Parsing/Lexer/Lexer.php(146): dokuwiki\Parsing\Lexer\Lexer->dispatchTokens('', '<form>\nAction t...', '_plugin_bureauc...', 39, 39)
  #8 /Users/atulgrover/Desktop/RAG/Dokuwiki/techset/inc/Parsing/Parser.php(113): dokuwiki\Parsing\Lexer\Lexer->parse('\n')
  #9 /Users/atulgrover/Desktop/RAG/Dokuwiki/techset/inc/parserutils.php(234): dokuwiki\Parsing\Parser->parse('\n====== Adding ...')
  #10 /Users/atulgrover/Desktop/RAG/Dokuwiki/techset/inc/parserutils.php(198): p_get_instructions('====== Adding a...')
  #11 /Users/atulgrover/Desktop/RAG/Dokuwiki/techset/inc/parserutils.php(520): p_cached_instructions('/Users/atulgrov...', false, 'z_playground:em...')
  #12 /Users/atulgrover/Desktop/RAG/Dokuwiki/techset/inc/parserutils.php(299): p_render_metadata('z_playground:em...', Array)
  #13 /Users/atulgrover/Desktop/RAG/Dokuwiki/techset/inc/parserutils.php(772): p_get_metadata('z_playground:em...', 'title', 1)
  #14 /Users/atulgrover/Desktop/RAG/Dokuwiki/techset/lib/plugins/fuzzysearch/action.php(130): p_get_first_heading('z_playground:em...')
  #15 /Users/atulgrover/Desktop/RAG/Dokuwiki/techset/lib/plugins/fuzzysearch/action.php(106): action_plugin_fuzzysearch->generatePageList()
  #16 /Users/atulgrover/Desktop/RAG/Dokuwiki/techset/lib/plugins/fuzzysearch/action.php(51): action_plugin_fuzzysearch->ensureCacheExists(true)
  #17 /Users/atulgrover/Desktop/RAG/Dokuwiki/techset/inc/Extension/EventHandler.php(80): action_plugin_fuzzysearch->update_cache_on_change(Object(dokuwiki\Extension\Event), NULL)
  #18 /Users/atulgrover/Desktop/RAG/Dokuwiki/techset/inc/Extension/Event.php(75): dokuwiki\Extension\EventHandler->process_event(Object(dokuwiki\Extension\Event), 'BEFORE')
  #19 /Users/atulgrover/Desktop/RAG/Dokuwiki/techset/inc/Extension/Event.php(133): dokuwiki\Extension\Event->advise_before(false)
  #20 /Users/atulgrover/Desktop/RAG/Dokuwiki/techset/inc/Extension/Event.php(200): dokuwiki\Extension\Event->trigger(NULL, false)
  #21 /Users/atulgrover/Desktop/RAG/Dokuwiki/techset/inc/indexer.php(43): dokuwiki\Extension\Event::createAndTrigger('INDEXER_VERSION...', Array, NULL, false)
  #22 /Users/atulgrover/Desktop/RAG/Dokuwiki/techset/inc/indexer.php(145): idx_get_version()
  #23 /Users/atulgrover/Desktop/RAG/Dokuwiki/techset/inc/TaskRunner.php(206): idx_addPage('rbz_directories...', true)
  #24 /Users/atulgrover/Desktop/RAG/Dokuwiki/techset/inc/TaskRunner.php(52): dokuwiki\TaskRunner->runIndexer()
  #25 /Users/atulgrover/Desktop/RAG/Dokuwiki/techset/lib/exe/taskrunner.php(20): dokuwiki\TaskRunner->run()
  #26 {main}
2026-04-02 06:18:09	/Users/atulgrover/Desktop/RAG/Dokuwiki/techset/lib/plugins/markdowku/syntax/ulists.php(79)	E_WARNING: Undefined array key 2
  #0 /Users/atulgrover/Desktop/RAG/Dokuwiki/techset/lib/plugins/markdowku/syntax/ulists.php(79): dokuwiki\ErrorHandler::errorHandler(2, 'Undefined array...', '/Users/atulgrov...', 79)
  #1 /Users/atulgrover/Desktop/RAG/Dokuwiki/techset/inc/Parsing/Handler/Lists.php(80): Doku_Handler_Markdown_Unordered_List->interpretSyntax('\n  * ', 'u')
  #2 /Users/atulgrover/Desktop/RAG/Dokuwiki/techset/inc/Parsing/Handler/Lists.php(32): dokuwiki\Parsing\Handler\Lists->listOpen(Array)
  #3 /Users/atulgrover/Desktop/RAG/Dokuwiki/techset/lib/plugins/markdowku/syntax/ulists.php(55): dokuwiki\Parsing\Handler\Lists->process()
  #4 /Users/atulgrover/Desktop/RAG/Dokuwiki/techset/inc/parser/handler.php(298): syntax_plugin_markdowku_ulists->handle('\n', 4, 301, Object(Doku_Handler))
  #5 /Users/atulgrover/Desktop/RAG/Dokuwiki/techset/inc/Parsing/Lexer/Lexer.php(269): Doku_Handler->plugin('\n', 4, 301, 'markdowku_ulist...')
  #6 /Users/atulgrover/Desktop/RAG/Dokuwiki/techset/inc/Parsing/Lexer/Lexer.php(189): dokuwiki\Parsing\Lexer\Lexer->invokeHandler('\n', 4, 301)
  #7 /Users/atulgrover/Desktop/RAG/Dokuwiki/techset/inc/Parsing/Lexer/Lexer.php(146): dokuwiki\Parsing\Lexer\Lexer->dispatchTokens('CoC Formation', '\n', '__exit', 288, 301)
  #8 /Users/atulgrover/Desktop/RAG/Dokuwiki/techset/inc/Parsing/Parser.php(113): dokuwiki\Parsing\Lexer\Lexer->parse('\n---\n\n### **II....')
  #9 /Users/atulgrover/Desktop/RAG/Dokuwiki/techset/inc/parserutils.php(234): dokuwiki\Parsing\Parser->parse('\n### **I. Core ...')
  #10 /Users/atulgrover/Desktop/RAG/Dokuwiki/techset/inc/parserutils.php(198): p_get_instructions('### **I. Core I...')
  #11 /Users/atulgrover/Desktop/RAG/Dokuwiki/techset/inc/parserutils.php(520): p_cached_instructions('/Users/atulgrov...', false, 'z_archive:insol...')
  #12 /Users/atulgrover/Desktop/RAG/Dokuwiki/techset/inc/parserutils.php(299): p_render_metadata('z_archive:insol...', Array)
  #13 /Users/atulgrover/Desktop/RAG/Dokuwiki/techset/inc/parserutils.php(772): p_get_metadata('z_archive:insol...', 'title', 1)
  #14 /Users/atulgrover/Desktop/RAG/Dokuwiki/techset/lib/plugins/fuzzysearch/action.php(130): p_get_first_heading('z_archive:insol...')
  #15 /Users/atulgrover/Desktop/RAG/Dokuwiki/techset/lib/plugins/fuzzysearch/action.php(106): action_plugin_fuzzysearch->generatePageList()
  #16 /Users/atulgrover/Desktop/RAG/Dokuwiki/techset/lib/plugins/fuzzysearch/action.php(51): action_plugin_fuzzysearch->ensureCacheExists(true)
  #17 /Users/atulgrover/Desktop/RAG/Dokuwiki/techset/inc/Extension/EventHandler.php(80): action_plugin_fuzzysearch->update_cache_on_change(Object(dokuwiki\Extension\Event), NULL)
  #18 /Users/atulgrover/Desktop/RAG/Dokuwiki/techset/inc/Extension/Event.php(75): dokuwiki\Extension\EventHandler->process_event(Object(dokuwiki\Extension\Event), 'BEFORE')
  #19 /Users/atulgrover/Desktop/RAG/Dokuwiki/techset/inc/Extension/Event.php(133): dokuwiki\Extension\Event->advise_before(false)
  #20 /Users/atulgrover/Desktop/RAG/Dokuwiki/techset/inc/Extension/Event.php(200): dokuwiki\Extension\Event->trigger(NULL, false)
  #21 /Users/atulgrover/Desktop/RAG/Dokuwiki/techset/inc/indexer.php(43): dokuwiki\Extension\Event::createAndTrigger('INDEXER_VERSION...', Array, NULL, false)
  #22 /Users/atulgrover/Desktop/RAG/Dokuwiki/techset/inc/indexer.php(145): idx_get_version()
  #23 /Users/atulgrover/Desktop/RAG/Dokuwiki/techset/inc/TaskRunner.php(206): idx_addPage('start', true)
  #24 /Users/atulgrover/Desktop/RAG/Dokuwiki/techset/inc/TaskRunner.php(52): dokuwiki\TaskRunner->runIndexer()
  #25 /Users/atulgrover/Desktop/RAG/Dokuwiki/techset/lib/exe/taskrunner.php(20): dokuwiki\TaskRunner->run()
  #26 {main}
2026-04-02 06:18:09	/Users/atulgrover/Desktop/RAG/Dokuwiki/techset/lib/plugins/markdowku/syntax/ulists.php(79)	E_WARNING: Undefined array key 2
  #0 /Users/atulgrover/Desktop/RAG/Dokuwiki/techset/lib/plugins/markdowku/syntax/ulists.php(79): dokuwiki\ErrorHandler::errorHandler(2, 'Undefined array...', '/Users/atulgrov...', 79)
  #1 /Users/atulgrover/Desktop/RAG/Dokuwiki/techset/inc/Parsing/Handler/Lists.php(80): Doku_Handler_Markdown_Unordered_List->interpretSyntax('\n  * ', 'u')
  #2 /Users/atulgrover/Desktop/RAG/Dokuwiki/techset/inc/Parsing/Handler/Lists.php(32): dokuwiki\Parsing\Handler\Lists->listOpen(Array)
  #3 /Users/atulgrover/Desktop/RAG/Dokuwiki/techset/lib/plugins/markdowku/syntax/ulists.php(55): dokuwiki\Parsing\Handler\Lists->process()
  #4 /Users/atulgrover/Desktop/RAG/Dokuwiki/techset/inc/parser/handler.php(298): syntax_plugin_markdowku_ulists->handle('\n', 4, 821, Object(Doku_Handler))
  #5 /Users/atulgrover/Desktop/RAG/Dokuwiki/techset/inc/Parsing/Lexer/Lexer.php(269): Doku_Handler->plugin('\n', 4, 821, 'markdowku_ulist...')
  #6 /Users/atulgrover/Desktop/RAG/Dokuwiki/techset/inc/Parsing/Lexer/Lexer.php(189): dokuwiki\Parsing\Lexer\Lexer->invokeHandler('\n', 4, 821)
  #7 /Users/atulgrover/Desktop/RAG/Dokuwiki/techset/inc/Parsing/Lexer/Lexer.php(146): dokuwiki\Parsing\Lexer\Lexer->dispatchTokens('Monitoring & Au...', '\n', '__exit', 803, 821)
  #8 /Users/atulgrover/Desktop/RAG/Dokuwiki/techset/inc/Parsing/Parser.php(113): dokuwiki\Parsing\Lexer\Lexer->parse('\n---\n\n### **III...')
  #9 /Users/atulgrover/Desktop/RAG/Dokuwiki/techset/inc/parserutils.php(234): dokuwiki\Parsing\Parser->parse('\n### **I. Core ...')
  #10 /Users/atulgrover/Desktop/RAG/Dokuwiki/techset/inc/parserutils.php(198): p_get_instructions('### **I. Core I...')
  #11 /Users/atulgrover/Desktop/RAG/Dokuwiki/techset/inc/parserutils.php(520): p_cached_instructions('/Users/atulgrov...', false, 'z_archive:insol...')
  #12 /Users/atulgrover/Desktop/RAG/Dokuwiki/techset/inc/parserutils.php(299): p_render_metadata('z_archive:insol...', Array)
  #13 /Users/atulgrover/Desktop/RAG/Dokuwiki/techset/inc/parserutils.php(772): p_get_metadata('z_archive:insol...', 'title', 1)
  #14 /Users/atulgrover/Desktop/RAG/Dokuwiki/techset/lib/plugins/fuzzysearch/action.php(130): p_get_first_heading('z_archive:insol...')
  #15 /Users/atulgrover/Desktop/RAG/Dokuwiki/techset/lib/plugins/fuzzysearch/action.php(106): action_plugin_fuzzysearch->generatePageList()
  #16 /Users/atulgrover/Desktop/RAG/Dokuwiki/techset/lib/plugins/fuzzysearch/action.php(51): action_plugin_fuzzysearch->ensureCacheExists(true)
  #17 /Users/atulgrover/Desktop/RAG/Dokuwiki/techset/inc/Extension/EventHandler.php(80): action_plugin_fuzzysearch->update_cache_on_change(Object(dokuwiki\Extension\Event), NULL)
  #18 /Users/atulgrover/Desktop/RAG/Dokuwiki/techset/inc/Extension/Event.php(75): dokuwiki\Extension\EventHandler->process_event(Object(dokuwiki\Extension\Event), 'BEFORE')
  #19 /Users/atulgrover/Desktop/RAG/Dokuwiki/techset/inc/Extension/Event.php(133): dokuwiki\Extension\Event->advise_before(false)
  #20 /Users/atulgrover/Desktop/RAG/Dokuwiki/techset/inc/Extension/Event.php(200): dokuwiki\Extension\Event->trigger(NULL, false)
  #21 /Users/atulgrover/Desktop/RAG/Dokuwiki/techset/inc/indexer.php(43): dokuwiki\Extension\Event::createAndTrigger('INDEXER_VERSION...', Array, NULL, false)
  #22 /Users/atulgrover/Desktop/RAG/Dokuwiki/techset/inc/indexer.php(145): idx_get_version()
  #23 /Users/atulgrover/Desktop/RAG/Dokuwiki/techset/inc/TaskRunner.php(206): idx_addPage('start', true)
  #24 /Users/atulgrover/Desktop/RAG/Dokuwiki/techset/inc/TaskRunner.php(52): dokuwiki\TaskRunner->runIndexer()
  #25 /Users/atulgrover/Desktop/RAG/Dokuwiki/techset/lib/exe/taskrunner.php(20): dokuwiki\TaskRunner->run()
  #26 {main}
2026-04-02 06:18:09	/Users/atulgrover/Desktop/RAG/Dokuwiki/techset/lib/plugins/markdowku/syntax/ulists.php(79)	E_WARNING: Undefined array key 2
  #0 /Users/atulgrover/Desktop/RAG/Dokuwiki/techset/lib/plugins/markdowku/syntax/ulists.php(79): dokuwiki\ErrorHandler::errorHandler(2, 'Undefined array...', '/Users/atulgrov...', 79)
  #1 /Users/atulgrover/Desktop/RAG/Dokuwiki/techset/inc/Parsing/Handler/Lists.php(80): Doku_Handler_Markdown_Unordered_List->interpretSyntax('\n  * ', 'u')
  #2 /Users/atulgrover/Desktop/RAG/Dokuwiki/techset/inc/Parsing/Handler/Lists.php(32): dokuwiki\Parsing\Handler\Lists->listOpen(Array)
  #3 /Users/atulgrover/Desktop/RAG/Dokuwiki/techset/lib/plugins/markdowku/syntax/ulists.php(55): dokuwiki\Parsing\Handler\Lists->process()
  #4 /Users/atulgrover/Desktop/RAG/Dokuwiki/techset/inc/parser/handler.php(298): syntax_plugin_markdowku_ulists->handle('\n', 4, 1144, Object(Doku_Handler))
  #5 /Users/atulgrover/Desktop/RAG/Dokuwiki/techset/inc/Parsing/Lexer/Lexer.php(269): Doku_Handler->plugin('\n', 4, 1144, 'markdowku_ulist...')
  #6 /Users/atulgrover/Desktop/RAG/Dokuwiki/techset/inc/Parsing/Lexer/Lexer.php(189): dokuwiki\Parsing\Lexer\Lexer->invokeHandler('\n', 4, 1144)
  #7 /Users/atulgrover/Desktop/RAG/Dokuwiki/techset/inc/Parsing/Lexer/Lexer.php(146): dokuwiki\Parsing\Lexer\Lexer->dispatchTokens('Quotation Reque...', '\n', '__exit', 1127, 1144)
  #8 /Users/atulgrover/Desktop/RAG/Dokuwiki/techset/inc/Parsing/Parser.php(113): dokuwiki\Parsing\Lexer\Lexer->parse('\n---\n\n### **IV....')
  #9 /Users/atulgrover/Desktop/RAG/Dokuwiki/techset/inc/parserutils.php(234): dokuwiki\Parsing\Parser->parse('\n### **I. Core ...')
  #10 /Users/atulgrover/Desktop/RAG/Dokuwiki/techset/inc/parserutils.php(198): p_get_instructions('### **I. Core I...')
  #11 /Users/atulgrover/Desktop/RAG/Dokuwiki/techset/inc/parserutils.php(520): p_cached_instructions('/Users/atulgrov...', false, 'z_archive:insol...')
  #12 /Users/atulgrover/Desktop/RAG/Dokuwiki/techset/inc/parserutils.php(299): p_render_metadata('z_archive:insol...', Array)
  #13 /Users/atulgrover/Desktop/RAG/Dokuwiki/techset/inc/parserutils.php(772): p_get_metadata('z_archive:insol...', 'title', 1)
  #14 /Users/atulgrover/Desktop/RAG/Dokuwiki/techset/lib/plugins/fuzzysearch/action.php(130): p_get_first_heading('z_archive:insol...')
  #15 /Users/atulgrover/Desktop/RAG/Dokuwiki/techset/lib/plugins/fuzzysearch/action.php(106): action_plugin_fuzzysearch->generatePageList()
  #16 /Users/atulgrover/Desktop/RAG/Dokuwiki/techset/lib/plugins/fuzzysearch/action.php(51): action_plugin_fuzzysearch->ensureCacheExists(true)
  #17 /Users/atulgrover/Desktop/RAG/Dokuwiki/techset/inc/Extension/EventHandler.php(80): action_plugin_fuzzysearch->update_cache_on_change(Object(dokuwiki\Extension\Event), NULL)
  #18 /Users/atulgrover/Desktop/RAG/Dokuwiki/techset/inc/Extension/Event.php(75): dokuwiki\Extension\EventHandler->process_event(Object(dokuwiki\Extension\Event), 'BEFORE')
  #19 /Users/atulgrover/Desktop/RAG/Dokuwiki/techset/inc/Extension/Event.php(133): dokuwiki\Extension\Event->advise_before(false)
  #20 /Users/atulgrover/Desktop/RAG/Dokuwiki/techset/inc/Extension/Event.php(200): dokuwiki\Extension\Event->trigger(NULL, false)
  #21 /Users/atulgrover/Desktop/RAG/Dokuwiki/techset/inc/indexer.php(43): dokuwiki\Extension\Event::createAndTrigger('INDEXER_VERSION...', Array, NULL, false)
  #22 /Users/atulgrover/Desktop/RAG/Dokuwiki/techset/inc/indexer.php(145): idx_get_version()
  #23 /Users/atulgrover/Desktop/RAG/Dokuwiki/techset/inc/TaskRunner.php(206): idx_addPage('start', true)
  #24 /Users/atulgrover/Desktop/RAG/Dokuwiki/techset/inc/TaskRunner.php(52): dokuwiki\TaskRunner->runIndexer()
  #25 /Users/atulgrover/Desktop/RAG/Dokuwiki/techset/lib/exe/taskrunner.php(20): dokuwiki\TaskRunner->run()
  #26 {main}
2026-04-02 06:18:09	/Users/atulgrover/Desktop/RAG/Dokuwiki/techset/lib/plugins/markdowku/syntax/ulists.php(79)	E_WARNING: Undefined array key 2
  #0 /Users/atulgrover/Desktop/RAG/Dokuwiki/techset/lib/plugins/markdowku/syntax/ulists.php(79): dokuwiki\ErrorHandler::errorHandler(2, 'Undefined array...', '/Users/atulgrov...', 79)
  #1 /Users/atulgrover/Desktop/RAG/Dokuwiki/techset/inc/Parsing/Handler/Lists.php(80): Doku_Handler_Markdown_Unordered_List->interpretSyntax('\n  * ', 'u')
  #2 /Users/atulgrover/Desktop/RAG/Dokuwiki/techset/inc/Parsing/Handler/Lists.php(32): dokuwiki\Parsing\Handler\Lists->listOpen(Array)
  #3 /Users/atulgrover/Desktop/RAG/Dokuwiki/techset/lib/plugins/markdowku/syntax/ulists.php(55): dokuwiki\Parsing\Handler\Lists->process()
  #4 /Users/atulgrover/Desktop/RAG/Dokuwiki/techset/inc/parser/handler.php(298): syntax_plugin_markdowku_ulists->handle('\n', 4, 1353, Object(Doku_Handler))
  #5 /Users/atulgrover/Desktop/RAG/Dokuwiki/techset/inc/Parsing/Lexer/Lexer.php(269): Doku_Handler->plugin('\n', 4, 1353, 'markdowku_ulist...')
  #6 /Users/atulgrover/Desktop/RAG/Dokuwiki/techset/inc/Parsing/Lexer/Lexer.php(189): dokuwiki\Parsing\Lexer\Lexer->invokeHandler('\n', 4, 1353)
  #7 /Users/atulgrover/Desktop/RAG/Dokuwiki/techset/inc/Parsing/Lexer/Lexer.php(146): dokuwiki\Parsing\Lexer\Lexer->dispatchTokens('Legal Complianc...', '\n', '__exit', 1337, 1353)
  #8 /Users/atulgrover/Desktop/RAG/Dokuwiki/techset/inc/Parsing/Parser.php(113): dokuwiki\Parsing\Lexer\Lexer->parse('\n---\n\n### **V. ...')
  #9 /Users/atulgrover/Desktop/RAG/Dokuwiki/techset/inc/parserutils.php(234): dokuwiki\Parsing\Parser->parse('\n### **I. Core ...')
  #10 /Users/atulgrover/Desktop/RAG/Dokuwiki/techset/inc/parserutils.php(198): p_get_instructions('### **I. Core I...')
  #11 /Users/atulgrover/Desktop/RAG/Dokuwiki/techset/inc/parserutils.php(520): p_cached_instructions('/Users/atulgrov...', false, 'z_archive:insol...')
  #12 /Users/atulgrover/Desktop/RAG/Dokuwiki/techset/inc/parserutils.php(299): p_render_metadata('z_archive:insol...', Array)
  #13 /Users/atulgrover/Desktop/RAG/Dokuwiki/techset/inc/parserutils.php(772): p_get_metadata('z_archive:insol...', 'title', 1)
  #14 /Users/atulgrover/Desktop/RAG/Dokuwiki/techset/lib/plugins/fuzzysearch/action.php(130): p_get_first_heading('z_archive:insol...')
  #15 /Users/atulgrover/Desktop/RAG/Dokuwiki/techset/lib/plugins/fuzzysearch/action.php(106): action_plugin_fuzzysearch->generatePageList()
  #16 /Users/atulgrover/Desktop/RAG/Dokuwiki/techset/lib/plugins/fuzzysearch/action.php(51): action_plugin_fuzzysearch->ensureCacheExists(true)
  #17 /Users/atulgrover/Desktop/RAG/Dokuwiki/techset/inc/Extension/EventHandler.php(80): action_plugin_fuzzysearch->update_cache_on_change(Object(dokuwiki\Extension\Event), NULL)
  #18 /Users/atulgrover/Desktop/RAG/Dokuwiki/techset/inc/Extension/Event.php(75): dokuwiki\Extension\EventHandler->process_event(Object(dokuwiki\Extension\Event), 'BEFORE')
  #19 /Users/atulgrover/Desktop/RAG/Dokuwiki/techset/inc/Extension/Event.php(133): dokuwiki\Extension\Event->advise_before(false)
  #20 /Users/atulgrover/Desktop/RAG/Dokuwiki/techset/inc/Extension/Event.php(200): dokuwiki\Extension\Event->trigger(NULL, false)
  #21 /Users/atulgrover/Desktop/RAG/Dokuwiki/techset/inc/indexer.php(43): dokuwiki\Extension\Event::createAndTrigger('INDEXER_VERSION...', Array, NULL, false)
  #22 /Users/atulgrover/Desktop/RAG/Dokuwiki/techset/inc/indexer.php(145): idx_get_version()
  #23 /Users/atulgrover/Desktop/RAG/Dokuwiki/techset/inc/TaskRunner.php(206): idx_addPage('start', true)
  #24 /Users/atulgrover/Desktop/RAG/Dokuwiki/techset/inc/TaskRunner.php(52): dokuwiki\TaskRunner->runIndexer()
  #25 /Users/atulgrover/Desktop/RAG/Dokuwiki/techset/lib/exe/taskrunner.php(20): dokuwiki\TaskRunner->run()
  #26 {main}
2026-04-02 06:18:09	/Users/atulgrover/Desktop/RAG/Dokuwiki/techset/lib/plugins/markdowku/syntax/ulists.php(79)	E_WARNING: Undefined array key 2
  #0 /Users/atulgrover/Desktop/RAG/Dokuwiki/techset/lib/plugins/markdowku/syntax/ulists.php(79): dokuwiki\ErrorHandler::errorHandler(2, 'Undefined array...', '/Users/atulgrov...', 79)
  #1 /Users/atulgrover/Desktop/RAG/Dokuwiki/techset/inc/Parsing/Handler/Lists.php(80): Doku_Handler_Markdown_Unordered_List->interpretSyntax('\n  * ', 'u')
  #2 /Users/atulgrover/Desktop/RAG/Dokuwiki/techset/inc/Parsing/Handler/Lists.php(32): dokuwiki\Parsing\Handler\Lists->listOpen(Array)
  #3 /Users/atulgrover/Desktop/RAG/Dokuwiki/techset/lib/plugins/markdowku/syntax/ulists.php(55): dokuwiki\Parsing\Handler\Lists->process()
  #4 /Users/atulgrover/Desktop/RAG/Dokuwiki/techset/inc/parser/handler.php(298): syntax_plugin_markdowku_ulists->handle('\n', 4, 1724, Object(Doku_Handler))
  #5 /Users/atulgrover/Desktop/RAG/Dokuwiki/techset/inc/Parsing/Lexer/Lexer.php(269): Doku_Handler->plugin('\n', 4, 1724, 'markdowku_ulist...')
  #6 /Users/atulgrover/Desktop/RAG/Dokuwiki/techset/inc/Parsing/Lexer/Lexer.php(189): dokuwiki\Parsing\Lexer\Lexer->invokeHandler('\n', 4, 1724)
  #7 /Users/atulgrover/Desktop/RAG/Dokuwiki/techset/inc/Parsing/Lexer/Lexer.php(146): dokuwiki\Parsing\Lexer\Lexer->dispatchTokens('Risk & Fraud De...', '\n', '__exit', 1702, 1724)
  #8 /Users/atulgrover/Desktop/RAG/Dokuwiki/techset/inc/Parsing/Parser.php(113): dokuwiki\Parsing\Lexer\Lexer->parse('\n---\n\n### **VI....')
  #9 /Users/atulgrover/Desktop/RAG/Dokuwiki/techset/inc/parserutils.php(234): dokuwiki\Parsing\Parser->parse('\n### **I. Core ...')
  #10 /Users/atulgrover/Desktop/RAG/Dokuwiki/techset/inc/parserutils.php(198): p_get_instructions('### **I. Core I...')
  #11 /Users/atulgrover/Desktop/RAG/Dokuwiki/techset/inc/parserutils.php(520): p_cached_instructions('/Users/atulgrov...', false, 'z_archive:insol...')
  #12 /Users/atulgrover/Desktop/RAG/Dokuwiki/techset/inc/parserutils.php(299): p_render_metadata('z_archive:insol...', Array)
  #13 /Users/atulgrover/Desktop/RAG/Dokuwiki/techset/inc/parserutils.php(772): p_get_metadata('z_archive:insol...', 'title', 1)
  #14 /Users/atulgrover/Desktop/RAG/Dokuwiki/techset/lib/plugins/fuzzysearch/action.php(130): p_get_first_heading('z_archive:insol...')
  #15 /Users/atulgrover/Desktop/RAG/Dokuwiki/techset/lib/plugins/fuzzysearch/action.php(106): action_plugin_fuzzysearch->generatePageList()
  #16 /Users/atulgrover/Desktop/RAG/Dokuwiki/techset/lib/plugins/fuzzysearch/action.php(51): action_plugin_fuzzysearch->ensureCacheExists(true)
  #17 /Users/atulgrover/Desktop/RAG/Dokuwiki/techset/inc/Extension/EventHandler.php(80): action_plugin_fuzzysearch->update_cache_on_change(Object(dokuwiki\Extension\Event), NULL)
  #18 /Users/atulgrover/Desktop/RAG/Dokuwiki/techset/inc/Extension/Event.php(75): dokuwiki\Extension\EventHandler->process_event(Object(dokuwiki\Extension\Event), 'BEFORE')
  #19 /Users/atulgrover/Desktop/RAG/Dokuwiki/techset/inc/Extension/Event.php(133): dokuwiki\Extension\Event->advise_before(false)
  #20 /Users/atulgrover/Desktop/RAG/Dokuwiki/techset/inc/Extension/Event.php(200): dokuwiki\Extension\Event->trigger(NULL, false)
  #21 /Users/atulgrover/Desktop/RAG/Dokuwiki/techset/inc/indexer.php(43): dokuwiki\Extension\Event::createAndTrigger('INDEXER_VERSION...', Array, NULL, false)
  #22 /Users/atulgrover/Desktop/RAG/Dokuwiki/techset/inc/indexer.php(145): idx_get_version()
  #23 /Users/atulgrover/Desktop/RAG/Dokuwiki/techset/inc/TaskRunner.php(206): idx_addPage('start', true)
  #24 /Users/atulgrover/Desktop/RAG/Dokuwiki/techset/inc/TaskRunner.php(52): dokuwiki\TaskRunner->runIndexer()
  #25 /Users/atulgrover/Desktop/RAG/Dokuwiki/techset/lib/exe/taskrunner.php(20): dokuwiki\TaskRunner->run()
  #26 {main}
2026-04-02 06:18:09	/Users/atulgrover/Desktop/RAG/Dokuwiki/techset/lib/plugins/markdowku/syntax/ulists.php(79)	E_WARNING: Undefined array key 2
  #0 /Users/atulgrover/Desktop/RAG/Dokuwiki/techset/lib/plugins/markdowku/syntax/ulists.php(79): dokuwiki\ErrorHandler::errorHandler(2, 'Undefined array...', '/Users/atulgrov...', 79)
  #1 /Users/atulgrover/Desktop/RAG/Dokuwiki/techset/inc/Parsing/Handler/Lists.php(80): Doku_Handler_Markdown_Unordered_List->interpretSyntax('\n  * ', 'u')
  #2 /Users/atulgrover/Desktop/RAG/Dokuwiki/techset/inc/Parsing/Handler/Lists.php(32): dokuwiki\Parsing\Handler\Lists->listOpen(Array)
  #3 /Users/atulgrover/Desktop/RAG/Dokuwiki/techset/lib/plugins/markdowku/syntax/ulists.php(55): dokuwiki\Parsing\Handler\Lists->process()
  #4 /Users/atulgrover/Desktop/RAG/Dokuwiki/techset/inc/parser/handler.php(298): syntax_plugin_markdowku_ulists->handle('\n', 4, 2037, Object(Doku_Handler))
  #5 /Users/atulgrover/Desktop/RAG/Dokuwiki/techset/inc/Parsing/Lexer/Lexer.php(269): Doku_Handler->plugin('\n', 4, 2037, 'markdowku_ulist...')
  #6 /Users/atulgrover/Desktop/RAG/Dokuwiki/techset/inc/Parsing/Lexer/Lexer.php(189): dokuwiki\Parsing\Lexer\Lexer->invokeHandler('\n', 4, 2037)
  #7 /Users/atulgrover/Desktop/RAG/Dokuwiki/techset/inc/Parsing/Lexer/Lexer.php(146): dokuwiki\Parsing\Lexer\Lexer->dispatchTokens('Mgt', '\n', '__exit', 2034, 2037)
  #8 /Users/atulgrover/Desktop/RAG/Dokuwiki/techset/inc/Parsing/Parser.php(113): dokuwiki\Parsing\Lexer\Lexer->parse('\n---\n\n### **VII...')
  #9 /Users/atulgrover/Desktop/RAG/Dokuwiki/techset/inc/parserutils.php(234): dokuwiki\Parsing\Parser->parse('\n### **I. Core ...')
  #10 /Users/atulgrover/Desktop/RAG/Dokuwiki/techset/inc/parserutils.php(198): p_get_instructions('### **I. Core I...')
  #11 /Users/atulgrover/Desktop/RAG/Dokuwiki/techset/inc/parserutils.php(520): p_cached_instructions('/Users/atulgrov...', false, 'z_archive:insol...')
  #12 /Users/atulgrover/Desktop/RAG/Dokuwiki/techset/inc/parserutils.php(299): p_render_metadata('z_archive:insol...', Array)
  #13 /Users/atulgrover/Desktop/RAG/Dokuwiki/techset/inc/parserutils.php(772): p_get_metadata('z_archive:insol...', 'title', 1)
  #14 /Users/atulgrover/Desktop/RAG/Dokuwiki/techset/lib/plugins/fuzzysearch/action.php(130): p_get_first_heading('z_archive:insol...')
  #15 /Users/atulgrover/Desktop/RAG/Dokuwiki/techset/lib/plugins/fuzzysearch/action.php(106): action_plugin_fuzzysearch->generatePageList()
  #16 /Users/atulgrover/Desktop/RAG/Dokuwiki/techset/lib/plugins/fuzzysearch/action.php(51): action_plugin_fuzzysearch->ensureCacheExists(true)
  #17 /Users/atulgrover/Desktop/RAG/Dokuwiki/techset/inc/Extension/EventHandler.php(80): action_plugin_fuzzysearch->update_cache_on_change(Object(dokuwiki\Extension\Event), NULL)
  #18 /Users/atulgrover/Desktop/RAG/Dokuwiki/techset/inc/Extension/Event.php(75): dokuwiki\Extension\EventHandler->process_event(Object(dokuwiki\Extension\Event), 'BEFORE')
  #19 /Users/atulgrover/Desktop/RAG/Dokuwiki/techset/inc/Extension/Event.php(133): dokuwiki\Extension\Event->advise_before(false)
  #20 /Users/atulgrover/Desktop/RAG/Dokuwiki/techset/inc/Extension/Event.php(200): dokuwiki\Extension\Event->trigger(NULL, false)
  #21 /Users/atulgrover/Desktop/RAG/Dokuwiki/techset/inc/indexer.php(43): dokuwiki\Extension\Event::createAndTrigger('INDEXER_VERSION...', Array, NULL, false)
  #22 /Users/atulgrover/Desktop/RAG/Dokuwiki/techset/inc/indexer.php(145): idx_get_version()
  #23 /Users/atulgrover/Desktop/RAG/Dokuwiki/techset/inc/TaskRunner.php(206): idx_addPage('start', true)
  #24 /Users/atulgrover/Desktop/RAG/Dokuwiki/techset/inc/TaskRunner.php(52): dokuwiki\TaskRunner->runIndexer()
  #25 /Users/atulgrover/Desktop/RAG/Dokuwiki/techset/lib/exe/taskrunner.php(20): dokuwiki\TaskRunner->run()
  #26 {main}
2026-04-02 06:18:09	/Users/atulgrover/Desktop/RAG/Dokuwiki/techset/lib/plugins/markdowku/syntax/ulists.php(79)	E_WARNING: Undefined array key 2
  #0 /Users/atulgrover/Desktop/RAG/Dokuwiki/techset/lib/plugins/markdowku/syntax/ulists.php(79): dokuwiki\ErrorHandler::errorHandler(2, 'Undefined array...', '/Users/atulgrov...', 79)
  #1 /Users/atulgrover/Desktop/RAG/Dokuwiki/techset/inc/Parsing/Handler/Lists.php(80): Doku_Handler_Markdown_Unordered_List->interpretSyntax('\n  * ', 'u')
  #2 /Users/atulgrover/Desktop/RAG/Dokuwiki/techset/inc/Parsing/Handler/Lists.php(32): dokuwiki\Parsing\Handler\Lists->listOpen(Array)
  #3 /Users/atulgrover/Desktop/RAG/Dokuwiki/techset/inc/Parsing/Handler/Lists.php(20): dokuwiki\Parsing\Handler\Lists->process()
  #4 /Users/atulgrover/Desktop/RAG/Dokuwiki/techset/inc/parser/handler.php(135): dokuwiki\Parsing\Handler\Lists->finalise()
  #5 /Users/atulgrover/Desktop/RAG/Dokuwiki/techset/inc/Parsing/Parser.php(127): Doku_Handler->finalize()
  #6 /Users/atulgrover/Desktop/RAG/Dokuwiki/techset/inc/parserutils.php(234): dokuwiki\Parsing\Parser->parse('\n### **I. Core ...')
  #7 /Users/atulgrover/Desktop/RAG/Dokuwiki/techset/inc/parserutils.php(198): p_get_instructions('### **I. Core I...')
  #8 /Users/atulgrover/Desktop/RAG/Dokuwiki/techset/inc/parserutils.php(520): p_cached_instructions('/Users/atulgrov...', false, 'z_archive:insol...')
  #9 /Users/atulgrover/Desktop/RAG/Dokuwiki/techset/inc/parserutils.php(299): p_render_metadata('z_archive:insol...', Array)
  #10 /Users/atulgrover/Desktop/RAG/Dokuwiki/techset/inc/parserutils.php(772): p_get_metadata('z_archive:insol...', 'title', 1)
  #11 /Users/atulgrover/Desktop/RAG/Dokuwiki/techset/lib/plugins/fuzzysearch/action.php(130): p_get_first_heading('z_archive:insol...')
  #12 /Users/atulgrover/Desktop/RAG/Dokuwiki/techset/lib/plugins/fuzzysearch/action.php(106): action_plugin_fuzzysearch->generatePageList()
  #13 /Users/atulgrover/Desktop/RAG/Dokuwiki/techset/lib/plugins/fuzzysearch/action.php(51): action_plugin_fuzzysearch->ensureCacheExists(true)
  #14 /Users/atulgrover/Desktop/RAG/Dokuwiki/techset/inc/Extension/EventHandler.php(80): action_plugin_fuzzysearch->update_cache_on_change(Object(dokuwiki\Extension\Event), NULL)
  #15 /Users/atulgrover/Desktop/RAG/Dokuwiki/techset/inc/Extension/Event.php(75): dokuwiki\Extension\EventHandler->process_event(Object(dokuwiki\Extension\Event), 'BEFORE')
  #16 /Users/atulgrover/Desktop/RAG/Dokuwiki/techset/inc/Extension/Event.php(133): dokuwiki\Extension\Event->advise_before(false)
  #17 /Users/atulgrover/Desktop/RAG/Dokuwiki/techset/inc/Extension/Event.php(200): dokuwiki\Extension\Event->trigger(NULL, false)
  #18 /Users/atulgrover/Desktop/RAG/Dokuwiki/techset/inc/indexer.php(43): dokuwiki\Extension\Event::createAndTrigger('INDEXER_VERSION...', Array, NULL, false)
  #19 /Users/atulgrover/Desktop/RAG/Dokuwiki/techset/inc/indexer.php(145): idx_get_version()
  #20 /Users/atulgrover/Desktop/RAG/Dokuwiki/techset/inc/TaskRunner.php(206): idx_addPage('start', true)
  #21 /Users/atulgrover/Desktop/RAG/Dokuwiki/techset/inc/TaskRunner.php(52): dokuwiki\TaskRunner->runIndexer()
  #22 /Users/atulgrover/Desktop/RAG/Dokuwiki/techset/lib/exe/taskrunner.php(20): dokuwiki\TaskRunner->run()
  #23 {main}
2026-04-02 06:18:24	/Users/atulgrover/Desktop/RAG/Dokuwiki/techset/lib/plugins/pdfjs/syntax.php(64)	E_WARNING: Undefined array key 1
  #0 /Users/atulgrover/Desktop/RAG/Dokuwiki/techset/lib/plugins/pdfjs/syntax.php(64): dokuwiki\ErrorHandler::errorHandler(2, 'Undefined array...', '/Users/atulgrov...', 64)
  #1 /Users/atulgrover/Desktop/RAG/Dokuwiki/techset/inc/parser/handler.php(298): syntax_plugin_pdfjs->handle('{{pdfjs 200em,5...', 5, 300, Object(Doku_Handler))
  #2 /Users/atulgrover/Desktop/RAG/Dokuwiki/techset/inc/Parsing/Lexer/Lexer.php(269): Doku_Handler->plugin('{{pdfjs 200em,5...', 5, 300, 'pdfjs')
  #3 /Users/atulgrover/Desktop/RAG/Dokuwiki/techset/inc/Parsing/Lexer/Lexer.php(196): dokuwiki\Parsing\Lexer\Lexer->invokeHandler('{{pdfjs 200em,5...', 5, 300)
  #4 /Users/atulgrover/Desktop/RAG/Dokuwiki/techset/inc/Parsing/Lexer/Lexer.php(146): dokuwiki\Parsing\Lexer\Lexer->dispatchTokens('', '{{pdfjs 200em,5...', '_plugin_pdfjs', 300, 300)
  #5 /Users/atulgrover/Desktop/RAG/Dokuwiki/techset/inc/Parsing/Parser.php(113): dokuwiki\Parsing\Lexer\Lexer->parse('\n\n')
  #6 /Users/atulgrover/Desktop/RAG/Dokuwiki/techset/inc/parserutils.php(234): dokuwiki\Parsing\Parser->parse('\n{{tag>judicial...')
  #7 /Users/atulgrover/Desktop/RAG/Dokuwiki/techset/inc/parserutils.php(198): p_get_instructions('{{tag>judicial_...')
  #8 /Users/atulgrover/Desktop/RAG/Dokuwiki/techset/inc/parserutils.php(520): p_cached_instructions('/Users/atulgrov...', false, 'rbz_forms:insol...')
  #9 /Users/atulgrover/Desktop/RAG/Dokuwiki/techset/inc/parserutils.php(299): p_render_metadata('rbz_forms:insol...', Array)
  #10 /Users/atulgrover/Desktop/RAG/Dokuwiki/techset/lib/plugins/pagelist/helper.php(807): p_get_metadata('rbz_forms:insol...', '', 2)
  #11 /Users/atulgrover/Desktop/RAG/Dokuwiki/techset/lib/plugins/pagelist/helper.php(927): helper_plugin_pagelist->getMeta('date', 'created')
  #12 /Users/atulgrover/Desktop/RAG/Dokuwiki/techset/lib/plugins/pagelist/helper.php(452): helper_plugin_pagelist->getDate()
  #13 /Users/atulgrover/Desktop/RAG/Dokuwiki/techset/lib/plugins/tagfilter/helper/syntax.php(206): helper_plugin_pagelist->addPage(Array)
  #14 /Users/atulgrover/Desktop/RAG/Dokuwiki/techset/lib/plugins/tagfilter/syntax/filter.php(431): helper_plugin_tagfilter_syntax->renderList(Array, Array, Array)
  #15 /Users/atulgrover/Desktop/RAG/Dokuwiki/techset/lib/plugins/tagfilter/syntax/filter.php(263): syntax_plugin_tagfilter_filter->htmlPagelistOutput(Array, Array)
  #16 /Users/atulgrover/Desktop/RAG/Dokuwiki/techset/lib/plugins/tagfilter/syntax/filter.php(220): syntax_plugin_tagfilter_filter->htmlOutput(Array, Array, Array, Array)
  #17 /Users/atulgrover/Desktop/RAG/Dokuwiki/techset/inc/parser/renderer.php(126): syntax_plugin_tagfilter_filter->render('xhtml', Object(Doku_Renderer_xhtml), Array)
  #18 /Users/atulgrover/Desktop/RAG/Dokuwiki/techset/inc/parserutils.php(691): Doku_Renderer->plugin('tagfilter_filte...', Array, 5, '{{tagfilter>Jud...')
  #19 /Users/atulgrover/Desktop/RAG/Dokuwiki/techset/inc/parserutils.php(158): p_render('xhtml', Array, NULL)
  #20 /Users/atulgrover/Desktop/RAG/Dokuwiki/techset/inc/parserutils.php(97): p_cached_output('/Users/atulgrov...', 'xhtml', 'rbz_forms:insol...')
  #21 /Users/atulgrover/Desktop/RAG/Dokuwiki/techset/inc/Ui/PageView.php(67): p_wiki_xhtml('rbz_forms:insol...', 0, true, '')
  #22 /Users/atulgrover/Desktop/RAG/Dokuwiki/techset/inc/Action/Show.php(40): dokuwiki\Ui\PageView->show()
  #23 /Users/atulgrover/Desktop/RAG/Dokuwiki/techset/inc/template.php(120): dokuwiki\Action\Show->tplContent()
  #24 [internal function]: tpl_content_core('show')
  #25 /Users/atulgrover/Desktop/RAG/Dokuwiki/techset/inc/Extension/Event.php(134): call_user_func_array('tpl_content_cor...', Array)
  #26 /Users/atulgrover/Desktop/RAG/Dokuwiki/techset/inc/Extension/Event.php(200): dokuwiki\Extension\Event->trigger('tpl_content_cor...', true)
  #27 /Users/atulgrover/Desktop/RAG/Dokuwiki/techset/inc/template.php(102): dokuwiki\Extension\Event::createAndTrigger('TPL_ACT_RENDER', 'show', 'tpl_content_cor...')
  #28 /Users/atulgrover/Desktop/RAG/Dokuwiki/techset/lib/tpl/notes/main.php(57): tpl_content()
  #29 /Users/atulgrover/Desktop/RAG/Dokuwiki/techset/inc/actions.php(30): include('/Users/atulgrov...')
  #30 /Users/atulgrover/Desktop/RAG/Dokuwiki/techset/doku.php(131): act_dispatch()
  #31 {main}
2026-04-02 06:18:24	/Users/atulgrover/Desktop/RAG/Dokuwiki/techset/lib/plugins/pdfjs/syntax.php(66)	E_WARNING: Undefined array key 1
  #0 /Users/atulgrover/Desktop/RAG/Dokuwiki/techset/lib/plugins/pdfjs/syntax.php(66): dokuwiki\ErrorHandler::errorHandler(2, 'Undefined array...', '/Users/atulgrov...', 66)
  #1 /Users/atulgrover/Desktop/RAG/Dokuwiki/techset/inc/parser/handler.php(298): syntax_plugin_pdfjs->handle('{{pdfjs 200em,5...', 5, 300, Object(Doku_Handler))
  #2 /Users/atulgrover/Desktop/RAG/Dokuwiki/techset/inc/Parsing/Lexer/Lexer.php(269): Doku_Handler->plugin('{{pdfjs 200em,5...', 5, 300, 'pdfjs')
  #3 /Users/atulgrover/Desktop/RAG/Dokuwiki/techset/inc/Parsing/Lexer/Lexer.php(196): dokuwiki\Parsing\Lexer\Lexer->invokeHandler('{{pdfjs 200em,5...', 5, 300)
  #4 /Users/atulgrover/Desktop/RAG/Dokuwiki/techset/inc/Parsing/Lexer/Lexer.php(146): dokuwiki\Parsing\Lexer\Lexer->dispatchTokens('', '{{pdfjs 200em,5...', '_plugin_pdfjs', 300, 300)
  #5 /Users/atulgrover/Desktop/RAG/Dokuwiki/techset/inc/Parsing/Parser.php(113): dokuwiki\Parsing\Lexer\Lexer->parse('\n\n')
  #6 /Users/atulgrover/Desktop/RAG/Dokuwiki/techset/inc/parserutils.php(234): dokuwiki\Parsing\Parser->parse('\n{{tag>judicial...')
  #7 /Users/atulgrover/Desktop/RAG/Dokuwiki/techset/inc/parserutils.php(198): p_get_instructions('{{tag>judicial_...')
  #8 /Users/atulgrover/Desktop/RAG/Dokuwiki/techset/inc/parserutils.php(520): p_cached_instructions('/Users/atulgrov...', false, 'rbz_forms:insol...')
  #9 /Users/atulgrover/Desktop/RAG/Dokuwiki/techset/inc/parserutils.php(299): p_render_metadata('rbz_forms:insol...', Array)
  #10 /Users/atulgrover/Desktop/RAG/Dokuwiki/techset/lib/plugins/pagelist/helper.php(807): p_get_metadata('rbz_forms:insol...', '', 2)
  #11 /Users/atulgrover/Desktop/RAG/Dokuwiki/techset/lib/plugins/pagelist/helper.php(927): helper_plugin_pagelist->getMeta('date', 'created')
  #12 /Users/atulgrover/Desktop/RAG/Dokuwiki/techset/lib/plugins/pagelist/helper.php(452): helper_plugin_pagelist->getDate()
  #13 /Users/atulgrover/Desktop/RAG/Dokuwiki/techset/lib/plugins/tagfilter/helper/syntax.php(206): helper_plugin_pagelist->addPage(Array)
  #14 /Users/atulgrover/Desktop/RAG/Dokuwiki/techset/lib/plugins/tagfilter/syntax/filter.php(431): helper_plugin_tagfilter_syntax->renderList(Array, Array, Array)
  #15 /Users/atulgrover/Desktop/RAG/Dokuwiki/techset/lib/plugins/tagfilter/syntax/filter.php(263): syntax_plugin_tagfilter_filter->htmlPagelistOutput(Array, Array)
  #16 /Users/atulgrover/Desktop/RAG/Dokuwiki/techset/lib/plugins/tagfilter/syntax/filter.php(220): syntax_plugin_tagfilter_filter->htmlOutput(Array, Array, Array, Array)
  #17 /Users/atulgrover/Desktop/RAG/Dokuwiki/techset/inc/parser/renderer.php(126): syntax_plugin_tagfilter_filter->render('xhtml', Object(Doku_Renderer_xhtml), Array)
  #18 /Users/atulgrover/Desktop/RAG/Dokuwiki/techset/inc/parserutils.php(691): Doku_Renderer->plugin('tagfilter_filte...', Array, 5, '{{tagfilter>Jud...')
  #19 /Users/atulgrover/Desktop/RAG/Dokuwiki/techset/inc/parserutils.php(158): p_render('xhtml', Array, NULL)
  #20 /Users/atulgrover/Desktop/RAG/Dokuwiki/techset/inc/parserutils.php(97): p_cached_output('/Users/atulgrov...', 'xhtml', 'rbz_forms:insol...')
  #21 /Users/atulgrover/Desktop/RAG/Dokuwiki/techset/inc/Ui/PageView.php(67): p_wiki_xhtml('rbz_forms:insol...', 0, true, '')
  #22 /Users/atulgrover/Desktop/RAG/Dokuwiki/techset/inc/Action/Show.php(40): dokuwiki\Ui\PageView->show()
  #23 /Users/atulgrover/Desktop/RAG/Dokuwiki/techset/inc/template.php(120): dokuwiki\Action\Show->tplContent()
  #24 [internal function]: tpl_content_core('show')
  #25 /Users/atulgrover/Desktop/RAG/Dokuwiki/techset/inc/Extension/Event.php(134): call_user_func_array('tpl_content_cor...', Array)
  #26 /Users/atulgrover/Desktop/RAG/Dokuwiki/techset/inc/Extension/Event.php(200): dokuwiki\Extension\Event->trigger('tpl_content_cor...', true)
  #27 /Users/atulgrover/Desktop/RAG/Dokuwiki/techset/inc/template.php(102): dokuwiki\Extension\Event::createAndTrigger('TPL_ACT_RENDER', 'show', 'tpl_content_cor...')
  #28 /Users/atulgrover/Desktop/RAG/Dokuwiki/techset/lib/tpl/notes/main.php(57): tpl_content()
  #29 /Users/atulgrover/Desktop/RAG/Dokuwiki/techset/inc/actions.php(30): include('/Users/atulgrov...')
  #30 /Users/atulgrover/Desktop/RAG/Dokuwiki/techset/doku.php(131): act_dispatch()
  #31 {main}
2026-04-02 06:18:24	/Users/atulgrover/Desktop/RAG/Dokuwiki/techset/lib/plugins/pdfjs/syntax.php(78)	E_WARNING: Undefined array key 1
  #0 /Users/atulgrover/Desktop/RAG/Dokuwiki/techset/lib/plugins/pdfjs/syntax.php(78): dokuwiki\ErrorHandler::errorHandler(2, 'Undefined array...', '/Users/atulgrov...', 78)
  #1 /Users/atulgrover/Desktop/RAG/Dokuwiki/techset/inc/parser/handler.php(298): syntax_plugin_pdfjs->handle('{{pdfjs 200em,5...', 5, 300, Object(Doku_Handler))
  #2 /Users/atulgrover/Desktop/RAG/Dokuwiki/techset/inc/Parsing/Lexer/Lexer.php(269): Doku_Handler->plugin('{{pdfjs 200em,5...', 5, 300, 'pdfjs')
  #3 /Users/atulgrover/Desktop/RAG/Dokuwiki/techset/inc/Parsing/Lexer/Lexer.php(196): dokuwiki\Parsing\Lexer\Lexer->invokeHandler('{{pdfjs 200em,5...', 5, 300)
  #4 /Users/atulgrover/Desktop/RAG/Dokuwiki/techset/inc/Parsing/Lexer/Lexer.php(146): dokuwiki\Parsing\Lexer\Lexer->dispatchTokens('', '{{pdfjs 200em,5...', '_plugin_pdfjs', 300, 300)
  #5 /Users/atulgrover/Desktop/RAG/Dokuwiki/techset/inc/Parsing/Parser.php(113): dokuwiki\Parsing\Lexer\Lexer->parse('\n\n')
  #6 /Users/atulgrover/Desktop/RAG/Dokuwiki/techset/inc/parserutils.php(234): dokuwiki\Parsing\Parser->parse('\n{{tag>judicial...')
  #7 /Users/atulgrover/Desktop/RAG/Dokuwiki/techset/inc/parserutils.php(198): p_get_instructions('{{tag>judicial_...')
  #8 /Users/atulgrover/Desktop/RAG/Dokuwiki/techset/inc/parserutils.php(520): p_cached_instructions('/Users/atulgrov...', false, 'rbz_forms:insol...')
  #9 /Users/atulgrover/Desktop/RAG/Dokuwiki/techset/inc/parserutils.php(299): p_render_metadata('rbz_forms:insol...', Array)
  #10 /Users/atulgrover/Desktop/RAG/Dokuwiki/techset/lib/plugins/pagelist/helper.php(807): p_get_metadata('rbz_forms:insol...', '', 2)
  #11 /Users/atulgrover/Desktop/RAG/Dokuwiki/techset/lib/plugins/pagelist/helper.php(927): helper_plugin_pagelist->getMeta('date', 'created')
  #12 /Users/atulgrover/Desktop/RAG/Dokuwiki/techset/lib/plugins/pagelist/helper.php(452): helper_plugin_pagelist->getDate()
  #13 /Users/atulgrover/Desktop/RAG/Dokuwiki/techset/lib/plugins/tagfilter/helper/syntax.php(206): helper_plugin_pagelist->addPage(Array)
  #14 /Users/atulgrover/Desktop/RAG/Dokuwiki/techset/lib/plugins/tagfilter/syntax/filter.php(431): helper_plugin_tagfilter_syntax->renderList(Array, Array, Array)
  #15 /Users/atulgrover/Desktop/RAG/Dokuwiki/techset/lib/plugins/tagfilter/syntax/filter.php(263): syntax_plugin_tagfilter_filter->htmlPagelistOutput(Array, Array)
  #16 /Users/atulgrover/Desktop/RAG/Dokuwiki/techset/lib/plugins/tagfilter/syntax/filter.php(220): syntax_plugin_tagfilter_filter->htmlOutput(Array, Array, Array, Array)
  #17 /Users/atulgrover/Desktop/RAG/Dokuwiki/techset/inc/parser/renderer.php(126): syntax_plugin_tagfilter_filter->render('xhtml', Object(Doku_Renderer_xhtml), Array)
  #18 /Users/atulgrover/Desktop/RAG/Dokuwiki/techset/inc/parserutils.php(691): Doku_Renderer->plugin('tagfilter_filte...', Array, 5, '{{tagfilter>Jud...')
  #19 /Users/atulgrover/Desktop/RAG/Dokuwiki/techset/inc/parserutils.php(158): p_render('xhtml', Array, NULL)
  #20 /Users/atulgrover/Desktop/RAG/Dokuwiki/techset/inc/parserutils.php(97): p_cached_output('/Users/atulgrov...', 'xhtml', 'rbz_forms:insol...')
  #21 /Users/atulgrover/Desktop/RAG/Dokuwiki/techset/inc/Ui/PageView.php(67): p_wiki_xhtml('rbz_forms:insol...', 0, true, '')
  #22 /Users/atulgrover/Desktop/RAG/Dokuwiki/techset/inc/Action/Show.php(40): dokuwiki\Ui\PageView->show()
  #23 /Users/atulgrover/Desktop/RAG/Dokuwiki/techset/inc/template.php(120): dokuwiki\Action\Show->tplContent()
  #24 [internal function]: tpl_content_core('show')
  #25 /Users/atulgrover/Desktop/RAG/Dokuwiki/techset/inc/Extension/Event.php(134): call_user_func_array('tpl_content_cor...', Array)
  #26 /Users/atulgrover/Desktop/RAG/Dokuwiki/techset/inc/Extension/Event.php(200): dokuwiki\Extension\Event->trigger('tpl_content_cor...', true)
  #27 /Users/atulgrover/Desktop/RAG/Dokuwiki/techset/inc/template.php(102): dokuwiki\Extension\Event::createAndTrigger('TPL_ACT_RENDER', 'show', 'tpl_content_cor...')
  #28 /Users/atulgrover/Desktop/RAG/Dokuwiki/techset/lib/tpl/notes/main.php(57): tpl_content()
  #29 /Users/atulgrover/Desktop/RAG/Dokuwiki/techset/inc/actions.php(30): include('/Users/atulgrov...')
  #30 /Users/atulgrover/Desktop/RAG/Dokuwiki/techset/doku.php(131): act_dispatch()
  #31 {main}
2026-04-02 06:18:24	/Users/atulgrover/Desktop/RAG/Dokuwiki/techset/lib/plugins/pdfjs/syntax.php(64)	E_WARNING: Undefined array key 1
  #0 /Users/atulgrover/Desktop/RAG/Dokuwiki/techset/lib/plugins/pdfjs/syntax.php(64): dokuwiki\ErrorHandler::errorHandler(2, 'Undefined array...', '/Users/atulgrov...', 64)
  #1 /Users/atulgrover/Desktop/RAG/Dokuwiki/techset/inc/parser/handler.php(298): syntax_plugin_pdfjs->handle('{{pdfjs 200em,5...', 5, 296, Object(Doku_Handler))
  #2 /Users/atulgrover/Desktop/RAG/Dokuwiki/techset/inc/Parsing/Lexer/Lexer.php(269): Doku_Handler->plugin('{{pdfjs 200em,5...', 5, 296, 'pdfjs')
  #3 /Users/atulgrover/Desktop/RAG/Dokuwiki/techset/inc/Parsing/Lexer/Lexer.php(196): dokuwiki\Parsing\Lexer\Lexer->invokeHandler('{{pdfjs 200em,5...', 5, 296)
  #4 /Users/atulgrover/Desktop/RAG/Dokuwiki/techset/inc/Parsing/Lexer/Lexer.php(146): dokuwiki\Parsing\Lexer\Lexer->dispatchTokens('', '{{pdfjs 200em,5...', '_plugin_pdfjs', 296, 296)
  #5 /Users/atulgrover/Desktop/RAG/Dokuwiki/techset/inc/Parsing/Parser.php(113): dokuwiki\Parsing\Lexer\Lexer->parse('\n\n\n\n')
  #6 /Users/atulgrover/Desktop/RAG/Dokuwiki/techset/inc/parserutils.php(234): dokuwiki\Parsing\Parser->parse('\n{{tag>judicial...')
  #7 /Users/atulgrover/Desktop/RAG/Dokuwiki/techset/inc/parserutils.php(198): p_get_instructions('{{tag>judicial_...')
  #8 /Users/atulgrover/Desktop/RAG/Dokuwiki/techset/inc/parserutils.php(520): p_cached_instructions('/Users/atulgrov...', false, 'rbz_forms:insol...')
  #9 /Users/atulgrover/Desktop/RAG/Dokuwiki/techset/inc/parserutils.php(299): p_render_metadata('rbz_forms:insol...', Array)
  #10 /Users/atulgrover/Desktop/RAG/Dokuwiki/techset/lib/plugins/pagelist/helper.php(807): p_get_metadata('rbz_forms:insol...', '', 2)
  #11 /Users/atulgrover/Desktop/RAG/Dokuwiki/techset/lib/plugins/pagelist/helper.php(927): helper_plugin_pagelist->getMeta('date', 'created')
  #12 /Users/atulgrover/Desktop/RAG/Dokuwiki/techset/lib/plugins/pagelist/helper.php(452): helper_plugin_pagelist->getDate()
  #13 /Users/atulgrover/Desktop/RAG/Dokuwiki/techset/lib/plugins/tagfilter/helper/syntax.php(206): helper_plugin_pagelist->addPage(Array)
  #14 /Users/atulgrover/Desktop/RAG/Dokuwiki/techset/lib/plugins/tagfilter/syntax/filter.php(431): helper_plugin_tagfilter_syntax->renderList(Array, Array, Array)
  #15 /Users/atulgrover/Desktop/RAG/Dokuwiki/techset/lib/plugins/tagfilter/syntax/filter.php(263): syntax_plugin_tagfilter_filter->htmlPagelistOutput(Array, Array)
  #16 /Users/atulgrover/Desktop/RAG/Dokuwiki/techset/lib/plugins/tagfilter/syntax/filter.php(220): syntax_plugin_tagfilter_filter->htmlOutput(Array, Array, Array, Array)
  #17 /Users/atulgrover/Desktop/RAG/Dokuwiki/techset/inc/parser/renderer.php(126): syntax_plugin_tagfilter_filter->render('xhtml', Object(Doku_Renderer_xhtml), Array)
  #18 /Users/atulgrover/Desktop/RAG/Dokuwiki/techset/inc/parserutils.php(691): Doku_Renderer->plugin('tagfilter_filte...', Array, 5, '{{tagfilter>Jud...')
  #19 /Users/atulgrover/Desktop/RAG/Dokuwiki/techset/inc/parserutils.php(158): p_render('xhtml', Array, NULL)
  #20 /Users/atulgrover/Desktop/RAG/Dokuwiki/techset/inc/parserutils.php(97): p_cached_output('/Users/atulgrov...', 'xhtml', 'rbz_forms:insol...')
  #21 /Users/atulgrover/Desktop/RAG/Dokuwiki/techset/inc/Ui/PageView.php(67): p_wiki_xhtml('rbz_forms:insol...', 0, true, '')
  #22 /Users/atulgrover/Desktop/RAG/Dokuwiki/techset/inc/Action/Show.php(40): dokuwiki\Ui\PageView->show()
  #23 /Users/atulgrover/Desktop/RAG/Dokuwiki/techset/inc/template.php(120): dokuwiki\Action\Show->tplContent()
  #24 [internal function]: tpl_content_core('show')
  #25 /Users/atulgrover/Desktop/RAG/Dokuwiki/techset/inc/Extension/Event.php(134): call_user_func_array('tpl_content_cor...', Array)
  #26 /Users/atulgrover/Desktop/RAG/Dokuwiki/techset/inc/Extension/Event.php(200): dokuwiki\Extension\Event->trigger('tpl_content_cor...', true)
  #27 /Users/atulgrover/Desktop/RAG/Dokuwiki/techset/inc/template.php(102): dokuwiki\Extension\Event::createAndTrigger('TPL_ACT_RENDER', 'show', 'tpl_content_cor...')
  #28 /Users/atulgrover/Desktop/RAG/Dokuwiki/techset/lib/tpl/notes/main.php(57): tpl_content()
  #29 /Users/atulgrover/Desktop/RAG/Dokuwiki/techset/inc/actions.php(30): include('/Users/atulgrov...')
  #30 /Users/atulgrover/Desktop/RAG/Dokuwiki/techset/doku.php(131): act_dispatch()
  #31 {main}
2026-04-02 06:18:24	/Users/atulgrover/Desktop/RAG/Dokuwiki/techset/lib/plugins/pdfjs/syntax.php(66)	E_WARNING: Undefined array key 1
  #0 /Users/atulgrover/Desktop/RAG/Dokuwiki/techset/lib/plugins/pdfjs/syntax.php(66): dokuwiki\ErrorHandler::errorHandler(2, 'Undefined array...', '/Users/atulgrov...', 66)
  #1 /Users/atulgrover/Desktop/RAG/Dokuwiki/techset/inc/parser/handler.php(298): syntax_plugin_pdfjs->handle('{{pdfjs 200em,5...', 5, 296, Object(Doku_Handler))
  #2 /Users/atulgrover/Desktop/RAG/Dokuwiki/techset/inc/Parsing/Lexer/Lexer.php(269): Doku_Handler->plugin('{{pdfjs 200em,5...', 5, 296, 'pdfjs')
  #3 /Users/atulgrover/Desktop/RAG/Dokuwiki/techset/inc/Parsing/Lexer/Lexer.php(196): dokuwiki\Parsing\Lexer\Lexer->invokeHandler('{{pdfjs 200em,5...', 5, 296)
  #4 /Users/atulgrover/Desktop/RAG/Dokuwiki/techset/inc/Parsing/Lexer/Lexer.php(146): dokuwiki\Parsing\Lexer\Lexer->dispatchTokens('', '{{pdfjs 200em,5...', '_plugin_pdfjs', 296, 296)
  #5 /Users/atulgrover/Desktop/RAG/Dokuwiki/techset/inc/Parsing/Parser.php(113): dokuwiki\Parsing\Lexer\Lexer->parse('\n\n\n\n')
  #6 /Users/atulgrover/Desktop/RAG/Dokuwiki/techset/inc/parserutils.php(234): dokuwiki\Parsing\Parser->parse('\n{{tag>judicial...')
  #7 /Users/atulgrover/Desktop/RAG/Dokuwiki/techset/inc/parserutils.php(198): p_get_instructions('{{tag>judicial_...')
  #8 /Users/atulgrover/Desktop/RAG/Dokuwiki/techset/inc/parserutils.php(520): p_cached_instructions('/Users/atulgrov...', false, 'rbz_forms:insol...')
  #9 /Users/atulgrover/Desktop/RAG/Dokuwiki/techset/inc/parserutils.php(299): p_render_metadata('rbz_forms:insol...', Array)
  #10 /Users/atulgrover/Desktop/RAG/Dokuwiki/techset/lib/plugins/pagelist/helper.php(807): p_get_metadata('rbz_forms:insol...', '', 2)
  #11 /Users/atulgrover/Desktop/RAG/Dokuwiki/techset/lib/plugins/pagelist/helper.php(927): helper_plugin_pagelist->getMeta('date', 'created')
  #12 /Users/atulgrover/Desktop/RAG/Dokuwiki/techset/lib/plugins/pagelist/helper.php(452): helper_plugin_pagelist->getDate()
  #13 /Users/atulgrover/Desktop/RAG/Dokuwiki/techset/lib/plugins/tagfilter/helper/syntax.php(206): helper_plugin_pagelist->addPage(Array)
  #14 /Users/atulgrover/Desktop/RAG/Dokuwiki/techset/lib/plugins/tagfilter/syntax/filter.php(431): helper_plugin_tagfilter_syntax->renderList(Array, Array, Array)
  #15 /Users/atulgrover/Desktop/RAG/Dokuwiki/techset/lib/plugins/tagfilter/syntax/filter.php(263): syntax_plugin_tagfilter_filter->htmlPagelistOutput(Array, Array)
  #16 /Users/atulgrover/Desktop/RAG/Dokuwiki/techset/lib/plugins/tagfilter/syntax/filter.php(220): syntax_plugin_tagfilter_filter->htmlOutput(Array, Array, Array, Array)
  #17 /Users/atulgrover/Desktop/RAG/Dokuwiki/techset/inc/parser/renderer.php(126): syntax_plugin_tagfilter_filter->render('xhtml', Object(Doku_Renderer_xhtml), Array)
  #18 /Users/atulgrover/Desktop/RAG/Dokuwiki/techset/inc/parserutils.php(691): Doku_Renderer->plugin('tagfilter_filte...', Array, 5, '{{tagfilter>Jud...')
  #19 /Users/atulgrover/Desktop/RAG/Dokuwiki/techset/inc/parserutils.php(158): p_render('xhtml', Array, NULL)
  #20 /Users/atulgrover/Desktop/RAG/Dokuwiki/techset/inc/parserutils.php(97): p_cached_output('/Users/atulgrov...', 'xhtml', 'rbz_forms:insol...')
  #21 /Users/atulgrover/Desktop/RAG/Dokuwiki/techset/inc/Ui/PageView.php(67): p_wiki_xhtml('rbz_forms:insol...', 0, true, '')
  #22 /Users/atulgrover/Desktop/RAG/Dokuwiki/techset/inc/Action/Show.php(40): dokuwiki\Ui\PageView->show()
  #23 /Users/atulgrover/Desktop/RAG/Dokuwiki/techset/inc/template.php(120): dokuwiki\Action\Show->tplContent()
  #24 [internal function]: tpl_content_core('show')
  #25 /Users/atulgrover/Desktop/RAG/Dokuwiki/techset/inc/Extension/Event.php(134): call_user_func_array('tpl_content_cor...', Array)
  #26 /Users/atulgrover/Desktop/RAG/Dokuwiki/techset/inc/Extension/Event.php(200): dokuwiki\Extension\Event->trigger('tpl_content_cor...', true)
  #27 /Users/atulgrover/Desktop/RAG/Dokuwiki/techset/inc/template.php(102): dokuwiki\Extension\Event::createAndTrigger('TPL_ACT_RENDER', 'show', 'tpl_content_cor...')
  #28 /Users/atulgrover/Desktop/RAG/Dokuwiki/techset/lib/tpl/notes/main.php(57): tpl_content()
  #29 /Users/atulgrover/Desktop/RAG/Dokuwiki/techset/inc/actions.php(30): include('/Users/atulgrov...')
  #30 /Users/atulgrover/Desktop/RAG/Dokuwiki/techset/doku.php(131): act_dispatch()
  #31 {main}
2026-04-02 06:18:24	/Users/atulgrover/Desktop/RAG/Dokuwiki/techset/lib/plugins/pdfjs/syntax.php(78)	E_WARNING: Undefined array key 1
  #0 /Users/atulgrover/Desktop/RAG/Dokuwiki/techset/lib/plugins/pdfjs/syntax.php(78): dokuwiki\ErrorHandler::errorHandler(2, 'Undefined array...', '/Users/atulgrov...', 78)
  #1 /Users/atulgrover/Desktop/RAG/Dokuwiki/techset/inc/parser/handler.php(298): syntax_plugin_pdfjs->handle('{{pdfjs 200em,5...', 5, 296, Object(Doku_Handler))
  #2 /Users/atulgrover/Desktop/RAG/Dokuwiki/techset/inc/Parsing/Lexer/Lexer.php(269): Doku_Handler->plugin('{{pdfjs 200em,5...', 5, 296, 'pdfjs')
  #3 /Users/atulgrover/Desktop/RAG/Dokuwiki/techset/inc/Parsing/Lexer/Lexer.php(196): dokuwiki\Parsing\Lexer\Lexer->invokeHandler('{{pdfjs 200em,5...', 5, 296)
  #4 /Users/atulgrover/Desktop/RAG/Dokuwiki/techset/inc/Parsing/Lexer/Lexer.php(146): dokuwiki\Parsing\Lexer\Lexer->dispatchTokens('', '{{pdfjs 200em,5...', '_plugin_pdfjs', 296, 296)
  #5 /Users/atulgrover/Desktop/RAG/Dokuwiki/techset/inc/Parsing/Parser.php(113): dokuwiki\Parsing\Lexer\Lexer->parse('\n\n\n\n')
  #6 /Users/atulgrover/Desktop/RAG/Dokuwiki/techset/inc/parserutils.php(234): dokuwiki\Parsing\Parser->parse('\n{{tag>judicial...')
  #7 /Users/atulgrover/Desktop/RAG/Dokuwiki/techset/inc/parserutils.php(198): p_get_instructions('{{tag>judicial_...')
  #8 /Users/atulgrover/Desktop/RAG/Dokuwiki/techset/inc/parserutils.php(520): p_cached_instructions('/Users/atulgrov...', false, 'rbz_forms:insol...')
  #9 /Users/atulgrover/Desktop/RAG/Dokuwiki/techset/inc/parserutils.php(299): p_render_metadata('rbz_forms:insol...', Array)
  #10 /Users/atulgrover/Desktop/RAG/Dokuwiki/techset/lib/plugins/pagelist/helper.php(807): p_get_metadata('rbz_forms:insol...', '', 2)
  #11 /Users/atulgrover/Desktop/RAG/Dokuwiki/techset/lib/plugins/pagelist/helper.php(927): helper_plugin_pagelist->getMeta('date', 'created')
  #12 /Users/atulgrover/Desktop/RAG/Dokuwiki/techset/lib/plugins/pagelist/helper.php(452): helper_plugin_pagelist->getDate()
  #13 /Users/atulgrover/Desktop/RAG/Dokuwiki/techset/lib/plugins/tagfilter/helper/syntax.php(206): helper_plugin_pagelist->addPage(Array)
  #14 /Users/atulgrover/Desktop/RAG/Dokuwiki/techset/lib/plugins/tagfilter/syntax/filter.php(431): helper_plugin_tagfilter_syntax->renderList(Array, Array, Array)
  #15 /Users/atulgrover/Desktop/RAG/Dokuwiki/techset/lib/plugins/tagfilter/syntax/filter.php(263): syntax_plugin_tagfilter_filter->htmlPagelistOutput(Array, Array)
  #16 /Users/atulgrover/Desktop/RAG/Dokuwiki/techset/lib/plugins/tagfilter/syntax/filter.php(220): syntax_plugin_tagfilter_filter->htmlOutput(Array, Array, Array, Array)
  #17 /Users/atulgrover/Desktop/RAG/Dokuwiki/techset/inc/parser/renderer.php(126): syntax_plugin_tagfilter_filter->render('xhtml', Object(Doku_Renderer_xhtml), Array)
  #18 /Users/atulgrover/Desktop/RAG/Dokuwiki/techset/inc/parserutils.php(691): Doku_Renderer->plugin('tagfilter_filte...', Array, 5, '{{tagfilter>Jud...')
  #19 /Users/atulgrover/Desktop/RAG/Dokuwiki/techset/inc/parserutils.php(158): p_render('xhtml', Array, NULL)
  #20 /Users/atulgrover/Desktop/RAG/Dokuwiki/techset/inc/parserutils.php(97): p_cached_output('/Users/atulgrov...', 'xhtml', 'rbz_forms:insol...')
  #21 /Users/atulgrover/Desktop/RAG/Dokuwiki/techset/inc/Ui/PageView.php(67): p_wiki_xhtml('rbz_forms:insol...', 0, true, '')
  #22 /Users/atulgrover/Desktop/RAG/Dokuwiki/techset/inc/Action/Show.php(40): dokuwiki\Ui\PageView->show()
  #23 /Users/atulgrover/Desktop/RAG/Dokuwiki/techset/inc/template.php(120): dokuwiki\Action\Show->tplContent()
  #24 [internal function]: tpl_content_core('show')
  #25 /Users/atulgrover/Desktop/RAG/Dokuwiki/techset/inc/Extension/Event.php(134): call_user_func_array('tpl_content_cor...', Array)
  #26 /Users/atulgrover/Desktop/RAG/Dokuwiki/techset/inc/Extension/Event.php(200): dokuwiki\Extension\Event->trigger('tpl_content_cor...', true)
  #27 /Users/atulgrover/Desktop/RAG/Dokuwiki/techset/inc/template.php(102): dokuwiki\Extension\Event::createAndTrigger('TPL_ACT_RENDER', 'show', 'tpl_content_cor...')
  #28 /Users/atulgrover/Desktop/RAG/Dokuwiki/techset/lib/tpl/notes/main.php(57): tpl_content()
  #29 /Users/atulgrover/Desktop/RAG/Dokuwiki/techset/inc/actions.php(30): include('/Users/atulgrov...')
  #30 /Users/atulgrover/Desktop/RAG/Dokuwiki/techset/doku.php(131): act_dispatch()
  #31 {main}
2026-04-02 06:18:24	/Users/atulgrover/Desktop/RAG/Dokuwiki/techset/lib/plugins/pdfjs/syntax.php(64)	E_WARNING: Undefined array key 1
  #0 /Users/atulgrover/Desktop/RAG/Dokuwiki/techset/lib/plugins/pdfjs/syntax.php(64): dokuwiki\ErrorHandler::errorHandler(2, 'Undefined array...', '/Users/atulgrov...', 64)
  #1 /Users/atulgrover/Desktop/RAG/Dokuwiki/techset/inc/parser/handler.php(298): syntax_plugin_pdfjs->handle('{{pdfjs 200em,5...', 5, 298, Object(Doku_Handler))
  #2 /Users/atulgrover/Desktop/RAG/Dokuwiki/techset/inc/Parsing/Lexer/Lexer.php(269): Doku_Handler->plugin('{{pdfjs 200em,5...', 5, 298, 'pdfjs')
  #3 /Users/atulgrover/Desktop/RAG/Dokuwiki/techset/inc/Parsing/Lexer/Lexer.php(196): dokuwiki\Parsing\Lexer\Lexer->invokeHandler('{{pdfjs 200em,5...', 5, 298)
  #4 /Users/atulgrover/Desktop/RAG/Dokuwiki/techset/inc/Parsing/Lexer/Lexer.php(146): dokuwiki\Parsing\Lexer\Lexer->dispatchTokens('', '{{pdfjs 200em,5...', '_plugin_pdfjs', 298, 298)
  #5 /Users/atulgrover/Desktop/RAG/Dokuwiki/techset/inc/Parsing/Parser.php(113): dokuwiki\Parsing\Lexer\Lexer->parse('\n')
  #6 /Users/atulgrover/Desktop/RAG/Dokuwiki/techset/inc/parserutils.php(234): dokuwiki\Parsing\Parser->parse('\n{{tag>judicial...')
  #7 /Users/atulgrover/Desktop/RAG/Dokuwiki/techset/inc/parserutils.php(198): p_get_instructions('{{tag>judicial_...')
  #8 /Users/atulgrover/Desktop/RAG/Dokuwiki/techset/inc/parserutils.php(520): p_cached_instructions('/Users/atulgrov...', false, 'rbz_forms:insol...')
  #9 /Users/atulgrover/Desktop/RAG/Dokuwiki/techset/inc/parserutils.php(299): p_render_metadata('rbz_forms:insol...', Array)
  #10 /Users/atulgrover/Desktop/RAG/Dokuwiki/techset/lib/plugins/pagelist/helper.php(807): p_get_metadata('rbz_forms:insol...', '', 2)
  #11 /Users/atulgrover/Desktop/RAG/Dokuwiki/techset/lib/plugins/pagelist/helper.php(927): helper_plugin_pagelist->getMeta('date', 'created')
  #12 /Users/atulgrover/Desktop/RAG/Dokuwiki/techset/lib/plugins/pagelist/helper.php(452): helper_plugin_pagelist->getDate()
  #13 /Users/atulgrover/Desktop/RAG/Dokuwiki/techset/lib/plugins/tagfilter/helper/syntax.php(206): helper_plugin_pagelist->addPage(Array)
  #14 /Users/atulgrover/Desktop/RAG/Dokuwiki/techset/lib/plugins/tagfilter/syntax/filter.php(431): helper_plugin_tagfilter_syntax->renderList(Array, Array, Array)
  #15 /Users/atulgrover/Desktop/RAG/Dokuwiki/techset/lib/plugins/tagfilter/syntax/filter.php(263): syntax_plugin_tagfilter_filter->htmlPagelistOutput(Array, Array)
  #16 /Users/atulgrover/Desktop/RAG/Dokuwiki/techset/lib/plugins/tagfilter/syntax/filter.php(220): syntax_plugin_tagfilter_filter->htmlOutput(Array, Array, Array, Array)
  #17 /Users/atulgrover/Desktop/RAG/Dokuwiki/techset/inc/parser/renderer.php(126): syntax_plugin_tagfilter_filter->render('xhtml', Object(Doku_Renderer_xhtml), Array)
  #18 /Users/atulgrover/Desktop/RAG/Dokuwiki/techset/inc/parserutils.php(691): Doku_Renderer->plugin('tagfilter_filte...', Array, 5, '{{tagfilter>Jud...')
  #19 /Users/atulgrover/Desktop/RAG/Dokuwiki/techset/inc/parserutils.php(158): p_render('xhtml', Array, NULL)
  #20 /Users/atulgrover/Desktop/RAG/Dokuwiki/techset/inc/parserutils.php(97): p_cached_output('/Users/atulgrov...', 'xhtml', 'rbz_forms:insol...')
  #21 /Users/atulgrover/Desktop/RAG/Dokuwiki/techset/inc/Ui/PageView.php(67): p_wiki_xhtml('rbz_forms:insol...', 0, true, '')
  #22 /Users/atulgrover/Desktop/RAG/Dokuwiki/techset/inc/Action/Show.php(40): dokuwiki\Ui\PageView->show()
  #23 /Users/atulgrover/Desktop/RAG/Dokuwiki/techset/inc/template.php(120): dokuwiki\Action\Show->tplContent()
  #24 [internal function]: tpl_content_core('show')
  #25 /Users/atulgrover/Desktop/RAG/Dokuwiki/techset/inc/Extension/Event.php(134): call_user_func_array('tpl_content_cor...', Array)
  #26 /Users/atulgrover/Desktop/RAG/Dokuwiki/techset/inc/Extension/Event.php(200): dokuwiki\Extension\Event->trigger('tpl_content_cor...', true)
  #27 /Users/atulgrover/Desktop/RAG/Dokuwiki/techset/inc/template.php(102): dokuwiki\Extension\Event::createAndTrigger('TPL_ACT_RENDER', 'show', 'tpl_content_cor...')
  #28 /Users/atulgrover/Desktop/RAG/Dokuwiki/techset/lib/tpl/notes/main.php(57): tpl_content()
  #29 /Users/atulgrover/Desktop/RAG/Dokuwiki/techset/inc/actions.php(30): include('/Users/atulgrov...')
  #30 /Users/atulgrover/Desktop/RAG/Dokuwiki/techset/doku.php(131): act_dispatch()
  #31 {main}
2026-04-02 06:18:24	/Users/atulgrover/Desktop/RAG/Dokuwiki/techset/lib/plugins/pdfjs/syntax.php(66)	E_WARNING: Undefined array key 1
  #0 /Users/atulgrover/Desktop/RAG/Dokuwiki/techset/lib/plugins/pdfjs/syntax.php(66): dokuwiki\ErrorHandler::errorHandler(2, 'Undefined array...', '/Users/atulgrov...', 66)
  #1 /Users/atulgrover/Desktop/RAG/Dokuwiki/techset/inc/parser/handler.php(298): syntax_plugin_pdfjs->handle('{{pdfjs 200em,5...', 5, 298, Object(Doku_Handler))
  #2 /Users/atulgrover/Desktop/RAG/Dokuwiki/techset/inc/Parsing/Lexer/Lexer.php(269): Doku_Handler->plugin('{{pdfjs 200em,5...', 5, 298, 'pdfjs')
  #3 /Users/atulgrover/Desktop/RAG/Dokuwiki/techset/inc/Parsing/Lexer/Lexer.php(196): dokuwiki\Parsing\Lexer\Lexer->invokeHandler('{{pdfjs 200em,5...', 5, 298)
  #4 /Users/atulgrover/Desktop/RAG/Dokuwiki/techset/inc/Parsing/Lexer/Lexer.php(146): dokuwiki\Parsing\Lexer\Lexer->dispatchTokens('', '{{pdfjs 200em,5...', '_plugin_pdfjs', 298, 298)
  #5 /Users/atulgrover/Desktop/RAG/Dokuwiki/techset/inc/Parsing/Parser.php(113): dokuwiki\Parsing\Lexer\Lexer->parse('\n')
  #6 /Users/atulgrover/Desktop/RAG/Dokuwiki/techset/inc/parserutils.php(234): dokuwiki\Parsing\Parser->parse('\n{{tag>judicial...')
  #7 /Users/atulgrover/Desktop/RAG/Dokuwiki/techset/inc/parserutils.php(198): p_get_instructions('{{tag>judicial_...')
  #8 /Users/atulgrover/Desktop/RAG/Dokuwiki/techset/inc/parserutils.php(520): p_cached_instructions('/Users/atulgrov...', false, 'rbz_forms:insol...')
  #9 /Users/atulgrover/Desktop/RAG/Dokuwiki/techset/inc/parserutils.php(299): p_render_metadata('rbz_forms:insol...', Array)
  #10 /Users/atulgrover/Desktop/RAG/Dokuwiki/techset/lib/plugins/pagelist/helper.php(807): p_get_metadata('rbz_forms:insol...', '', 2)
  #11 /Users/atulgrover/Desktop/RAG/Dokuwiki/techset/lib/plugins/pagelist/helper.php(927): helper_plugin_pagelist->getMeta('date', 'created')
  #12 /Users/atulgrover/Desktop/RAG/Dokuwiki/techset/lib/plugins/pagelist/helper.php(452): helper_plugin_pagelist->getDate()
  #13 /Users/atulgrover/Desktop/RAG/Dokuwiki/techset/lib/plugins/tagfilter/helper/syntax.php(206): helper_plugin_pagelist->addPage(Array)
  #14 /Users/atulgrover/Desktop/RAG/Dokuwiki/techset/lib/plugins/tagfilter/syntax/filter.php(431): helper_plugin_tagfilter_syntax->renderList(Array, Array, Array)
  #15 /Users/atulgrover/Desktop/RAG/Dokuwiki/techset/lib/plugins/tagfilter/syntax/filter.php(263): syntax_plugin_tagfilter_filter->htmlPagelistOutput(Array, Array)
  #16 /Users/atulgrover/Desktop/RAG/Dokuwiki/techset/lib/plugins/tagfilter/syntax/filter.php(220): syntax_plugin_tagfilter_filter->htmlOutput(Array, Array, Array, Array)
  #17 /Users/atulgrover/Desktop/RAG/Dokuwiki/techset/inc/parser/renderer.php(126): syntax_plugin_tagfilter_filter->render('xhtml', Object(Doku_Renderer_xhtml), Array)
  #18 /Users/atulgrover/Desktop/RAG/Dokuwiki/techset/inc/parserutils.php(691): Doku_Renderer->plugin('tagfilter_filte...', Array, 5, '{{tagfilter>Jud...')
  #19 /Users/atulgrover/Desktop/RAG/Dokuwiki/techset/inc/parserutils.php(158): p_render('xhtml', Array, NULL)
  #20 /Users/atulgrover/Desktop/RAG/Dokuwiki/techset/inc/parserutils.php(97): p_cached_output('/Users/atulgrov...', 'xhtml', 'rbz_forms:insol...')
  #21 /Users/atulgrover/Desktop/RAG/Dokuwiki/techset/inc/Ui/PageView.php(67): p_wiki_xhtml('rbz_forms:insol...', 0, true, '')
  #22 /Users/atulgrover/Desktop/RAG/Dokuwiki/techset/inc/Action/Show.php(40): dokuwiki\Ui\PageView->show()
  #23 /Users/atulgrover/Desktop/RAG/Dokuwiki/techset/inc/template.php(120): dokuwiki\Action\Show->tplContent()
  #24 [internal function]: tpl_content_core('show')
  #25 /Users/atulgrover/Desktop/RAG/Dokuwiki/techset/inc/Extension/Event.php(134): call_user_func_array('tpl_content_cor...', Array)
  #26 /Users/atulgrover/Desktop/RAG/Dokuwiki/techset/inc/Extension/Event.php(200): dokuwiki\Extension\Event->trigger('tpl_content_cor...', true)
  #27 /Users/atulgrover/Desktop/RAG/Dokuwiki/techset/inc/template.php(102): dokuwiki\Extension\Event::createAndTrigger('TPL_ACT_RENDER', 'show', 'tpl_content_cor...')
  #28 /Users/atulgrover/Desktop/RAG/Dokuwiki/techset/lib/tpl/notes/main.php(57): tpl_content()
  #29 /Users/atulgrover/Desktop/RAG/Dokuwiki/techset/inc/actions.php(30): include('/Users/atulgrov...')
  #30 /Users/atulgrover/Desktop/RAG/Dokuwiki/techset/doku.php(131): act_dispatch()
  #31 {main}
2026-04-02 06:18:24	/Users/atulgrover/Desktop/RAG/Dokuwiki/techset/lib/plugins/pdfjs/syntax.php(78)	E_WARNING: Undefined array key 1
  #0 /Users/atulgrover/Desktop/RAG/Dokuwiki/techset/lib/plugins/pdfjs/syntax.php(78): dokuwiki\ErrorHandler::errorHandler(2, 'Undefined array...', '/Users/atulgrov...', 78)
  #1 /Users/atulgrover/Desktop/RAG/Dokuwiki/techset/inc/parser/handler.php(298): syntax_plugin_pdfjs->handle('{{pdfjs 200em,5...', 5, 298, Object(Doku_Handler))
  #2 /Users/atulgrover/Desktop/RAG/Dokuwiki/techset/inc/Parsing/Lexer/Lexer.php(269): Doku_Handler->plugin('{{pdfjs 200em,5...', 5, 298, 'pdfjs')
  #3 /Users/atulgrover/Desktop/RAG/Dokuwiki/techset/inc/Parsing/Lexer/Lexer.php(196): dokuwiki\Parsing\Lexer\Lexer->invokeHandler('{{pdfjs 200em,5...', 5, 298)
  #4 /Users/atulgrover/Desktop/RAG/Dokuwiki/techset/inc/Parsing/Lexer/Lexer.php(146): dokuwiki\Parsing\Lexer\Lexer->dispatchTokens('', '{{pdfjs 200em,5...', '_plugin_pdfjs', 298, 298)
  #5 /Users/atulgrover/Desktop/RAG/Dokuwiki/techset/inc/Parsing/Parser.php(113): dokuwiki\Parsing\Lexer\Lexer->parse('\n')
  #6 /Users/atulgrover/Desktop/RAG/Dokuwiki/techset/inc/parserutils.php(234): dokuwiki\Parsing\Parser->parse('\n{{tag>judicial...')
  #7 /Users/atulgrover/Desktop/RAG/Dokuwiki/techset/inc/parserutils.php(198): p_get_instructions('{{tag>judicial_...')
  #8 /Users/atulgrover/Desktop/RAG/Dokuwiki/techset/inc/parserutils.php(520): p_cached_instructions('/Users/atulgrov...', false, 'rbz_forms:insol...')
  #9 /Users/atulgrover/Desktop/RAG/Dokuwiki/techset/inc/parserutils.php(299): p_render_metadata('rbz_forms:insol...', Array)
  #10 /Users/atulgrover/Desktop/RAG/Dokuwiki/techset/lib/plugins/pagelist/helper.php(807): p_get_metadata('rbz_forms:insol...', '', 2)
  #11 /Users/atulgrover/Desktop/RAG/Dokuwiki/techset/lib/plugins/pagelist/helper.php(927): helper_plugin_pagelist->getMeta('date', 'created')
  #12 /Users/atulgrover/Desktop/RAG/Dokuwiki/techset/lib/plugins/pagelist/helper.php(452): helper_plugin_pagelist->getDate()
  #13 /Users/atulgrover/Desktop/RAG/Dokuwiki/techset/lib/plugins/tagfilter/helper/syntax.php(206): helper_plugin_pagelist->addPage(Array)
  #14 /Users/atulgrover/Desktop/RAG/Dokuwiki/techset/lib/plugins/tagfilter/syntax/filter.php(431): helper_plugin_tagfilter_syntax->renderList(Array, Array, Array)
  #15 /Users/atulgrover/Desktop/RAG/Dokuwiki/techset/lib/plugins/tagfilter/syntax/filter.php(263): syntax_plugin_tagfilter_filter->htmlPagelistOutput(Array, Array)
  #16 /Users/atulgrover/Desktop/RAG/Dokuwiki/techset/lib/plugins/tagfilter/syntax/filter.php(220): syntax_plugin_tagfilter_filter->htmlOutput(Array, Array, Array, Array)
  #17 /Users/atulgrover/Desktop/RAG/Dokuwiki/techset/inc/parser/renderer.php(126): syntax_plugin_tagfilter_filter->render('xhtml', Object(Doku_Renderer_xhtml), Array)
  #18 /Users/atulgrover/Desktop/RAG/Dokuwiki/techset/inc/parserutils.php(691): Doku_Renderer->plugin('tagfilter_filte...', Array, 5, '{{tagfilter>Jud...')
  #19 /Users/atulgrover/Desktop/RAG/Dokuwiki/techset/inc/parserutils.php(158): p_render('xhtml', Array, NULL)
  #20 /Users/atulgrover/Desktop/RAG/Dokuwiki/techset/inc/parserutils.php(97): p_cached_output('/Users/atulgrov...', 'xhtml', 'rbz_forms:insol...')
  #21 /Users/atulgrover/Desktop/RAG/Dokuwiki/techset/inc/Ui/PageView.php(67): p_wiki_xhtml('rbz_forms:insol...', 0, true, '')
  #22 /Users/atulgrover/Desktop/RAG/Dokuwiki/techset/inc/Action/Show.php(40): dokuwiki\Ui\PageView->show()
  #23 /Users/atulgrover/Desktop/RAG/Dokuwiki/techset/inc/template.php(120): dokuwiki\Action\Show->tplContent()
  #24 [internal function]: tpl_content_core('show')
  #25 /Users/atulgrover/Desktop/RAG/Dokuwiki/techset/inc/Extension/Event.php(134): call_user_func_array('tpl_content_cor...', Array)
  #26 /Users/atulgrover/Desktop/RAG/Dokuwiki/techset/inc/Extension/Event.php(200): dokuwiki\Extension\Event->trigger('tpl_content_cor...', true)
  #27 /Users/atulgrover/Desktop/RAG/Dokuwiki/techset/inc/template.php(102): dokuwiki\Extension\Event::createAndTrigger('TPL_ACT_RENDER', 'show', 'tpl_content_cor...')
  #28 /Users/atulgrover/Desktop/RAG/Dokuwiki/techset/lib/tpl/notes/main.php(57): tpl_content()
  #29 /Users/atulgrover/Desktop/RAG/Dokuwiki/techset/inc/actions.php(30): include('/Users/atulgrov...')
  #30 /Users/atulgrover/Desktop/RAG/Dokuwiki/techset/doku.php(131): act_dispatch()
  #31 {main}
2026-04-02 06:19:23	/Users/atulgrover/Desktop/RAG/Dokuwiki/techset/lib/plugins/pdfjs/syntax.php(64)	E_WARNING: Undefined array key 1
  #0 /Users/atulgrover/Desktop/RAG/Dokuwiki/techset/lib/plugins/pdfjs/syntax.php(64): dokuwiki\ErrorHandler::errorHandler(2, 'Undefined array...', '/Users/atulgrov...', 64)
  #1 /Users/atulgrover/Desktop/RAG/Dokuwiki/techset/inc/parser/handler.php(298): syntax_plugin_pdfjs->handle('{{pdfjs 200em,5...', 5, 300, Object(Doku_Handler))
  #2 /Users/atulgrover/Desktop/RAG/Dokuwiki/techset/inc/Parsing/Lexer/Lexer.php(269): Doku_Handler->plugin('{{pdfjs 200em,5...', 5, 300, 'pdfjs')
  #3 /Users/atulgrover/Desktop/RAG/Dokuwiki/techset/inc/Parsing/Lexer/Lexer.php(196): dokuwiki\Parsing\Lexer\Lexer->invokeHandler('{{pdfjs 200em,5...', 5, 300)
  #4 /Users/atulgrover/Desktop/RAG/Dokuwiki/techset/inc/Parsing/Lexer/Lexer.php(146): dokuwiki\Parsing\Lexer\Lexer->dispatchTokens('', '{{pdfjs 200em,5...', '_plugin_pdfjs', 300, 300)
  #5 /Users/atulgrover/Desktop/RAG/Dokuwiki/techset/inc/Parsing/Parser.php(113): dokuwiki\Parsing\Lexer\Lexer->parse('\n\n')
  #6 /Users/atulgrover/Desktop/RAG/Dokuwiki/techset/inc/parserutils.php(234): dokuwiki\Parsing\Parser->parse('\n{{tag>judicial...')
  #7 /Users/atulgrover/Desktop/RAG/Dokuwiki/techset/inc/parserutils.php(198): p_get_instructions('{{tag>judicial_...')
  #8 /Users/atulgrover/Desktop/RAG/Dokuwiki/techset/inc/parserutils.php(520): p_cached_instructions('/Users/atulgrov...', false, 'rbz_forms:insol...')
  #9 /Users/atulgrover/Desktop/RAG/Dokuwiki/techset/inc/parserutils.php(299): p_render_metadata('rbz_forms:insol...', Array)
  #10 /Users/atulgrover/Desktop/RAG/Dokuwiki/techset/lib/plugins/pagelist/helper.php(807): p_get_metadata('rbz_forms:insol...', '', 2)
  #11 /Users/atulgrover/Desktop/RAG/Dokuwiki/techset/lib/plugins/pagelist/helper.php(927): helper_plugin_pagelist->getMeta('date', 'created')
  #12 /Users/atulgrover/Desktop/RAG/Dokuwiki/techset/lib/plugins/pagelist/helper.php(452): helper_plugin_pagelist->getDate()
  #13 /Users/atulgrover/Desktop/RAG/Dokuwiki/techset/lib/plugins/tagfilter/helper/syntax.php(206): helper_plugin_pagelist->addPage(Array)
  #14 /Users/atulgrover/Desktop/RAG/Dokuwiki/techset/lib/plugins/tagfilter/syntax/filter.php(431): helper_plugin_tagfilter_syntax->renderList(Array, Array, Array)
  #15 /Users/atulgrover/Desktop/RAG/Dokuwiki/techset/lib/plugins/tagfilter/syntax/filter.php(263): syntax_plugin_tagfilter_filter->htmlPagelistOutput(Array, Array)
  #16 /Users/atulgrover/Desktop/RAG/Dokuwiki/techset/lib/plugins/tagfilter/syntax/filter.php(220): syntax_plugin_tagfilter_filter->htmlOutput(Array, Array, Array, Array)
  #17 /Users/atulgrover/Desktop/RAG/Dokuwiki/techset/inc/parser/renderer.php(126): syntax_plugin_tagfilter_filter->render('xhtml', Object(Doku_Renderer_xhtml), Array)
  #18 /Users/atulgrover/Desktop/RAG/Dokuwiki/techset/inc/parserutils.php(691): Doku_Renderer->plugin('tagfilter_filte...', Array, 5, '{{tagfilter>Jud...')
  #19 /Users/atulgrover/Desktop/RAG/Dokuwiki/techset/inc/parserutils.php(158): p_render('xhtml', Array, NULL)
  #20 /Users/atulgrover/Desktop/RAG/Dokuwiki/techset/inc/parserutils.php(97): p_cached_output('/Users/atulgrov...', 'xhtml', 'rbz_forms:insol...')
  #21 /Users/atulgrover/Desktop/RAG/Dokuwiki/techset/inc/Ui/PageView.php(67): p_wiki_xhtml('rbz_forms:insol...', 0, true, '')
  #22 /Users/atulgrover/Desktop/RAG/Dokuwiki/techset/inc/Action/Show.php(40): dokuwiki\Ui\PageView->show()
  #23 /Users/atulgrover/Desktop/RAG/Dokuwiki/techset/inc/template.php(120): dokuwiki\Action\Show->tplContent()
  #24 [internal function]: tpl_content_core('show')
  #25 /Users/atulgrover/Desktop/RAG/Dokuwiki/techset/inc/Extension/Event.php(134): call_user_func_array('tpl_content_cor...', Array)
  #26 /Users/atulgrover/Desktop/RAG/Dokuwiki/techset/inc/Extension/Event.php(200): dokuwiki\Extension\Event->trigger('tpl_content_cor...', true)
  #27 /Users/atulgrover/Desktop/RAG/Dokuwiki/techset/inc/template.php(102): dokuwiki\Extension\Event::createAndTrigger('TPL_ACT_RENDER', 'show', 'tpl_content_cor...')
  #28 /Users/atulgrover/Desktop/RAG/Dokuwiki/techset/lib/tpl/notes/main.php(57): tpl_content()
  #29 /Users/atulgrover/Desktop/RAG/Dokuwiki/techset/inc/actions.php(30): include('/Users/atulgrov...')
  #30 /Users/atulgrover/Desktop/RAG/Dokuwiki/techset/doku.php(131): act_dispatch()
  #31 {main}
2026-04-02 06:19:23	/Users/atulgrover/Desktop/RAG/Dokuwiki/techset/lib/plugins/pdfjs/syntax.php(66)	E_WARNING: Undefined array key 1
  #0 /Users/atulgrover/Desktop/RAG/Dokuwiki/techset/lib/plugins/pdfjs/syntax.php(66): dokuwiki\ErrorHandler::errorHandler(2, 'Undefined array...', '/Users/atulgrov...', 66)
  #1 /Users/atulgrover/Desktop/RAG/Dokuwiki/techset/inc/parser/handler.php(298): syntax_plugin_pdfjs->handle('{{pdfjs 200em,5...', 5, 300, Object(Doku_Handler))
  #2 /Users/atulgrover/Desktop/RAG/Dokuwiki/techset/inc/Parsing/Lexer/Lexer.php(269): Doku_Handler->plugin('{{pdfjs 200em,5...', 5, 300, 'pdfjs')
  #3 /Users/atulgrover/Desktop/RAG/Dokuwiki/techset/inc/Parsing/Lexer/Lexer.php(196): dokuwiki\Parsing\Lexer\Lexer->invokeHandler('{{pdfjs 200em,5...', 5, 300)
  #4 /Users/atulgrover/Desktop/RAG/Dokuwiki/techset/inc/Parsing/Lexer/Lexer.php(146): dokuwiki\Parsing\Lexer\Lexer->dispatchTokens('', '{{pdfjs 200em,5...', '_plugin_pdfjs', 300, 300)
  #5 /Users/atulgrover/Desktop/RAG/Dokuwiki/techset/inc/Parsing/Parser.php(113): dokuwiki\Parsing\Lexer\Lexer->parse('\n\n')
  #6 /Users/atulgrover/Desktop/RAG/Dokuwiki/techset/inc/parserutils.php(234): dokuwiki\Parsing\Parser->parse('\n{{tag>judicial...')
  #7 /Users/atulgrover/Desktop/RAG/Dokuwiki/techset/inc/parserutils.php(198): p_get_instructions('{{tag>judicial_...')
  #8 /Users/atulgrover/Desktop/RAG/Dokuwiki/techset/inc/parserutils.php(520): p_cached_instructions('/Users/atulgrov...', false, 'rbz_forms:insol...')
  #9 /Users/atulgrover/Desktop/RAG/Dokuwiki/techset/inc/parserutils.php(299): p_render_metadata('rbz_forms:insol...', Array)
  #10 /Users/atulgrover/Desktop/RAG/Dokuwiki/techset/lib/plugins/pagelist/helper.php(807): p_get_metadata('rbz_forms:insol...', '', 2)
  #11 /Users/atulgrover/Desktop/RAG/Dokuwiki/techset/lib/plugins/pagelist/helper.php(927): helper_plugin_pagelist->getMeta('date', 'created')
  #12 /Users/atulgrover/Desktop/RAG/Dokuwiki/techset/lib/plugins/pagelist/helper.php(452): helper_plugin_pagelist->getDate()
  #13 /Users/atulgrover/Desktop/RAG/Dokuwiki/techset/lib/plugins/tagfilter/helper/syntax.php(206): helper_plugin_pagelist->addPage(Array)
  #14 /Users/atulgrover/Desktop/RAG/Dokuwiki/techset/lib/plugins/tagfilter/syntax/filter.php(431): helper_plugin_tagfilter_syntax->renderList(Array, Array, Array)
  #15 /Users/atulgrover/Desktop/RAG/Dokuwiki/techset/lib/plugins/tagfilter/syntax/filter.php(263): syntax_plugin_tagfilter_filter->htmlPagelistOutput(Array, Array)
  #16 /Users/atulgrover/Desktop/RAG/Dokuwiki/techset/lib/plugins/tagfilter/syntax/filter.php(220): syntax_plugin_tagfilter_filter->htmlOutput(Array, Array, Array, Array)
  #17 /Users/atulgrover/Desktop/RAG/Dokuwiki/techset/inc/parser/renderer.php(126): syntax_plugin_tagfilter_filter->render('xhtml', Object(Doku_Renderer_xhtml), Array)
  #18 /Users/atulgrover/Desktop/RAG/Dokuwiki/techset/inc/parserutils.php(691): Doku_Renderer->plugin('tagfilter_filte...', Array, 5, '{{tagfilter>Jud...')
  #19 /Users/atulgrover/Desktop/RAG/Dokuwiki/techset/inc/parserutils.php(158): p_render('xhtml', Array, NULL)
  #20 /Users/atulgrover/Desktop/RAG/Dokuwiki/techset/inc/parserutils.php(97): p_cached_output('/Users/atulgrov...', 'xhtml', 'rbz_forms:insol...')
  #21 /Users/atulgrover/Desktop/RAG/Dokuwiki/techset/inc/Ui/PageView.php(67): p_wiki_xhtml('rbz_forms:insol...', 0, true, '')
  #22 /Users/atulgrover/Desktop/RAG/Dokuwiki/techset/inc/Action/Show.php(40): dokuwiki\Ui\PageView->show()
  #23 /Users/atulgrover/Desktop/RAG/Dokuwiki/techset/inc/template.php(120): dokuwiki\Action\Show->tplContent()
  #24 [internal function]: tpl_content_core('show')
  #25 /Users/atulgrover/Desktop/RAG/Dokuwiki/techset/inc/Extension/Event.php(134): call_user_func_array('tpl_content_cor...', Array)
  #26 /Users/atulgrover/Desktop/RAG/Dokuwiki/techset/inc/Extension/Event.php(200): dokuwiki\Extension\Event->trigger('tpl_content_cor...', true)
  #27 /Users/atulgrover/Desktop/RAG/Dokuwiki/techset/inc/template.php(102): dokuwiki\Extension\Event::createAndTrigger('TPL_ACT_RENDER', 'show', 'tpl_content_cor...')
  #28 /Users/atulgrover/Desktop/RAG/Dokuwiki/techset/lib/tpl/notes/main.php(57): tpl_content()
  #29 /Users/atulgrover/Desktop/RAG/Dokuwiki/techset/inc/actions.php(30): include('/Users/atulgrov...')
  #30 /Users/atulgrover/Desktop/RAG/Dokuwiki/techset/doku.php(131): act_dispatch()
  #31 {main}
2026-04-02 06:19:23	/Users/atulgrover/Desktop/RAG/Dokuwiki/techset/lib/plugins/pdfjs/syntax.php(78)	E_WARNING: Undefined array key 1
  #0 /Users/atulgrover/Desktop/RAG/Dokuwiki/techset/lib/plugins/pdfjs/syntax.php(78): dokuwiki\ErrorHandler::errorHandler(2, 'Undefined array...', '/Users/atulgrov...', 78)
  #1 /Users/atulgrover/Desktop/RAG/Dokuwiki/techset/inc/parser/handler.php(298): syntax_plugin_pdfjs->handle('{{pdfjs 200em,5...', 5, 300, Object(Doku_Handler))
  #2 /Users/atulgrover/Desktop/RAG/Dokuwiki/techset/inc/Parsing/Lexer/Lexer.php(269): Doku_Handler->plugin('{{pdfjs 200em,5...', 5, 300, 'pdfjs')
  #3 /Users/atulgrover/Desktop/RAG/Dokuwiki/techset/inc/Parsing/Lexer/Lexer.php(196): dokuwiki\Parsing\Lexer\Lexer->invokeHandler('{{pdfjs 200em,5...', 5, 300)
  #4 /Users/atulgrover/Desktop/RAG/Dokuwiki/techset/inc/Parsing/Lexer/Lexer.php(146): dokuwiki\Parsing\Lexer\Lexer->dispatchTokens('', '{{pdfjs 200em,5...', '_plugin_pdfjs', 300, 300)
  #5 /Users/atulgrover/Desktop/RAG/Dokuwiki/techset/inc/Parsing/Parser.php(113): dokuwiki\Parsing\Lexer\Lexer->parse('\n\n')
  #6 /Users/atulgrover/Desktop/RAG/Dokuwiki/techset/inc/parserutils.php(234): dokuwiki\Parsing\Parser->parse('\n{{tag>judicial...')
  #7 /Users/atulgrover/Desktop/RAG/Dokuwiki/techset/inc/parserutils.php(198): p_get_instructions('{{tag>judicial_...')
  #8 /Users/atulgrover/Desktop/RAG/Dokuwiki/techset/inc/parserutils.php(520): p_cached_instructions('/Users/atulgrov...', false, 'rbz_forms:insol...')
  #9 /Users/atulgrover/Desktop/RAG/Dokuwiki/techset/inc/parserutils.php(299): p_render_metadata('rbz_forms:insol...', Array)
  #10 /Users/atulgrover/Desktop/RAG/Dokuwiki/techset/lib/plugins/pagelist/helper.php(807): p_get_metadata('rbz_forms:insol...', '', 2)
  #11 /Users/atulgrover/Desktop/RAG/Dokuwiki/techset/lib/plugins/pagelist/helper.php(927): helper_plugin_pagelist->getMeta('date', 'created')
  #12 /Users/atulgrover/Desktop/RAG/Dokuwiki/techset/lib/plugins/pagelist/helper.php(452): helper_plugin_pagelist->getDate()
  #13 /Users/atulgrover/Desktop/RAG/Dokuwiki/techset/lib/plugins/tagfilter/helper/syntax.php(206): helper_plugin_pagelist->addPage(Array)
  #14 /Users/atulgrover/Desktop/RAG/Dokuwiki/techset/lib/plugins/tagfilter/syntax/filter.php(431): helper_plugin_tagfilter_syntax->renderList(Array, Array, Array)
  #15 /Users/atulgrover/Desktop/RAG/Dokuwiki/techset/lib/plugins/tagfilter/syntax/filter.php(263): syntax_plugin_tagfilter_filter->htmlPagelistOutput(Array, Array)
  #16 /Users/atulgrover/Desktop/RAG/Dokuwiki/techset/lib/plugins/tagfilter/syntax/filter.php(220): syntax_plugin_tagfilter_filter->htmlOutput(Array, Array, Array, Array)
  #17 /Users/atulgrover/Desktop/RAG/Dokuwiki/techset/inc/parser/renderer.php(126): syntax_plugin_tagfilter_filter->render('xhtml', Object(Doku_Renderer_xhtml), Array)
  #18 /Users/atulgrover/Desktop/RAG/Dokuwiki/techset/inc/parserutils.php(691): Doku_Renderer->plugin('tagfilter_filte...', Array, 5, '{{tagfilter>Jud...')
  #19 /Users/atulgrover/Desktop/RAG/Dokuwiki/techset/inc/parserutils.php(158): p_render('xhtml', Array, NULL)
  #20 /Users/atulgrover/Desktop/RAG/Dokuwiki/techset/inc/parserutils.php(97): p_cached_output('/Users/atulgrov...', 'xhtml', 'rbz_forms:insol...')
  #21 /Users/atulgrover/Desktop/RAG/Dokuwiki/techset/inc/Ui/PageView.php(67): p_wiki_xhtml('rbz_forms:insol...', 0, true, '')
  #22 /Users/atulgrover/Desktop/RAG/Dokuwiki/techset/inc/Action/Show.php(40): dokuwiki\Ui\PageView->show()
  #23 /Users/atulgrover/Desktop/RAG/Dokuwiki/techset/inc/template.php(120): dokuwiki\Action\Show->tplContent()
  #24 [internal function]: tpl_content_core('show')
  #25 /Users/atulgrover/Desktop/RAG/Dokuwiki/techset/inc/Extension/Event.php(134): call_user_func_array('tpl_content_cor...', Array)
  #26 /Users/atulgrover/Desktop/RAG/Dokuwiki/techset/inc/Extension/Event.php(200): dokuwiki\Extension\Event->trigger('tpl_content_cor...', true)
  #27 /Users/atulgrover/Desktop/RAG/Dokuwiki/techset/inc/template.php(102): dokuwiki\Extension\Event::createAndTrigger('TPL_ACT_RENDER', 'show', 'tpl_content_cor...')
  #28 /Users/atulgrover/Desktop/RAG/Dokuwiki/techset/lib/tpl/notes/main.php(57): tpl_content()
  #29 /Users/atulgrover/Desktop/RAG/Dokuwiki/techset/inc/actions.php(30): include('/Users/atulgrov...')
  #30 /Users/atulgrover/Desktop/RAG/Dokuwiki/techset/doku.php(131): act_dispatch()
  #31 {main}
2026-04-02 06:19:23	/Users/atulgrover/Desktop/RAG/Dokuwiki/techset/lib/plugins/pdfjs/syntax.php(64)	E_WARNING: Undefined array key 1
  #0 /Users/atulgrover/Desktop/RAG/Dokuwiki/techset/lib/plugins/pdfjs/syntax.php(64): dokuwiki\ErrorHandler::errorHandler(2, 'Undefined array...', '/Users/atulgrov...', 64)
  #1 /Users/atulgrover/Desktop/RAG/Dokuwiki/techset/inc/parser/handler.php(298): syntax_plugin_pdfjs->handle('{{pdfjs 200em,5...', 5, 296, Object(Doku_Handler))
  #2 /Users/atulgrover/Desktop/RAG/Dokuwiki/techset/inc/Parsing/Lexer/Lexer.php(269): Doku_Handler->plugin('{{pdfjs 200em,5...', 5, 296, 'pdfjs')
  #3 /Users/atulgrover/Desktop/RAG/Dokuwiki/techset/inc/Parsing/Lexer/Lexer.php(196): dokuwiki\Parsing\Lexer\Lexer->invokeHandler('{{pdfjs 200em,5...', 5, 296)
  #4 /Users/atulgrover/Desktop/RAG/Dokuwiki/techset/inc/Parsing/Lexer/Lexer.php(146): dokuwiki\Parsing\Lexer\Lexer->dispatchTokens('', '{{pdfjs 200em,5...', '_plugin_pdfjs', 296, 296)
  #5 /Users/atulgrover/Desktop/RAG/Dokuwiki/techset/inc/Parsing/Parser.php(113): dokuwiki\Parsing\Lexer\Lexer->parse('\n\n\n\n')
  #6 /Users/atulgrover/Desktop/RAG/Dokuwiki/techset/inc/parserutils.php(234): dokuwiki\Parsing\Parser->parse('\n{{tag>judicial...')
  #7 /Users/atulgrover/Desktop/RAG/Dokuwiki/techset/inc/parserutils.php(198): p_get_instructions('{{tag>judicial_...')
  #8 /Users/atulgrover/Desktop/RAG/Dokuwiki/techset/inc/parserutils.php(520): p_cached_instructions('/Users/atulgrov...', false, 'rbz_forms:insol...')
  #9 /Users/atulgrover/Desktop/RAG/Dokuwiki/techset/inc/parserutils.php(299): p_render_metadata('rbz_forms:insol...', Array)
  #10 /Users/atulgrover/Desktop/RAG/Dokuwiki/techset/lib/plugins/pagelist/helper.php(807): p_get_metadata('rbz_forms:insol...', '', 2)
  #11 /Users/atulgrover/Desktop/RAG/Dokuwiki/techset/lib/plugins/pagelist/helper.php(927): helper_plugin_pagelist->getMeta('date', 'created')
  #12 /Users/atulgrover/Desktop/RAG/Dokuwiki/techset/lib/plugins/pagelist/helper.php(452): helper_plugin_pagelist->getDate()
  #13 /Users/atulgrover/Desktop/RAG/Dokuwiki/techset/lib/plugins/tagfilter/helper/syntax.php(206): helper_plugin_pagelist->addPage(Array)
  #14 /Users/atulgrover/Desktop/RAG/Dokuwiki/techset/lib/plugins/tagfilter/syntax/filter.php(431): helper_plugin_tagfilter_syntax->renderList(Array, Array, Array)
  #15 /Users/atulgrover/Desktop/RAG/Dokuwiki/techset/lib/plugins/tagfilter/syntax/filter.php(263): syntax_plugin_tagfilter_filter->htmlPagelistOutput(Array, Array)
  #16 /Users/atulgrover/Desktop/RAG/Dokuwiki/techset/lib/plugins/tagfilter/syntax/filter.php(220): syntax_plugin_tagfilter_filter->htmlOutput(Array, Array, Array, Array)
  #17 /Users/atulgrover/Desktop/RAG/Dokuwiki/techset/inc/parser/renderer.php(126): syntax_plugin_tagfilter_filter->render('xhtml', Object(Doku_Renderer_xhtml), Array)
  #18 /Users/atulgrover/Desktop/RAG/Dokuwiki/techset/inc/parserutils.php(691): Doku_Renderer->plugin('tagfilter_filte...', Array, 5, '{{tagfilter>Jud...')
  #19 /Users/atulgrover/Desktop/RAG/Dokuwiki/techset/inc/parserutils.php(158): p_render('xhtml', Array, NULL)
  #20 /Users/atulgrover/Desktop/RAG/Dokuwiki/techset/inc/parserutils.php(97): p_cached_output('/Users/atulgrov...', 'xhtml', 'rbz_forms:insol...')
  #21 /Users/atulgrover/Desktop/RAG/Dokuwiki/techset/inc/Ui/PageView.php(67): p_wiki_xhtml('rbz_forms:insol...', 0, true, '')
  #22 /Users/atulgrover/Desktop/RAG/Dokuwiki/techset/inc/Action/Show.php(40): dokuwiki\Ui\PageView->show()
  #23 /Users/atulgrover/Desktop/RAG/Dokuwiki/techset/inc/template.php(120): dokuwiki\Action\Show->tplContent()
  #24 [internal function]: tpl_content_core('show')
  #25 /Users/atulgrover/Desktop/RAG/Dokuwiki/techset/inc/Extension/Event.php(134): call_user_func_array('tpl_content_cor...', Array)
  #26 /Users/atulgrover/Desktop/RAG/Dokuwiki/techset/inc/Extension/Event.php(200): dokuwiki\Extension\Event->trigger('tpl_content_cor...', true)
  #27 /Users/atulgrover/Desktop/RAG/Dokuwiki/techset/inc/template.php(102): dokuwiki\Extension\Event::createAndTrigger('TPL_ACT_RENDER', 'show', 'tpl_content_cor...')
  #28 /Users/atulgrover/Desktop/RAG/Dokuwiki/techset/lib/tpl/notes/main.php(57): tpl_content()
  #29 /Users/atulgrover/Desktop/RAG/Dokuwiki/techset/inc/actions.php(30): include('/Users/atulgrov...')
  #30 /Users/atulgrover/Desktop/RAG/Dokuwiki/techset/doku.php(131): act_dispatch()
  #31 {main}
2026-04-02 06:19:23	/Users/atulgrover/Desktop/RAG/Dokuwiki/techset/lib/plugins/pdfjs/syntax.php(66)	E_WARNING: Undefined array key 1
  #0 /Users/atulgrover/Desktop/RAG/Dokuwiki/techset/lib/plugins/pdfjs/syntax.php(66): dokuwiki\ErrorHandler::errorHandler(2, 'Undefined array...', '/Users/atulgrov...', 66)
  #1 /Users/atulgrover/Desktop/RAG/Dokuwiki/techset/inc/parser/handler.php(298): syntax_plugin_pdfjs->handle('{{pdfjs 200em,5...', 5, 296, Object(Doku_Handler))
  #2 /Users/atulgrover/Desktop/RAG/Dokuwiki/techset/inc/Parsing/Lexer/Lexer.php(269): Doku_Handler->plugin('{{pdfjs 200em,5...', 5, 296, 'pdfjs')
  #3 /Users/atulgrover/Desktop/RAG/Dokuwiki/techset/inc/Parsing/Lexer/Lexer.php(196): dokuwiki\Parsing\Lexer\Lexer->invokeHandler('{{pdfjs 200em,5...', 5, 296)
  #4 /Users/atulgrover/Desktop/RAG/Dokuwiki/techset/inc/Parsing/Lexer/Lexer.php(146): dokuwiki\Parsing\Lexer\Lexer->dispatchTokens('', '{{pdfjs 200em,5...', '_plugin_pdfjs', 296, 296)
  #5 /Users/atulgrover/Desktop/RAG/Dokuwiki/techset/inc/Parsing/Parser.php(113): dokuwiki\Parsing\Lexer\Lexer->parse('\n\n\n\n')
  #6 /Users/atulgrover/Desktop/RAG/Dokuwiki/techset/inc/parserutils.php(234): dokuwiki\Parsing\Parser->parse('\n{{tag>judicial...')
  #7 /Users/atulgrover/Desktop/RAG/Dokuwiki/techset/inc/parserutils.php(198): p_get_instructions('{{tag>judicial_...')
  #8 /Users/atulgrover/Desktop/RAG/Dokuwiki/techset/inc/parserutils.php(520): p_cached_instructions('/Users/atulgrov...', false, 'rbz_forms:insol...')
  #9 /Users/atulgrover/Desktop/RAG/Dokuwiki/techset/inc/parserutils.php(299): p_render_metadata('rbz_forms:insol...', Array)
  #10 /Users/atulgrover/Desktop/RAG/Dokuwiki/techset/lib/plugins/pagelist/helper.php(807): p_get_metadata('rbz_forms:insol...', '', 2)
  #11 /Users/atulgrover/Desktop/RAG/Dokuwiki/techset/lib/plugins/pagelist/helper.php(927): helper_plugin_pagelist->getMeta('date', 'created')
  #12 /Users/atulgrover/Desktop/RAG/Dokuwiki/techset/lib/plugins/pagelist/helper.php(452): helper_plugin_pagelist->getDate()
  #13 /Users/atulgrover/Desktop/RAG/Dokuwiki/techset/lib/plugins/tagfilter/helper/syntax.php(206): helper_plugin_pagelist->addPage(Array)
  #14 /Users/atulgrover/Desktop/RAG/Dokuwiki/techset/lib/plugins/tagfilter/syntax/filter.php(431): helper_plugin_tagfilter_syntax->renderList(Array, Array, Array)
  #15 /Users/atulgrover/Desktop/RAG/Dokuwiki/techset/lib/plugins/tagfilter/syntax/filter.php(263): syntax_plugin_tagfilter_filter->htmlPagelistOutput(Array, Array)
  #16 /Users/atulgrover/Desktop/RAG/Dokuwiki/techset/lib/plugins/tagfilter/syntax/filter.php(220): syntax_plugin_tagfilter_filter->htmlOutput(Array, Array, Array, Array)
  #17 /Users/atulgrover/Desktop/RAG/Dokuwiki/techset/inc/parser/renderer.php(126): syntax_plugin_tagfilter_filter->render('xhtml', Object(Doku_Renderer_xhtml), Array)
  #18 /Users/atulgrover/Desktop/RAG/Dokuwiki/techset/inc/parserutils.php(691): Doku_Renderer->plugin('tagfilter_filte...', Array, 5, '{{tagfilter>Jud...')
  #19 /Users/atulgrover/Desktop/RAG/Dokuwiki/techset/inc/parserutils.php(158): p_render('xhtml', Array, NULL)
  #20 /Users/atulgrover/Desktop/RAG/Dokuwiki/techset/inc/parserutils.php(97): p_cached_output('/Users/atulgrov...', 'xhtml', 'rbz_forms:insol...')
  #21 /Users/atulgrover/Desktop/RAG/Dokuwiki/techset/inc/Ui/PageView.php(67): p_wiki_xhtml('rbz_forms:insol...', 0, true, '')
  #22 /Users/atulgrover/Desktop/RAG/Dokuwiki/techset/inc/Action/Show.php(40): dokuwiki\Ui\PageView->show()
  #23 /Users/atulgrover/Desktop/RAG/Dokuwiki/techset/inc/template.php(120): dokuwiki\Action\Show->tplContent()
  #24 [internal function]: tpl_content_core('show')
  #25 /Users/atulgrover/Desktop/RAG/Dokuwiki/techset/inc/Extension/Event.php(134): call_user_func_array('tpl_content_cor...', Array)
  #26 /Users/atulgrover/Desktop/RAG/Dokuwiki/techset/inc/Extension/Event.php(200): dokuwiki\Extension\Event->trigger('tpl_content_cor...', true)
  #27 /Users/atulgrover/Desktop/RAG/Dokuwiki/techset/inc/template.php(102): dokuwiki\Extension\Event::createAndTrigger('TPL_ACT_RENDER', 'show', 'tpl_content_cor...')
  #28 /Users/atulgrover/Desktop/RAG/Dokuwiki/techset/lib/tpl/notes/main.php(57): tpl_content()
  #29 /Users/atulgrover/Desktop/RAG/Dokuwiki/techset/inc/actions.php(30): include('/Users/atulgrov...')
  #30 /Users/atulgrover/Desktop/RAG/Dokuwiki/techset/doku.php(131): act_dispatch()
  #31 {main}
2026-04-02 06:19:23	/Users/atulgrover/Desktop/RAG/Dokuwiki/techset/lib/plugins/pdfjs/syntax.php(78)	E_WARNING: Undefined array key 1
  #0 /Users/atulgrover/Desktop/RAG/Dokuwiki/techset/lib/plugins/pdfjs/syntax.php(78): dokuwiki\ErrorHandler::errorHandler(2, 'Undefined array...', '/Users/atulgrov...', 78)
  #1 /Users/atulgrover/Desktop/RAG/Dokuwiki/techset/inc/parser/handler.php(298): syntax_plugin_pdfjs->handle('{{pdfjs 200em,5...', 5, 296, Object(Doku_Handler))
  #2 /Users/atulgrover/Desktop/RAG/Dokuwiki/techset/inc/Parsing/Lexer/Lexer.php(269): Doku_Handler->plugin('{{pdfjs 200em,5...', 5, 296, 'pdfjs')
  #3 /Users/atulgrover/Desktop/RAG/Dokuwiki/techset/inc/Parsing/Lexer/Lexer.php(196): dokuwiki\Parsing\Lexer\Lexer->invokeHandler('{{pdfjs 200em,5...', 5, 296)
  #4 /Users/atulgrover/Desktop/RAG/Dokuwiki/techset/inc/Parsing/Lexer/Lexer.php(146): dokuwiki\Parsing\Lexer\Lexer->dispatchTokens('', '{{pdfjs 200em,5...', '_plugin_pdfjs', 296, 296)
  #5 /Users/atulgrover/Desktop/RAG/Dokuwiki/techset/inc/Parsing/Parser.php(113): dokuwiki\Parsing\Lexer\Lexer->parse('\n\n\n\n')
  #6 /Users/atulgrover/Desktop/RAG/Dokuwiki/techset/inc/parserutils.php(234): dokuwiki\Parsing\Parser->parse('\n{{tag>judicial...')
  #7 /Users/atulgrover/Desktop/RAG/Dokuwiki/techset/inc/parserutils.php(198): p_get_instructions('{{tag>judicial_...')
  #8 /Users/atulgrover/Desktop/RAG/Dokuwiki/techset/inc/parserutils.php(520): p_cached_instructions('/Users/atulgrov...', false, 'rbz_forms:insol...')
  #9 /Users/atulgrover/Desktop/RAG/Dokuwiki/techset/inc/parserutils.php(299): p_render_metadata('rbz_forms:insol...', Array)
  #10 /Users/atulgrover/Desktop/RAG/Dokuwiki/techset/lib/plugins/pagelist/helper.php(807): p_get_metadata('rbz_forms:insol...', '', 2)
  #11 /Users/atulgrover/Desktop/RAG/Dokuwiki/techset/lib/plugins/pagelist/helper.php(927): helper_plugin_pagelist->getMeta('date', 'created')
  #12 /Users/atulgrover/Desktop/RAG/Dokuwiki/techset/lib/plugins/pagelist/helper.php(452): helper_plugin_pagelist->getDate()
  #13 /Users/atulgrover/Desktop/RAG/Dokuwiki/techset/lib/plugins/tagfilter/helper/syntax.php(206): helper_plugin_pagelist->addPage(Array)
  #14 /Users/atulgrover/Desktop/RAG/Dokuwiki/techset/lib/plugins/tagfilter/syntax/filter.php(431): helper_plugin_tagfilter_syntax->renderList(Array, Array, Array)
  #15 /Users/atulgrover/Desktop/RAG/Dokuwiki/techset/lib/plugins/tagfilter/syntax/filter.php(263): syntax_plugin_tagfilter_filter->htmlPagelistOutput(Array, Array)
  #16 /Users/atulgrover/Desktop/RAG/Dokuwiki/techset/lib/plugins/tagfilter/syntax/filter.php(220): syntax_plugin_tagfilter_filter->htmlOutput(Array, Array, Array, Array)
  #17 /Users/atulgrover/Desktop/RAG/Dokuwiki/techset/inc/parser/renderer.php(126): syntax_plugin_tagfilter_filter->render('xhtml', Object(Doku_Renderer_xhtml), Array)
  #18 /Users/atulgrover/Desktop/RAG/Dokuwiki/techset/inc/parserutils.php(691): Doku_Renderer->plugin('tagfilter_filte...', Array, 5, '{{tagfilter>Jud...')
  #19 /Users/atulgrover/Desktop/RAG/Dokuwiki/techset/inc/parserutils.php(158): p_render('xhtml', Array, NULL)
  #20 /Users/atulgrover/Desktop/RAG/Dokuwiki/techset/inc/parserutils.php(97): p_cached_output('/Users/atulgrov...', 'xhtml', 'rbz_forms:insol...')
  #21 /Users/atulgrover/Desktop/RAG/Dokuwiki/techset/inc/Ui/PageView.php(67): p_wiki_xhtml('rbz_forms:insol...', 0, true, '')
  #22 /Users/atulgrover/Desktop/RAG/Dokuwiki/techset/inc/Action/Show.php(40): dokuwiki\Ui\PageView->show()
  #23 /Users/atulgrover/Desktop/RAG/Dokuwiki/techset/inc/template.php(120): dokuwiki\Action\Show->tplContent()
  #24 [internal function]: tpl_content_core('show')
  #25 /Users/atulgrover/Desktop/RAG/Dokuwiki/techset/inc/Extension/Event.php(134): call_user_func_array('tpl_content_cor...', Array)
  #26 /Users/atulgrover/Desktop/RAG/Dokuwiki/techset/inc/Extension/Event.php(200): dokuwiki\Extension\Event->trigger('tpl_content_cor...', true)
  #27 /Users/atulgrover/Desktop/RAG/Dokuwiki/techset/inc/template.php(102): dokuwiki\Extension\Event::createAndTrigger('TPL_ACT_RENDER', 'show', 'tpl_content_cor...')
  #28 /Users/atulgrover/Desktop/RAG/Dokuwiki/techset/lib/tpl/notes/main.php(57): tpl_content()
  #29 /Users/atulgrover/Desktop/RAG/Dokuwiki/techset/inc/actions.php(30): include('/Users/atulgrov...')
  #30 /Users/atulgrover/Desktop/RAG/Dokuwiki/techset/doku.php(131): act_dispatch()
  #31 {main}
2026-04-02 06:19:23	/Users/atulgrover/Desktop/RAG/Dokuwiki/techset/lib/plugins/pdfjs/syntax.php(64)	E_WARNING: Undefined array key 1
  #0 /Users/atulgrover/Desktop/RAG/Dokuwiki/techset/lib/plugins/pdfjs/syntax.php(64): dokuwiki\ErrorHandler::errorHandler(2, 'Undefined array...', '/Users/atulgrov...', 64)
  #1 /Users/atulgrover/Desktop/RAG/Dokuwiki/techset/inc/parser/handler.php(298): syntax_plugin_pdfjs->handle('{{pdfjs 200em,5...', 5, 298, Object(Doku_Handler))
  #2 /Users/atulgrover/Desktop/RAG/Dokuwiki/techset/inc/Parsing/Lexer/Lexer.php(269): Doku_Handler->plugin('{{pdfjs 200em,5...', 5, 298, 'pdfjs')
  #3 /Users/atulgrover/Desktop/RAG/Dokuwiki/techset/inc/Parsing/Lexer/Lexer.php(196): dokuwiki\Parsing\Lexer\Lexer->invokeHandler('{{pdfjs 200em,5...', 5, 298)
  #4 /Users/atulgrover/Desktop/RAG/Dokuwiki/techset/inc/Parsing/Lexer/Lexer.php(146): dokuwiki\Parsing\Lexer\Lexer->dispatchTokens('', '{{pdfjs 200em,5...', '_plugin_pdfjs', 298, 298)
  #5 /Users/atulgrover/Desktop/RAG/Dokuwiki/techset/inc/Parsing/Parser.php(113): dokuwiki\Parsing\Lexer\Lexer->parse('\n')
  #6 /Users/atulgrover/Desktop/RAG/Dokuwiki/techset/inc/parserutils.php(234): dokuwiki\Parsing\Parser->parse('\n{{tag>judicial...')
  #7 /Users/atulgrover/Desktop/RAG/Dokuwiki/techset/inc/parserutils.php(198): p_get_instructions('{{tag>judicial_...')
  #8 /Users/atulgrover/Desktop/RAG/Dokuwiki/techset/inc/parserutils.php(520): p_cached_instructions('/Users/atulgrov...', false, 'rbz_forms:insol...')
  #9 /Users/atulgrover/Desktop/RAG/Dokuwiki/techset/inc/parserutils.php(299): p_render_metadata('rbz_forms:insol...', Array)
  #10 /Users/atulgrover/Desktop/RAG/Dokuwiki/techset/lib/plugins/pagelist/helper.php(807): p_get_metadata('rbz_forms:insol...', '', 2)
  #11 /Users/atulgrover/Desktop/RAG/Dokuwiki/techset/lib/plugins/pagelist/helper.php(927): helper_plugin_pagelist->getMeta('date', 'created')
  #12 /Users/atulgrover/Desktop/RAG/Dokuwiki/techset/lib/plugins/pagelist/helper.php(452): helper_plugin_pagelist->getDate()
  #13 /Users/atulgrover/Desktop/RAG/Dokuwiki/techset/lib/plugins/tagfilter/helper/syntax.php(206): helper_plugin_pagelist->addPage(Array)
  #14 /Users/atulgrover/Desktop/RAG/Dokuwiki/techset/lib/plugins/tagfilter/syntax/filter.php(431): helper_plugin_tagfilter_syntax->renderList(Array, Array, Array)
  #15 /Users/atulgrover/Desktop/RAG/Dokuwiki/techset/lib/plugins/tagfilter/syntax/filter.php(263): syntax_plugin_tagfilter_filter->htmlPagelistOutput(Array, Array)
  #16 /Users/atulgrover/Desktop/RAG/Dokuwiki/techset/lib/plugins/tagfilter/syntax/filter.php(220): syntax_plugin_tagfilter_filter->htmlOutput(Array, Array, Array, Array)
  #17 /Users/atulgrover/Desktop/RAG/Dokuwiki/techset/inc/parser/renderer.php(126): syntax_plugin_tagfilter_filter->render('xhtml', Object(Doku_Renderer_xhtml), Array)
  #18 /Users/atulgrover/Desktop/RAG/Dokuwiki/techset/inc/parserutils.php(691): Doku_Renderer->plugin('tagfilter_filte...', Array, 5, '{{tagfilter>Jud...')
  #19 /Users/atulgrover/Desktop/RAG/Dokuwiki/techset/inc/parserutils.php(158): p_render('xhtml', Array, NULL)
  #20 /Users/atulgrover/Desktop/RAG/Dokuwiki/techset/inc/parserutils.php(97): p_cached_output('/Users/atulgrov...', 'xhtml', 'rbz_forms:insol...')
  #21 /Users/atulgrover/Desktop/RAG/Dokuwiki/techset/inc/Ui/PageView.php(67): p_wiki_xhtml('rbz_forms:insol...', 0, true, '')
  #22 /Users/atulgrover/Desktop/RAG/Dokuwiki/techset/inc/Action/Show.php(40): dokuwiki\Ui\PageView->show()
  #23 /Users/atulgrover/Desktop/RAG/Dokuwiki/techset/inc/template.php(120): dokuwiki\Action\Show->tplContent()
  #24 [internal function]: tpl_content_core('show')
  #25 /Users/atulgrover/Desktop/RAG/Dokuwiki/techset/inc/Extension/Event.php(134): call_user_func_array('tpl_content_cor...', Array)
  #26 /Users/atulgrover/Desktop/RAG/Dokuwiki/techset/inc/Extension/Event.php(200): dokuwiki\Extension\Event->trigger('tpl_content_cor...', true)
  #27 /Users/atulgrover/Desktop/RAG/Dokuwiki/techset/inc/template.php(102): dokuwiki\Extension\Event::createAndTrigger('TPL_ACT_RENDER', 'show', 'tpl_content_cor...')
  #28 /Users/atulgrover/Desktop/RAG/Dokuwiki/techset/lib/tpl/notes/main.php(57): tpl_content()
  #29 /Users/atulgrover/Desktop/RAG/Dokuwiki/techset/inc/actions.php(30): include('/Users/atulgrov...')
  #30 /Users/atulgrover/Desktop/RAG/Dokuwiki/techset/doku.php(131): act_dispatch()
  #31 {main}
2026-04-02 06:19:23	/Users/atulgrover/Desktop/RAG/Dokuwiki/techset/lib/plugins/pdfjs/syntax.php(66)	E_WARNING: Undefined array key 1
  #0 /Users/atulgrover/Desktop/RAG/Dokuwiki/techset/lib/plugins/pdfjs/syntax.php(66): dokuwiki\ErrorHandler::errorHandler(2, 'Undefined array...', '/Users/atulgrov...', 66)
  #1 /Users/atulgrover/Desktop/RAG/Dokuwiki/techset/inc/parser/handler.php(298): syntax_plugin_pdfjs->handle('{{pdfjs 200em,5...', 5, 298, Object(Doku_Handler))
  #2 /Users/atulgrover/Desktop/RAG/Dokuwiki/techset/inc/Parsing/Lexer/Lexer.php(269): Doku_Handler->plugin('{{pdfjs 200em,5...', 5, 298, 'pdfjs')
  #3 /Users/atulgrover/Desktop/RAG/Dokuwiki/techset/inc/Parsing/Lexer/Lexer.php(196): dokuwiki\Parsing\Lexer\Lexer->invokeHandler('{{pdfjs 200em,5...', 5, 298)
  #4 /Users/atulgrover/Desktop/RAG/Dokuwiki/techset/inc/Parsing/Lexer/Lexer.php(146): dokuwiki\Parsing\Lexer\Lexer->dispatchTokens('', '{{pdfjs 200em,5...', '_plugin_pdfjs', 298, 298)
  #5 /Users/atulgrover/Desktop/RAG/Dokuwiki/techset/inc/Parsing/Parser.php(113): dokuwiki\Parsing\Lexer\Lexer->parse('\n')
  #6 /Users/atulgrover/Desktop/RAG/Dokuwiki/techset/inc/parserutils.php(234): dokuwiki\Parsing\Parser->parse('\n{{tag>judicial...')
  #7 /Users/atulgrover/Desktop/RAG/Dokuwiki/techset/inc/parserutils.php(198): p_get_instructions('{{tag>judicial_...')
  #8 /Users/atulgrover/Desktop/RAG/Dokuwiki/techset/inc/parserutils.php(520): p_cached_instructions('/Users/atulgrov...', false, 'rbz_forms:insol...')
  #9 /Users/atulgrover/Desktop/RAG/Dokuwiki/techset/inc/parserutils.php(299): p_render_metadata('rbz_forms:insol...', Array)
  #10 /Users/atulgrover/Desktop/RAG/Dokuwiki/techset/lib/plugins/pagelist/helper.php(807): p_get_metadata('rbz_forms:insol...', '', 2)
  #11 /Users/atulgrover/Desktop/RAG/Dokuwiki/techset/lib/plugins/pagelist/helper.php(927): helper_plugin_pagelist->getMeta('date', 'created')
  #12 /Users/atulgrover/Desktop/RAG/Dokuwiki/techset/lib/plugins/pagelist/helper.php(452): helper_plugin_pagelist->getDate()
  #13 /Users/atulgrover/Desktop/RAG/Dokuwiki/techset/lib/plugins/tagfilter/helper/syntax.php(206): helper_plugin_pagelist->addPage(Array)
  #14 /Users/atulgrover/Desktop/RAG/Dokuwiki/techset/lib/plugins/tagfilter/syntax/filter.php(431): helper_plugin_tagfilter_syntax->renderList(Array, Array, Array)
  #15 /Users/atulgrover/Desktop/RAG/Dokuwiki/techset/lib/plugins/tagfilter/syntax/filter.php(263): syntax_plugin_tagfilter_filter->htmlPagelistOutput(Array, Array)
  #16 /Users/atulgrover/Desktop/RAG/Dokuwiki/techset/lib/plugins/tagfilter/syntax/filter.php(220): syntax_plugin_tagfilter_filter->htmlOutput(Array, Array, Array, Array)
  #17 /Users/atulgrover/Desktop/RAG/Dokuwiki/techset/inc/parser/renderer.php(126): syntax_plugin_tagfilter_filter->render('xhtml', Object(Doku_Renderer_xhtml), Array)
  #18 /Users/atulgrover/Desktop/RAG/Dokuwiki/techset/inc/parserutils.php(691): Doku_Renderer->plugin('tagfilter_filte...', Array, 5, '{{tagfilter>Jud...')
  #19 /Users/atulgrover/Desktop/RAG/Dokuwiki/techset/inc/parserutils.php(158): p_render('xhtml', Array, NULL)
  #20 /Users/atulgrover/Desktop/RAG/Dokuwiki/techset/inc/parserutils.php(97): p_cached_output('/Users/atulgrov...', 'xhtml', 'rbz_forms:insol...')
  #21 /Users/atulgrover/Desktop/RAG/Dokuwiki/techset/inc/Ui/PageView.php(67): p_wiki_xhtml('rbz_forms:insol...', 0, true, '')
  #22 /Users/atulgrover/Desktop/RAG/Dokuwiki/techset/inc/Action/Show.php(40): dokuwiki\Ui\PageView->show()
  #23 /Users/atulgrover/Desktop/RAG/Dokuwiki/techset/inc/template.php(120): dokuwiki\Action\Show->tplContent()
  #24 [internal function]: tpl_content_core('show')
  #25 /Users/atulgrover/Desktop/RAG/Dokuwiki/techset/inc/Extension/Event.php(134): call_user_func_array('tpl_content_cor...', Array)
  #26 /Users/atulgrover/Desktop/RAG/Dokuwiki/techset/inc/Extension/Event.php(200): dokuwiki\Extension\Event->trigger('tpl_content_cor...', true)
  #27 /Users/atulgrover/Desktop/RAG/Dokuwiki/techset/inc/template.php(102): dokuwiki\Extension\Event::createAndTrigger('TPL_ACT_RENDER', 'show', 'tpl_content_cor...')
  #28 /Users/atulgrover/Desktop/RAG/Dokuwiki/techset/lib/tpl/notes/main.php(57): tpl_content()
  #29 /Users/atulgrover/Desktop/RAG/Dokuwiki/techset/inc/actions.php(30): include('/Users/atulgrov...')
  #30 /Users/atulgrover/Desktop/RAG/Dokuwiki/techset/doku.php(131): act_dispatch()
  #31 {main}
2026-04-02 06:19:23	/Users/atulgrover/Desktop/RAG/Dokuwiki/techset/lib/plugins/pdfjs/syntax.php(78)	E_WARNING: Undefined array key 1
  #0 /Users/atulgrover/Desktop/RAG/Dokuwiki/techset/lib/plugins/pdfjs/syntax.php(78): dokuwiki\ErrorHandler::errorHandler(2, 'Undefined array...', '/Users/atulgrov...', 78)
  #1 /Users/atulgrover/Desktop/RAG/Dokuwiki/techset/inc/parser/handler.php(298): syntax_plugin_pdfjs->handle('{{pdfjs 200em,5...', 5, 298, Object(Doku_Handler))
  #2 /Users/atulgrover/Desktop/RAG/Dokuwiki/techset/inc/Parsing/Lexer/Lexer.php(269): Doku_Handler->plugin('{{pdfjs 200em,5...', 5, 298, 'pdfjs')
  #3 /Users/atulgrover/Desktop/RAG/Dokuwiki/techset/inc/Parsing/Lexer/Lexer.php(196): dokuwiki\Parsing\Lexer\Lexer->invokeHandler('{{pdfjs 200em,5...', 5, 298)
  #4 /Users/atulgrover/Desktop/RAG/Dokuwiki/techset/inc/Parsing/Lexer/Lexer.php(146): dokuwiki\Parsing\Lexer\Lexer->dispatchTokens('', '{{pdfjs 200em,5...', '_plugin_pdfjs', 298, 298)
  #5 /Users/atulgrover/Desktop/RAG/Dokuwiki/techset/inc/Parsing/Parser.php(113): dokuwiki\Parsing\Lexer\Lexer->parse('\n')
  #6 /Users/atulgrover/Desktop/RAG/Dokuwiki/techset/inc/parserutils.php(234): dokuwiki\Parsing\Parser->parse('\n{{tag>judicial...')
  #7 /Users/atulgrover/Desktop/RAG/Dokuwiki/techset/inc/parserutils.php(198): p_get_instructions('{{tag>judicial_...')
  #8 /Users/atulgrover/Desktop/RAG/Dokuwiki/techset/inc/parserutils.php(520): p_cached_instructions('/Users/atulgrov...', false, 'rbz_forms:insol...')
  #9 /Users/atulgrover/Desktop/RAG/Dokuwiki/techset/inc/parserutils.php(299): p_render_metadata('rbz_forms:insol...', Array)
  #10 /Users/atulgrover/Desktop/RAG/Dokuwiki/techset/lib/plugins/pagelist/helper.php(807): p_get_metadata('rbz_forms:insol...', '', 2)
  #11 /Users/atulgrover/Desktop/RAG/Dokuwiki/techset/lib/plugins/pagelist/helper.php(927): helper_plugin_pagelist->getMeta('date', 'created')
  #12 /Users/atulgrover/Desktop/RAG/Dokuwiki/techset/lib/plugins/pagelist/helper.php(452): helper_plugin_pagelist->getDate()
  #13 /Users/atulgrover/Desktop/RAG/Dokuwiki/techset/lib/plugins/tagfilter/helper/syntax.php(206): helper_plugin_pagelist->addPage(Array)
  #14 /Users/atulgrover/Desktop/RAG/Dokuwiki/techset/lib/plugins/tagfilter/syntax/filter.php(431): helper_plugin_tagfilter_syntax->renderList(Array, Array, Array)
  #15 /Users/atulgrover/Desktop/RAG/Dokuwiki/techset/lib/plugins/tagfilter/syntax/filter.php(263): syntax_plugin_tagfilter_filter->htmlPagelistOutput(Array, Array)
  #16 /Users/atulgrover/Desktop/RAG/Dokuwiki/techset/lib/plugins/tagfilter/syntax/filter.php(220): syntax_plugin_tagfilter_filter->htmlOutput(Array, Array, Array, Array)
  #17 /Users/atulgrover/Desktop/RAG/Dokuwiki/techset/inc/parser/renderer.php(126): syntax_plugin_tagfilter_filter->render('xhtml', Object(Doku_Renderer_xhtml), Array)
  #18 /Users/atulgrover/Desktop/RAG/Dokuwiki/techset/inc/parserutils.php(691): Doku_Renderer->plugin('tagfilter_filte...', Array, 5, '{{tagfilter>Jud...')
  #19 /Users/atulgrover/Desktop/RAG/Dokuwiki/techset/inc/parserutils.php(158): p_render('xhtml', Array, NULL)
  #20 /Users/atulgrover/Desktop/RAG/Dokuwiki/techset/inc/parserutils.php(97): p_cached_output('/Users/atulgrov...', 'xhtml', 'rbz_forms:insol...')
  #21 /Users/atulgrover/Desktop/RAG/Dokuwiki/techset/inc/Ui/PageView.php(67): p_wiki_xhtml('rbz_forms:insol...', 0, true, '')
  #22 /Users/atulgrover/Desktop/RAG/Dokuwiki/techset/inc/Action/Show.php(40): dokuwiki\Ui\PageView->show()
  #23 /Users/atulgrover/Desktop/RAG/Dokuwiki/techset/inc/template.php(120): dokuwiki\Action\Show->tplContent()
  #24 [internal function]: tpl_content_core('show')
  #25 /Users/atulgrover/Desktop/RAG/Dokuwiki/techset/inc/Extension/Event.php(134): call_user_func_array('tpl_content_cor...', Array)
  #26 /Users/atulgrover/Desktop/RAG/Dokuwiki/techset/inc/Extension/Event.php(200): dokuwiki\Extension\Event->trigger('tpl_content_cor...', true)
  #27 /Users/atulgrover/Desktop/RAG/Dokuwiki/techset/inc/template.php(102): dokuwiki\Extension\Event::createAndTrigger('TPL_ACT_RENDER', 'show', 'tpl_content_cor...')
  #28 /Users/atulgrover/Desktop/RAG/Dokuwiki/techset/lib/tpl/notes/main.php(57): tpl_content()
  #29 /Users/atulgrover/Desktop/RAG/Dokuwiki/techset/inc/actions.php(30): include('/Users/atulgrov...')
  #30 /Users/atulgrover/Desktop/RAG/Dokuwiki/techset/doku.php(131): act_dispatch()
  #31 {main}
2026-04-02 06:19:55	/Users/atulgrover/Desktop/RAG/Dokuwiki/techset/lib/plugins/pdfjs/syntax.php(64)	E_WARNING: Undefined array key 1
  #0 /Users/atulgrover/Desktop/RAG/Dokuwiki/techset/lib/plugins/pdfjs/syntax.php(64): dokuwiki\ErrorHandler::errorHandler(2, 'Undefined array...', '/Users/atulgrov...', 64)
  #1 /Users/atulgrover/Desktop/RAG/Dokuwiki/techset/inc/parser/handler.php(298): syntax_plugin_pdfjs->handle('{{pdfjs 200em,5...', 5, 236, Object(Doku_Handler))
  #2 /Users/atulgrover/Desktop/RAG/Dokuwiki/techset/inc/Parsing/Lexer/Lexer.php(269): Doku_Handler->plugin('{{pdfjs 200em,5...', 5, 236, 'pdfjs')
  #3 /Users/atulgrover/Desktop/RAG/Dokuwiki/techset/inc/Parsing/Lexer/Lexer.php(196): dokuwiki\Parsing\Lexer\Lexer->invokeHandler('{{pdfjs 200em,5...', 5, 236)
  #4 /Users/atulgrover/Desktop/RAG/Dokuwiki/techset/inc/Parsing/Lexer/Lexer.php(146): dokuwiki\Parsing\Lexer\Lexer->dispatchTokens('', '{{pdfjs 200em,5...', '_plugin_pdfjs', 236, 236)
  #5 /Users/atulgrover/Desktop/RAG/Dokuwiki/techset/inc/Parsing/Parser.php(113): dokuwiki\Parsing\Lexer\Lexer->parse('\n\n')
  #6 /Users/atulgrover/Desktop/RAG/Dokuwiki/techset/inc/parserutils.php(234): dokuwiki\Parsing\Parser->parse('\n{{tag>judicial...')
  #7 /Users/atulgrover/Desktop/RAG/Dokuwiki/techset/inc/parserutils.php(198): p_get_instructions('{{tag>judicial_...')
  #8 /Users/atulgrover/Desktop/RAG/Dokuwiki/techset/inc/parserutils.php(520): p_cached_instructions('/Users/atulgrov...', false, 'rbz_forms:insol...')
  #9 /Users/atulgrover/Desktop/RAG/Dokuwiki/techset/inc/parserutils.php(299): p_render_metadata('rbz_forms:insol...', Array)
  #10 /Users/atulgrover/Desktop/RAG/Dokuwiki/techset/lib/plugins/pagelist/helper.php(807): p_get_metadata('rbz_forms:insol...', '', 2)
  #11 /Users/atulgrover/Desktop/RAG/Dokuwiki/techset/lib/plugins/pagelist/helper.php(927): helper_plugin_pagelist->getMeta('date', 'created')
  #12 /Users/atulgrover/Desktop/RAG/Dokuwiki/techset/lib/plugins/pagelist/helper.php(452): helper_plugin_pagelist->getDate()
  #13 /Users/atulgrover/Desktop/RAG/Dokuwiki/techset/lib/plugins/tagfilter/helper/syntax.php(206): helper_plugin_pagelist->addPage(Array)
  #14 /Users/atulgrover/Desktop/RAG/Dokuwiki/techset/lib/plugins/tagfilter/syntax/filter.php(431): helper_plugin_tagfilter_syntax->renderList(Array, Array, Array)
  #15 /Users/atulgrover/Desktop/RAG/Dokuwiki/techset/lib/plugins/tagfilter/syntax/filter.php(263): syntax_plugin_tagfilter_filter->htmlPagelistOutput(Array, Array)
  #16 /Users/atulgrover/Desktop/RAG/Dokuwiki/techset/lib/plugins/tagfilter/syntax/filter.php(220): syntax_plugin_tagfilter_filter->htmlOutput(Array, Array, Array, Array)
  #17 /Users/atulgrover/Desktop/RAG/Dokuwiki/techset/inc/parser/renderer.php(126): syntax_plugin_tagfilter_filter->render('xhtml', Object(Doku_Renderer_xhtml), Array)
  #18 /Users/atulgrover/Desktop/RAG/Dokuwiki/techset/inc/parserutils.php(691): Doku_Renderer->plugin('tagfilter_filte...', Array, 5, '{{tagfilter>Jud...')
  #19 /Users/atulgrover/Desktop/RAG/Dokuwiki/techset/inc/parserutils.php(158): p_render('xhtml', Array, NULL)
  #20 /Users/atulgrover/Desktop/RAG/Dokuwiki/techset/inc/parserutils.php(97): p_cached_output('/Users/atulgrov...', 'xhtml', 'rbz_forms:insol...')
  #21 /Users/atulgrover/Desktop/RAG/Dokuwiki/techset/inc/Ui/PageView.php(67): p_wiki_xhtml('rbz_forms:insol...', 0, true, '')
  #22 /Users/atulgrover/Desktop/RAG/Dokuwiki/techset/inc/Action/Show.php(40): dokuwiki\Ui\PageView->show()
  #23 /Users/atulgrover/Desktop/RAG/Dokuwiki/techset/inc/template.php(120): dokuwiki\Action\Show->tplContent()
  #24 [internal function]: tpl_content_core('show')
  #25 /Users/atulgrover/Desktop/RAG/Dokuwiki/techset/inc/Extension/Event.php(134): call_user_func_array('tpl_content_cor...', Array)
  #26 /Users/atulgrover/Desktop/RAG/Dokuwiki/techset/inc/Extension/Event.php(200): dokuwiki\Extension\Event->trigger('tpl_content_cor...', true)
  #27 /Users/atulgrover/Desktop/RAG/Dokuwiki/techset/inc/template.php(102): dokuwiki\Extension\Event::createAndTrigger('TPL_ACT_RENDER', 'show', 'tpl_content_cor...')
  #28 /Users/atulgrover/Desktop/RAG/Dokuwiki/techset/lib/tpl/notes/main.php(57): tpl_content()
  #29 /Users/atulgrover/Desktop/RAG/Dokuwiki/techset/inc/actions.php(30): include('/Users/atulgrov...')
  #30 /Users/atulgrover/Desktop/RAG/Dokuwiki/techset/doku.php(131): act_dispatch()
  #31 {main}
2026-04-02 06:19:55	/Users/atulgrover/Desktop/RAG/Dokuwiki/techset/lib/plugins/pdfjs/syntax.php(66)	E_WARNING: Undefined array key 1
  #0 /Users/atulgrover/Desktop/RAG/Dokuwiki/techset/lib/plugins/pdfjs/syntax.php(66): dokuwiki\ErrorHandler::errorHandler(2, 'Undefined array...', '/Users/atulgrov...', 66)
  #1 /Users/atulgrover/Desktop/RAG/Dokuwiki/techset/inc/parser/handler.php(298): syntax_plugin_pdfjs->handle('{{pdfjs 200em,5...', 5, 236, Object(Doku_Handler))
  #2 /Users/atulgrover/Desktop/RAG/Dokuwiki/techset/inc/Parsing/Lexer/Lexer.php(269): Doku_Handler->plugin('{{pdfjs 200em,5...', 5, 236, 'pdfjs')
  #3 /Users/atulgrover/Desktop/RAG/Dokuwiki/techset/inc/Parsing/Lexer/Lexer.php(196): dokuwiki\Parsing\Lexer\Lexer->invokeHandler('{{pdfjs 200em,5...', 5, 236)
  #4 /Users/atulgrover/Desktop/RAG/Dokuwiki/techset/inc/Parsing/Lexer/Lexer.php(146): dokuwiki\Parsing\Lexer\Lexer->dispatchTokens('', '{{pdfjs 200em,5...', '_plugin_pdfjs', 236, 236)
  #5 /Users/atulgrover/Desktop/RAG/Dokuwiki/techset/inc/Parsing/Parser.php(113): dokuwiki\Parsing\Lexer\Lexer->parse('\n\n')
  #6 /Users/atulgrover/Desktop/RAG/Dokuwiki/techset/inc/parserutils.php(234): dokuwiki\Parsing\Parser->parse('\n{{tag>judicial...')
  #7 /Users/atulgrover/Desktop/RAG/Dokuwiki/techset/inc/parserutils.php(198): p_get_instructions('{{tag>judicial_...')
  #8 /Users/atulgrover/Desktop/RAG/Dokuwiki/techset/inc/parserutils.php(520): p_cached_instructions('/Users/atulgrov...', false, 'rbz_forms:insol...')
  #9 /Users/atulgrover/Desktop/RAG/Dokuwiki/techset/inc/parserutils.php(299): p_render_metadata('rbz_forms:insol...', Array)
  #10 /Users/atulgrover/Desktop/RAG/Dokuwiki/techset/lib/plugins/pagelist/helper.php(807): p_get_metadata('rbz_forms:insol...', '', 2)
  #11 /Users/atulgrover/Desktop/RAG/Dokuwiki/techset/lib/plugins/pagelist/helper.php(927): helper_plugin_pagelist->getMeta('date', 'created')
  #12 /Users/atulgrover/Desktop/RAG/Dokuwiki/techset/lib/plugins/pagelist/helper.php(452): helper_plugin_pagelist->getDate()
  #13 /Users/atulgrover/Desktop/RAG/Dokuwiki/techset/lib/plugins/tagfilter/helper/syntax.php(206): helper_plugin_pagelist->addPage(Array)
  #14 /Users/atulgrover/Desktop/RAG/Dokuwiki/techset/lib/plugins/tagfilter/syntax/filter.php(431): helper_plugin_tagfilter_syntax->renderList(Array, Array, Array)
  #15 /Users/atulgrover/Desktop/RAG/Dokuwiki/techset/lib/plugins/tagfilter/syntax/filter.php(263): syntax_plugin_tagfilter_filter->htmlPagelistOutput(Array, Array)
  #16 /Users/atulgrover/Desktop/RAG/Dokuwiki/techset/lib/plugins/tagfilter/syntax/filter.php(220): syntax_plugin_tagfilter_filter->htmlOutput(Array, Array, Array, Array)
  #17 /Users/atulgrover/Desktop/RAG/Dokuwiki/techset/inc/parser/renderer.php(126): syntax_plugin_tagfilter_filter->render('xhtml', Object(Doku_Renderer_xhtml), Array)
  #18 /Users/atulgrover/Desktop/RAG/Dokuwiki/techset/inc/parserutils.php(691): Doku_Renderer->plugin('tagfilter_filte...', Array, 5, '{{tagfilter>Jud...')
  #19 /Users/atulgrover/Desktop/RAG/Dokuwiki/techset/inc/parserutils.php(158): p_render('xhtml', Array, NULL)
  #20 /Users/atulgrover/Desktop/RAG/Dokuwiki/techset/inc/parserutils.php(97): p_cached_output('/Users/atulgrov...', 'xhtml', 'rbz_forms:insol...')
  #21 /Users/atulgrover/Desktop/RAG/Dokuwiki/techset/inc/Ui/PageView.php(67): p_wiki_xhtml('rbz_forms:insol...', 0, true, '')
  #22 /Users/atulgrover/Desktop/RAG/Dokuwiki/techset/inc/Action/Show.php(40): dokuwiki\Ui\PageView->show()
  #23 /Users/atulgrover/Desktop/RAG/Dokuwiki/techset/inc/template.php(120): dokuwiki\Action\Show->tplContent()
  #24 [internal function]: tpl_content_core('show')
  #25 /Users/atulgrover/Desktop/RAG/Dokuwiki/techset/inc/Extension/Event.php(134): call_user_func_array('tpl_content_cor...', Array)
  #26 /Users/atulgrover/Desktop/RAG/Dokuwiki/techset/inc/Extension/Event.php(200): dokuwiki\Extension\Event->trigger('tpl_content_cor...', true)
  #27 /Users/atulgrover/Desktop/RAG/Dokuwiki/techset/inc/template.php(102): dokuwiki\Extension\Event::createAndTrigger('TPL_ACT_RENDER', 'show', 'tpl_content_cor...')
  #28 /Users/atulgrover/Desktop/RAG/Dokuwiki/techset/lib/tpl/notes/main.php(57): tpl_content()
  #29 /Users/atulgrover/Desktop/RAG/Dokuwiki/techset/inc/actions.php(30): include('/Users/atulgrov...')
  #30 /Users/atulgrover/Desktop/RAG/Dokuwiki/techset/doku.php(131): act_dispatch()
  #31 {main}
2026-04-02 06:19:55	/Users/atulgrover/Desktop/RAG/Dokuwiki/techset/lib/plugins/pdfjs/syntax.php(78)	E_WARNING: Undefined array key 1
  #0 /Users/atulgrover/Desktop/RAG/Dokuwiki/techset/lib/plugins/pdfjs/syntax.php(78): dokuwiki\ErrorHandler::errorHandler(2, 'Undefined array...', '/Users/atulgrov...', 78)
  #1 /Users/atulgrover/Desktop/RAG/Dokuwiki/techset/inc/parser/handler.php(298): syntax_plugin_pdfjs->handle('{{pdfjs 200em,5...', 5, 236, Object(Doku_Handler))
  #2 /Users/atulgrover/Desktop/RAG/Dokuwiki/techset/inc/Parsing/Lexer/Lexer.php(269): Doku_Handler->plugin('{{pdfjs 200em,5...', 5, 236, 'pdfjs')
  #3 /Users/atulgrover/Desktop/RAG/Dokuwiki/techset/inc/Parsing/Lexer/Lexer.php(196): dokuwiki\Parsing\Lexer\Lexer->invokeHandler('{{pdfjs 200em,5...', 5, 236)
  #4 /Users/atulgrover/Desktop/RAG/Dokuwiki/techset/inc/Parsing/Lexer/Lexer.php(146): dokuwiki\Parsing\Lexer\Lexer->dispatchTokens('', '{{pdfjs 200em,5...', '_plugin_pdfjs', 236, 236)
  #5 /Users/atulgrover/Desktop/RAG/Dokuwiki/techset/inc/Parsing/Parser.php(113): dokuwiki\Parsing\Lexer\Lexer->parse('\n\n')
  #6 /Users/atulgrover/Desktop/RAG/Dokuwiki/techset/inc/parserutils.php(234): dokuwiki\Parsing\Parser->parse('\n{{tag>judicial...')
  #7 /Users/atulgrover/Desktop/RAG/Dokuwiki/techset/inc/parserutils.php(198): p_get_instructions('{{tag>judicial_...')
  #8 /Users/atulgrover/Desktop/RAG/Dokuwiki/techset/inc/parserutils.php(520): p_cached_instructions('/Users/atulgrov...', false, 'rbz_forms:insol...')
  #9 /Users/atulgrover/Desktop/RAG/Dokuwiki/techset/inc/parserutils.php(299): p_render_metadata('rbz_forms:insol...', Array)
  #10 /Users/atulgrover/Desktop/RAG/Dokuwiki/techset/lib/plugins/pagelist/helper.php(807): p_get_metadata('rbz_forms:insol...', '', 2)
  #11 /Users/atulgrover/Desktop/RAG/Dokuwiki/techset/lib/plugins/pagelist/helper.php(927): helper_plugin_pagelist->getMeta('date', 'created')
  #12 /Users/atulgrover/Desktop/RAG/Dokuwiki/techset/lib/plugins/pagelist/helper.php(452): helper_plugin_pagelist->getDate()
  #13 /Users/atulgrover/Desktop/RAG/Dokuwiki/techset/lib/plugins/tagfilter/helper/syntax.php(206): helper_plugin_pagelist->addPage(Array)
  #14 /Users/atulgrover/Desktop/RAG/Dokuwiki/techset/lib/plugins/tagfilter/syntax/filter.php(431): helper_plugin_tagfilter_syntax->renderList(Array, Array, Array)
  #15 /Users/atulgrover/Desktop/RAG/Dokuwiki/techset/lib/plugins/tagfilter/syntax/filter.php(263): syntax_plugin_tagfilter_filter->htmlPagelistOutput(Array, Array)
  #16 /Users/atulgrover/Desktop/RAG/Dokuwiki/techset/lib/plugins/tagfilter/syntax/filter.php(220): syntax_plugin_tagfilter_filter->htmlOutput(Array, Array, Array, Array)
  #17 /Users/atulgrover/Desktop/RAG/Dokuwiki/techset/inc/parser/renderer.php(126): syntax_plugin_tagfilter_filter->render('xhtml', Object(Doku_Renderer_xhtml), Array)
  #18 /Users/atulgrover/Desktop/RAG/Dokuwiki/techset/inc/parserutils.php(691): Doku_Renderer->plugin('tagfilter_filte...', Array, 5, '{{tagfilter>Jud...')
  #19 /Users/atulgrover/Desktop/RAG/Dokuwiki/techset/inc/parserutils.php(158): p_render('xhtml', Array, NULL)
  #20 /Users/atulgrover/Desktop/RAG/Dokuwiki/techset/inc/parserutils.php(97): p_cached_output('/Users/atulgrov...', 'xhtml', 'rbz_forms:insol...')
  #21 /Users/atulgrover/Desktop/RAG/Dokuwiki/techset/inc/Ui/PageView.php(67): p_wiki_xhtml('rbz_forms:insol...', 0, true, '')
  #22 /Users/atulgrover/Desktop/RAG/Dokuwiki/techset/inc/Action/Show.php(40): dokuwiki\Ui\PageView->show()
  #23 /Users/atulgrover/Desktop/RAG/Dokuwiki/techset/inc/template.php(120): dokuwiki\Action\Show->tplContent()
  #24 [internal function]: tpl_content_core('show')
  #25 /Users/atulgrover/Desktop/RAG/Dokuwiki/techset/inc/Extension/Event.php(134): call_user_func_array('tpl_content_cor...', Array)
  #26 /Users/atulgrover/Desktop/RAG/Dokuwiki/techset/inc/Extension/Event.php(200): dokuwiki\Extension\Event->trigger('tpl_content_cor...', true)
  #27 /Users/atulgrover/Desktop/RAG/Dokuwiki/techset/inc/template.php(102): dokuwiki\Extension\Event::createAndTrigger('TPL_ACT_RENDER', 'show', 'tpl_content_cor...')
  #28 /Users/atulgrover/Desktop/RAG/Dokuwiki/techset/lib/tpl/notes/main.php(57): tpl_content()
  #29 /Users/atulgrover/Desktop/RAG/Dokuwiki/techset/inc/actions.php(30): include('/Users/atulgrov...')
  #30 /Users/atulgrover/Desktop/RAG/Dokuwiki/techset/doku.php(131): act_dispatch()
  #31 {main}
2026-04-02 06:20:18	/Users/atulgrover/Desktop/RAG/Dokuwiki/techset/lib/plugins/pdfjs/syntax.php(64)	E_WARNING: Undefined array key 1
  #0 /Users/atulgrover/Desktop/RAG/Dokuwiki/techset/lib/plugins/pdfjs/syntax.php(64): dokuwiki\ErrorHandler::errorHandler(2, 'Undefined array...', '/Users/atulgrov...', 64)
  #1 /Users/atulgrover/Desktop/RAG/Dokuwiki/techset/inc/parser/handler.php(298): syntax_plugin_pdfjs->handle('{{pdfjs 200em,6...', 5, 249, Object(Doku_Handler))
  #2 /Users/atulgrover/Desktop/RAG/Dokuwiki/techset/inc/Parsing/Lexer/Lexer.php(269): Doku_Handler->plugin('{{pdfjs 200em,6...', 5, 249, 'pdfjs')
  #3 /Users/atulgrover/Desktop/RAG/Dokuwiki/techset/inc/Parsing/Lexer/Lexer.php(196): dokuwiki\Parsing\Lexer\Lexer->invokeHandler('{{pdfjs 200em,6...', 5, 249)
  #4 /Users/atulgrover/Desktop/RAG/Dokuwiki/techset/inc/Parsing/Lexer/Lexer.php(146): dokuwiki\Parsing\Lexer\Lexer->dispatchTokens('', '{{pdfjs 200em,6...', '_plugin_pdfjs', 249, 249)
  #5 /Users/atulgrover/Desktop/RAG/Dokuwiki/techset/inc/Parsing/Parser.php(113): dokuwiki\Parsing\Lexer\Lexer->parse('\n\n\n')
  #6 /Users/atulgrover/Desktop/RAG/Dokuwiki/techset/inc/parserutils.php(234): dokuwiki\Parsing\Parser->parse('\n{{tag>judicial...')
  #7 /Users/atulgrover/Desktop/RAG/Dokuwiki/techset/inc/parserutils.php(198): p_get_instructions('{{tag>judicial_...')
  #8 /Users/atulgrover/Desktop/RAG/Dokuwiki/techset/inc/parserutils.php(520): p_cached_instructions('/Users/atulgrov...', false, 'rbz_forms:insol...')
  #9 /Users/atulgrover/Desktop/RAG/Dokuwiki/techset/inc/parserutils.php(299): p_render_metadata('rbz_forms:insol...', Array)
  #10 /Users/atulgrover/Desktop/RAG/Dokuwiki/techset/inc/common.php(265): p_get_metadata('rbz_forms:insol...')
  #11 /Users/atulgrover/Desktop/RAG/Dokuwiki/techset/doku.php(101): pageinfo()
  #12 {main}
2026-04-02 06:20:18	/Users/atulgrover/Desktop/RAG/Dokuwiki/techset/lib/plugins/pdfjs/syntax.php(66)	E_WARNING: Undefined array key 1
  #0 /Users/atulgrover/Desktop/RAG/Dokuwiki/techset/lib/plugins/pdfjs/syntax.php(66): dokuwiki\ErrorHandler::errorHandler(2, 'Undefined array...', '/Users/atulgrov...', 66)
  #1 /Users/atulgrover/Desktop/RAG/Dokuwiki/techset/inc/parser/handler.php(298): syntax_plugin_pdfjs->handle('{{pdfjs 200em,6...', 5, 249, Object(Doku_Handler))
  #2 /Users/atulgrover/Desktop/RAG/Dokuwiki/techset/inc/Parsing/Lexer/Lexer.php(269): Doku_Handler->plugin('{{pdfjs 200em,6...', 5, 249, 'pdfjs')
  #3 /Users/atulgrover/Desktop/RAG/Dokuwiki/techset/inc/Parsing/Lexer/Lexer.php(196): dokuwiki\Parsing\Lexer\Lexer->invokeHandler('{{pdfjs 200em,6...', 5, 249)
  #4 /Users/atulgrover/Desktop/RAG/Dokuwiki/techset/inc/Parsing/Lexer/Lexer.php(146): dokuwiki\Parsing\Lexer\Lexer->dispatchTokens('', '{{pdfjs 200em,6...', '_plugin_pdfjs', 249, 249)
  #5 /Users/atulgrover/Desktop/RAG/Dokuwiki/techset/inc/Parsing/Parser.php(113): dokuwiki\Parsing\Lexer\Lexer->parse('\n\n\n')
  #6 /Users/atulgrover/Desktop/RAG/Dokuwiki/techset/inc/parserutils.php(234): dokuwiki\Parsing\Parser->parse('\n{{tag>judicial...')
  #7 /Users/atulgrover/Desktop/RAG/Dokuwiki/techset/inc/parserutils.php(198): p_get_instructions('{{tag>judicial_...')
  #8 /Users/atulgrover/Desktop/RAG/Dokuwiki/techset/inc/parserutils.php(520): p_cached_instructions('/Users/atulgrov...', false, 'rbz_forms:insol...')
  #9 /Users/atulgrover/Desktop/RAG/Dokuwiki/techset/inc/parserutils.php(299): p_render_metadata('rbz_forms:insol...', Array)
  #10 /Users/atulgrover/Desktop/RAG/Dokuwiki/techset/inc/common.php(265): p_get_metadata('rbz_forms:insol...')
  #11 /Users/atulgrover/Desktop/RAG/Dokuwiki/techset/doku.php(101): pageinfo()
  #12 {main}
2026-04-02 06:20:18	/Users/atulgrover/Desktop/RAG/Dokuwiki/techset/lib/plugins/pdfjs/syntax.php(78)	E_WARNING: Undefined array key 1
  #0 /Users/atulgrover/Desktop/RAG/Dokuwiki/techset/lib/plugins/pdfjs/syntax.php(78): dokuwiki\ErrorHandler::errorHandler(2, 'Undefined array...', '/Users/atulgrov...', 78)
  #1 /Users/atulgrover/Desktop/RAG/Dokuwiki/techset/inc/parser/handler.php(298): syntax_plugin_pdfjs->handle('{{pdfjs 200em,6...', 5, 249, Object(Doku_Handler))
  #2 /Users/atulgrover/Desktop/RAG/Dokuwiki/techset/inc/Parsing/Lexer/Lexer.php(269): Doku_Handler->plugin('{{pdfjs 200em,6...', 5, 249, 'pdfjs')
  #3 /Users/atulgrover/Desktop/RAG/Dokuwiki/techset/inc/Parsing/Lexer/Lexer.php(196): dokuwiki\Parsing\Lexer\Lexer->invokeHandler('{{pdfjs 200em,6...', 5, 249)
  #4 /Users/atulgrover/Desktop/RAG/Dokuwiki/techset/inc/Parsing/Lexer/Lexer.php(146): dokuwiki\Parsing\Lexer\Lexer->dispatchTokens('', '{{pdfjs 200em,6...', '_plugin_pdfjs', 249, 249)
  #5 /Users/atulgrover/Desktop/RAG/Dokuwiki/techset/inc/Parsing/Parser.php(113): dokuwiki\Parsing\Lexer\Lexer->parse('\n\n\n')
  #6 /Users/atulgrover/Desktop/RAG/Dokuwiki/techset/inc/parserutils.php(234): dokuwiki\Parsing\Parser->parse('\n{{tag>judicial...')
  #7 /Users/atulgrover/Desktop/RAG/Dokuwiki/techset/inc/parserutils.php(198): p_get_instructions('{{tag>judicial_...')
  #8 /Users/atulgrover/Desktop/RAG/Dokuwiki/techset/inc/parserutils.php(520): p_cached_instructions('/Users/atulgrov...', false, 'rbz_forms:insol...')
  #9 /Users/atulgrover/Desktop/RAG/Dokuwiki/techset/inc/parserutils.php(299): p_render_metadata('rbz_forms:insol...', Array)
  #10 /Users/atulgrover/Desktop/RAG/Dokuwiki/techset/inc/common.php(265): p_get_metadata('rbz_forms:insol...')
  #11 /Users/atulgrover/Desktop/RAG/Dokuwiki/techset/doku.php(101): pageinfo()
  #12 {main}
2026-04-02 06:24:23	/Users/atulgrover/Desktop/RAG/Dokuwiki/techset/lib/plugins/smtp/helper.php(22)	E_WARNING: Undefined array key "SERVER_ADDR"
  #0 /Users/atulgrover/Desktop/RAG/Dokuwiki/techset/lib/plugins/smtp/helper.php(22): dokuwiki\ErrorHandler::errorHandler(2, 'Undefined array...', '/Users/atulgrov...', 22)
  #1 /Users/atulgrover/Desktop/RAG/Dokuwiki/techset/lib/plugins/smtp/action.php(67): helper_plugin_smtp::getEHLO('')
  #2 /Users/atulgrover/Desktop/RAG/Dokuwiki/techset/inc/Extension/EventHandler.php(80): action_plugin_smtp->handle_mail_message_send(Object(dokuwiki\Extension\Event), NULL)
  #3 /Users/atulgrover/Desktop/RAG/Dokuwiki/techset/inc/Extension/Event.php(75): dokuwiki\Extension\EventHandler->process_event(Object(dokuwiki\Extension\Event), 'BEFORE')
  #4 /Users/atulgrover/Desktop/RAG/Dokuwiki/techset/inc/Mailer.class.php(739): dokuwiki\Extension\Event->advise_before(true)
  #5 /Users/atulgrover/Desktop/RAG/Dokuwiki/techset/inc/Subscriptions/SubscriptionSender.php(84): Mailer->send()
  #6 /Users/atulgrover/Desktop/RAG/Dokuwiki/techset/inc/Subscriptions/PageSubscriptionSender.php(74): dokuwiki\Subscriptions\SubscriptionSender->send('atulgroverr@gma...', 'page changed: s...', 'start', 'mailtext', Array, Array, Array)
  #7 /Users/atulgrover/Desktop/RAG/Dokuwiki/techset/inc/common.php(1344): dokuwiki\Subscriptions\PageSubscriptionSender->sendPageDiff('atulgroverr@gma...', 'mailtext', 'start', 1775110205, '', false)
  #8 /Users/atulgrover/Desktop/RAG/Dokuwiki/techset/inc/common.php(1273): notify('start', 'admin', 1775110205, '', false, 1775111063)
  #9 /Users/atulgrover/Desktop/RAG/Dokuwiki/techset/inc/Action/Save.php(58): saveWikiText('start', '<WRAP group> \n\n...', '', false)
  #10 /Users/atulgrover/Desktop/RAG/Dokuwiki/techset/inc/ActionRouter.php(86): dokuwiki\Action\Save->preProcess()
  #11 /Users/atulgrover/Desktop/RAG/Dokuwiki/techset/inc/ActionRouter.php(49): dokuwiki\ActionRouter->setupAction('save')
  #12 /Users/atulgrover/Desktop/RAG/Dokuwiki/techset/inc/ActionRouter.php(62): dokuwiki\ActionRouter->__construct()
  #13 /Users/atulgrover/Desktop/RAG/Dokuwiki/techset/inc/actions.php(19): dokuwiki\ActionRouter::getInstance(true)
  #14 /Users/atulgrover/Desktop/RAG/Dokuwiki/techset/doku.php(131): act_dispatch()
  #15 {main}
2026-04-02 07:33:26	/Users/atulgrover/Desktop/RAG/Dokuwiki/techset/lib/plugins/markdowku/syntax/ulists.php(79)	E_WARNING: Undefined array key 2
  #0 /Users/atulgrover/Desktop/RAG/Dokuwiki/techset/lib/plugins/markdowku/syntax/ulists.php(79): dokuwiki\ErrorHandler::errorHandler(2, 'Undefined array...', '/Users/atulgrov...', 79)
  #1 /Users/atulgrover/Desktop/RAG/Dokuwiki/techset/inc/Parsing/Handler/Lists.php(80): Doku_Handler_Markdown_Unordered_List->interpretSyntax('\n    * ', 'u')
  #2 /Users/atulgrover/Desktop/RAG/Dokuwiki/techset/inc/Parsing/Handler/Lists.php(32): dokuwiki\Parsing\Handler\Lists->listOpen(Array)
  #3 /Users/atulgrover/Desktop/RAG/Dokuwiki/techset/lib/plugins/markdowku/syntax/ulists.php(55): dokuwiki\Parsing\Handler\Lists->process()
  #4 /Users/atulgrover/Desktop/RAG/Dokuwiki/techset/inc/parser/handler.php(298): syntax_plugin_markdowku_ulists->handle('\n', 4, 1333, Object(Doku_Handler))
  #5 /Users/atulgrover/Desktop/RAG/Dokuwiki/techset/inc/Parsing/Lexer/Lexer.php(269): Doku_Handler->plugin('\n', 4, 1333, 'markdowku_ulist...')
  #6 /Users/atulgrover/Desktop/RAG/Dokuwiki/techset/inc/Parsing/Lexer/Lexer.php(189): dokuwiki\Parsing\Lexer\Lexer->invokeHandler('\n', 4, 1333)
  #7 /Users/atulgrover/Desktop/RAG/Dokuwiki/techset/inc/Parsing/Lexer/Lexer.php(146): dokuwiki\Parsing\Lexer\Lexer->dispatchTokens(' such as proper...', '\n', '__exit', 1118, 1333)
  #8 /Users/atulgrover/Desktop/RAG/Dokuwiki/techset/inc/Parsing/Parser.php(113): dokuwiki\Parsing\Lexer\Lexer->parse('\n### 2. Encumbr...')
  #9 /Users/atulgrover/Desktop/RAG/Dokuwiki/techset/inc/parserutils.php(234): dokuwiki\Parsing\Parser->parse('\n## Asset Disco...')
  #10 /Users/atulgrover/Desktop/RAG/Dokuwiki/techset/inc/parserutils.php(198): p_get_instructions('## Asset Discov...')
  #11 /Users/atulgrover/Desktop/RAG/Dokuwiki/techset/inc/parserutils.php(520): p_cached_instructions('/Users/atulgrov...', false, 'z_archive:insol...')
  #12 /Users/atulgrover/Desktop/RAG/Dokuwiki/techset/inc/parserutils.php(299): p_render_metadata('z_archive:insol...', Array)
  #13 /Users/atulgrover/Desktop/RAG/Dokuwiki/techset/inc/parserutils.php(772): p_get_metadata('z_archive:insol...', 'title', 1)
  #14 /Users/atulgrover/Desktop/RAG/Dokuwiki/techset/lib/plugins/fuzzysearch/action.php(130): p_get_first_heading('z_archive:insol...')
  #15 /Users/atulgrover/Desktop/RAG/Dokuwiki/techset/lib/plugins/fuzzysearch/action.php(106): action_plugin_fuzzysearch->generatePageList()
  #16 /Users/atulgrover/Desktop/RAG/Dokuwiki/techset/lib/plugins/fuzzysearch/action.php(51): action_plugin_fuzzysearch->ensureCacheExists(true)
  #17 /Users/atulgrover/Desktop/RAG/Dokuwiki/techset/inc/Extension/EventHandler.php(80): action_plugin_fuzzysearch->update_cache_on_change(Object(dokuwiki\Extension\Event), NULL)
  #18 /Users/atulgrover/Desktop/RAG/Dokuwiki/techset/inc/Extension/Event.php(75): dokuwiki\Extension\EventHandler->process_event(Object(dokuwiki\Extension\Event), 'BEFORE')
  #19 /Users/atulgrover/Desktop/RAG/Dokuwiki/techset/inc/Extension/Event.php(133): dokuwiki\Extension\Event->advise_before(false)
  #20 /Users/atulgrover/Desktop/RAG/Dokuwiki/techset/inc/Extension/Event.php(200): dokuwiki\Extension\Event->trigger(NULL, false)
  #21 /Users/atulgrover/Desktop/RAG/Dokuwiki/techset/inc/indexer.php(43): dokuwiki\Extension\Event::createAndTrigger('INDEXER_VERSION...', Array, NULL, false)
  #22 /Users/atulgrover/Desktop/RAG/Dokuwiki/techset/inc/indexer.php(145): idx_get_version()
  #23 /Users/atulgrover/Desktop/RAG/Dokuwiki/techset/inc/TaskRunner.php(206): idx_addPage('start', true)
  #24 /Users/atulgrover/Desktop/RAG/Dokuwiki/techset/inc/TaskRunner.php(52): dokuwiki\TaskRunner->runIndexer()
  #25 /Users/atulgrover/Desktop/RAG/Dokuwiki/techset/lib/exe/taskrunner.php(20): dokuwiki\TaskRunner->run()
  #26 {main}
2026-04-02 07:33:26	/Users/atulgrover/Desktop/RAG/Dokuwiki/techset/lib/plugins/markdowku/syntax/ulists.php(79)	E_WARNING: Undefined array key 2
  #0 /Users/atulgrover/Desktop/RAG/Dokuwiki/techset/lib/plugins/markdowku/syntax/ulists.php(79): dokuwiki\ErrorHandler::errorHandler(2, 'Undefined array...', '/Users/atulgrov...', 79)
  #1 /Users/atulgrover/Desktop/RAG/Dokuwiki/techset/inc/Parsing/Handler/Lists.php(80): Doku_Handler_Markdown_Unordered_List->interpretSyntax('\n    * ', 'u')
  #2 /Users/atulgrover/Desktop/RAG/Dokuwiki/techset/inc/Parsing/Handler/Lists.php(32): dokuwiki\Parsing\Handler\Lists->listOpen(Array)
  #3 /Users/atulgrover/Desktop/RAG/Dokuwiki/techset/lib/plugins/markdowku/syntax/ulists.php(55): dokuwiki\Parsing\Handler\Lists->process()
  #4 /Users/atulgrover/Desktop/RAG/Dokuwiki/techset/inc/parser/handler.php(298): syntax_plugin_markdowku_ulists->handle('\n', 4, 3665, Object(Doku_Handler))
  #5 /Users/atulgrover/Desktop/RAG/Dokuwiki/techset/inc/Parsing/Lexer/Lexer.php(269): Doku_Handler->plugin('\n', 4, 3665, 'markdowku_ulist...')
  #6 /Users/atulgrover/Desktop/RAG/Dokuwiki/techset/inc/Parsing/Lexer/Lexer.php(189): dokuwiki\Parsing\Lexer\Lexer->invokeHandler('\n', 4, 3665)
  #7 /Users/atulgrover/Desktop/RAG/Dokuwiki/techset/inc/Parsing/Lexer/Lexer.php(146): dokuwiki\Parsing\Lexer\Lexer->dispatchTokens(' and a reason t...', '\n', '__exit', 3616, 3665)
  #8 /Users/atulgrover/Desktop/RAG/Dokuwiki/techset/inc/Parsing/Parser.php(113): dokuwiki\Parsing\Lexer\Lexer->parse('\nBy implementin...')
  #9 /Users/atulgrover/Desktop/RAG/Dokuwiki/techset/inc/parserutils.php(234): dokuwiki\Parsing\Parser->parse('\n## Asset Disco...')
  #10 /Users/atulgrover/Desktop/RAG/Dokuwiki/techset/inc/parserutils.php(198): p_get_instructions('## Asset Discov...')
  #11 /Users/atulgrover/Desktop/RAG/Dokuwiki/techset/inc/parserutils.php(520): p_cached_instructions('/Users/atulgrov...', false, 'z_archive:insol...')
  #12 /Users/atulgrover/Desktop/RAG/Dokuwiki/techset/inc/parserutils.php(299): p_render_metadata('z_archive:insol...', Array)
  #13 /Users/atulgrover/Desktop/RAG/Dokuwiki/techset/inc/parserutils.php(772): p_get_metadata('z_archive:insol...', 'title', 1)
  #14 /Users/atulgrover/Desktop/RAG/Dokuwiki/techset/lib/plugins/fuzzysearch/action.php(130): p_get_first_heading('z_archive:insol...')
  #15 /Users/atulgrover/Desktop/RAG/Dokuwiki/techset/lib/plugins/fuzzysearch/action.php(106): action_plugin_fuzzysearch->generatePageList()
  #16 /Users/atulgrover/Desktop/RAG/Dokuwiki/techset/lib/plugins/fuzzysearch/action.php(51): action_plugin_fuzzysearch->ensureCacheExists(true)
  #17 /Users/atulgrover/Desktop/RAG/Dokuwiki/techset/inc/Extension/EventHandler.php(80): action_plugin_fuzzysearch->update_cache_on_change(Object(dokuwiki\Extension\Event), NULL)
  #18 /Users/atulgrover/Desktop/RAG/Dokuwiki/techset/inc/Extension/Event.php(75): dokuwiki\Extension\EventHandler->process_event(Object(dokuwiki\Extension\Event), 'BEFORE')
  #19 /Users/atulgrover/Desktop/RAG/Dokuwiki/techset/inc/Extension/Event.php(133): dokuwiki\Extension\Event->advise_before(false)
  #20 /Users/atulgrover/Desktop/RAG/Dokuwiki/techset/inc/Extension/Event.php(200): dokuwiki\Extension\Event->trigger(NULL, false)
  #21 /Users/atulgrover/Desktop/RAG/Dokuwiki/techset/inc/indexer.php(43): dokuwiki\Extension\Event::createAndTrigger('INDEXER_VERSION...', Array, NULL, false)
  #22 /Users/atulgrover/Desktop/RAG/Dokuwiki/techset/inc/indexer.php(145): idx_get_version()
  #23 /Users/atulgrover/Desktop/RAG/Dokuwiki/techset/inc/TaskRunner.php(206): idx_addPage('start', true)
  #24 /Users/atulgrover/Desktop/RAG/Dokuwiki/techset/inc/TaskRunner.php(52): dokuwiki\TaskRunner->runIndexer()
  #25 /Users/atulgrover/Desktop/RAG/Dokuwiki/techset/lib/exe/taskrunner.php(20): dokuwiki\TaskRunner->run()
  #26 {main}
2026-04-02 07:33:35	/Users/atulgrover/Desktop/RAG/Dokuwiki/techset/lib/plugins/markdowku/syntax/ulists.php(79)	E_WARNING: Undefined array key 2
  #0 /Users/atulgrover/Desktop/RAG/Dokuwiki/techset/lib/plugins/markdowku/syntax/ulists.php(79): dokuwiki\ErrorHandler::errorHandler(2, 'Undefined array...', '/Users/atulgrov...', 79)
  #1 /Users/atulgrover/Desktop/RAG/Dokuwiki/techset/inc/Parsing/Handler/Lists.php(80): Doku_Handler_Markdown_Unordered_List->interpretSyntax('\n    * ', 'u')
  #2 /Users/atulgrover/Desktop/RAG/Dokuwiki/techset/inc/Parsing/Handler/Lists.php(32): dokuwiki\Parsing\Handler\Lists->listOpen(Array)
  #3 /Users/atulgrover/Desktop/RAG/Dokuwiki/techset/lib/plugins/markdowku/syntax/ulists.php(55): dokuwiki\Parsing\Handler\Lists->process()
  #4 /Users/atulgrover/Desktop/RAG/Dokuwiki/techset/inc/parser/handler.php(298): syntax_plugin_markdowku_ulists->handle('\n', 4, 1957, Object(Doku_Handler))
  #5 /Users/atulgrover/Desktop/RAG/Dokuwiki/techset/inc/Parsing/Lexer/Lexer.php(269): Doku_Handler->plugin('\n', 4, 1957, 'markdowku_ulist...')
  #6 /Users/atulgrover/Desktop/RAG/Dokuwiki/techset/inc/Parsing/Lexer/Lexer.php(189): dokuwiki\Parsing\Lexer\Lexer->invokeHandler('\n', 4, 1957)
  #7 /Users/atulgrover/Desktop/RAG/Dokuwiki/techset/inc/Parsing/Lexer/Lexer.php(146): dokuwiki\Parsing\Lexer\Lexer->dispatchTokens('T \xE2\x80\x94 Topic Whi...', '\n', '__exit', 1857, 1957)
  #8 /Users/atulgrover/Desktop/RAG/Dokuwiki/techset/inc/Parsing/Parser.php(113): dokuwiki\Parsing\Lexer\Lexer->parse('\n---\n\n### 48) S...')
  #9 /Users/atulgrover/Desktop/RAG/Dokuwiki/techset/inc/parserutils.php(234): dokuwiki\Parsing\Parser->parse('\n~~NOTOC~~\n\n###...')
  #10 /Users/atulgrover/Desktop/RAG/Dokuwiki/techset/inc/parserutils.php(198): p_get_instructions('~~NOTOC~~\n\n### ...')
  #11 /Users/atulgrover/Desktop/RAG/Dokuwiki/techset/inc/parserutils.php(520): p_cached_instructions('/Users/atulgrov...', false, 'rbz_prompts:3_s...')
  #12 /Users/atulgrover/Desktop/RAG/Dokuwiki/techset/inc/parserutils.php(299): p_render_metadata('rbz_prompts:3_s...', Array)
  #13 /Users/atulgrover/Desktop/RAG/Dokuwiki/techset/inc/parserutils.php(772): p_get_metadata('rbz_prompts:3_s...', 'title', 1)
  #14 /Users/atulgrover/Desktop/RAG/Dokuwiki/techset/lib/plugins/fuzzysearch/action.php(130): p_get_first_heading('rbz_prompts:3_s...')
  #15 /Users/atulgrover/Desktop/RAG/Dokuwiki/techset/lib/plugins/fuzzysearch/action.php(106): action_plugin_fuzzysearch->generatePageList()
  #16 /Users/atulgrover/Desktop/RAG/Dokuwiki/techset/lib/plugins/fuzzysearch/action.php(51): action_plugin_fuzzysearch->ensureCacheExists(true)
  #17 /Users/atulgrover/Desktop/RAG/Dokuwiki/techset/inc/Extension/EventHandler.php(80): action_plugin_fuzzysearch->update_cache_on_change(Object(dokuwiki\Extension\Event), NULL)
  #18 /Users/atulgrover/Desktop/RAG/Dokuwiki/techset/inc/Extension/Event.php(75): dokuwiki\Extension\EventHandler->process_event(Object(dokuwiki\Extension\Event), 'BEFORE')
  #19 /Users/atulgrover/Desktop/RAG/Dokuwiki/techset/inc/Extension/Event.php(133): dokuwiki\Extension\Event->advise_before(false)
  #20 /Users/atulgrover/Desktop/RAG/Dokuwiki/techset/inc/Extension/Event.php(200): dokuwiki\Extension\Event->trigger(NULL, false)
  #21 /Users/atulgrover/Desktop/RAG/Dokuwiki/techset/inc/indexer.php(43): dokuwiki\Extension\Event::createAndTrigger('INDEXER_VERSION...', Array, NULL, false)
  #22 /Users/atulgrover/Desktop/RAG/Dokuwiki/techset/inc/indexer.php(145): idx_get_version()
  #23 /Users/atulgrover/Desktop/RAG/Dokuwiki/techset/inc/TaskRunner.php(206): idx_addPage('start', true)
  #24 /Users/atulgrover/Desktop/RAG/Dokuwiki/techset/inc/TaskRunner.php(52): dokuwiki\TaskRunner->runIndexer()
  #25 /Users/atulgrover/Desktop/RAG/Dokuwiki/techset/lib/exe/taskrunner.php(20): dokuwiki\TaskRunner->run()
  #26 {main}
2026-04-02 07:33:35	/Users/atulgrover/Desktop/RAG/Dokuwiki/techset/lib/plugins/markdowku/syntax/ulists.php(79)	E_WARNING: Undefined array key 2
  #0 /Users/atulgrover/Desktop/RAG/Dokuwiki/techset/lib/plugins/markdowku/syntax/ulists.php(79): dokuwiki\ErrorHandler::errorHandler(2, 'Undefined array...', '/Users/atulgrov...', 79)
  #1 /Users/atulgrover/Desktop/RAG/Dokuwiki/techset/inc/Parsing/Handler/Lists.php(80): Doku_Handler_Markdown_Unordered_List->interpretSyntax('\n    * ', 'u')
  #2 /Users/atulgrover/Desktop/RAG/Dokuwiki/techset/inc/Parsing/Handler/Lists.php(32): dokuwiki\Parsing\Handler\Lists->listOpen(Array)
  #3 /Users/atulgrover/Desktop/RAG/Dokuwiki/techset/lib/plugins/markdowku/syntax/ulists.php(55): dokuwiki\Parsing\Handler\Lists->process()
  #4 /Users/atulgrover/Desktop/RAG/Dokuwiki/techset/inc/parser/handler.php(298): syntax_plugin_markdowku_ulists->handle('\n', 4, 1066, Object(Doku_Handler))
  #5 /Users/atulgrover/Desktop/RAG/Dokuwiki/techset/inc/Parsing/Lexer/Lexer.php(269): Doku_Handler->plugin('\n', 4, 1066, 'markdowku_ulist...')
  #6 /Users/atulgrover/Desktop/RAG/Dokuwiki/techset/inc/Parsing/Lexer/Lexer.php(189): dokuwiki\Parsing\Lexer\Lexer->invokeHandler('\n', 4, 1066)
  #7 /Users/atulgrover/Desktop/RAG/Dokuwiki/techset/inc/Parsing/Lexer/Lexer.php(146): dokuwiki\Parsing\Lexer\Lexer->dispatchTokens('', '\n', '__exit', 1066, 1066)
  #8 /Users/atulgrover/Desktop/RAG/Dokuwiki/techset/inc/Parsing/Parser.php(113): dokuwiki\Parsing\Lexer\Lexer->parse('\n### 52) Legal ...')
  #9 /Users/atulgrover/Desktop/RAG/Dokuwiki/techset/inc/parserutils.php(234): dokuwiki\Parsing\Parser->parse('\n~~NOTOC~~\n\n###...')
  #10 /Users/atulgrover/Desktop/RAG/Dokuwiki/techset/inc/parserutils.php(198): p_get_instructions('~~NOTOC~~\n\n### ...')
  #11 /Users/atulgrover/Desktop/RAG/Dokuwiki/techset/inc/parserutils.php(520): p_cached_instructions('/Users/atulgrov...', false, 'rbz_prompts:3_s...')
  #12 /Users/atulgrover/Desktop/RAG/Dokuwiki/techset/inc/parserutils.php(299): p_render_metadata('rbz_prompts:3_s...', Array)
  #13 /Users/atulgrover/Desktop/RAG/Dokuwiki/techset/inc/parserutils.php(772): p_get_metadata('rbz_prompts:3_s...', 'title', 1)
  #14 /Users/atulgrover/Desktop/RAG/Dokuwiki/techset/lib/plugins/fuzzysearch/action.php(130): p_get_first_heading('rbz_prompts:3_s...')
  #15 /Users/atulgrover/Desktop/RAG/Dokuwiki/techset/lib/plugins/fuzzysearch/action.php(106): action_plugin_fuzzysearch->generatePageList()
  #16 /Users/atulgrover/Desktop/RAG/Dokuwiki/techset/lib/plugins/fuzzysearch/action.php(51): action_plugin_fuzzysearch->ensureCacheExists(true)
  #17 /Users/atulgrover/Desktop/RAG/Dokuwiki/techset/inc/Extension/EventHandler.php(80): action_plugin_fuzzysearch->update_cache_on_change(Object(dokuwiki\Extension\Event), NULL)
  #18 /Users/atulgrover/Desktop/RAG/Dokuwiki/techset/inc/Extension/Event.php(75): dokuwiki\Extension\EventHandler->process_event(Object(dokuwiki\Extension\Event), 'BEFORE')
  #19 /Users/atulgrover/Desktop/RAG/Dokuwiki/techset/inc/Extension/Event.php(133): dokuwiki\Extension\Event->advise_before(false)
  #20 /Users/atulgrover/Desktop/RAG/Dokuwiki/techset/inc/Extension/Event.php(200): dokuwiki\Extension\Event->trigger(NULL, false)
  #21 /Users/atulgrover/Desktop/RAG/Dokuwiki/techset/inc/indexer.php(43): dokuwiki\Extension\Event::createAndTrigger('INDEXER_VERSION...', Array, NULL, false)
  #22 /Users/atulgrover/Desktop/RAG/Dokuwiki/techset/inc/indexer.php(145): idx_get_version()
  #23 /Users/atulgrover/Desktop/RAG/Dokuwiki/techset/inc/TaskRunner.php(206): idx_addPage('start', true)
  #24 /Users/atulgrover/Desktop/RAG/Dokuwiki/techset/inc/TaskRunner.php(52): dokuwiki\TaskRunner->runIndexer()
  #25 /Users/atulgrover/Desktop/RAG/Dokuwiki/techset/lib/exe/taskrunner.php(20): dokuwiki\TaskRunner->run()
  #26 {main}
2026-04-02 07:40:09	/Users/atulgrover/Desktop/RAG/Dokuwiki/techset/lib/plugins/markdowku/syntax/ulists.php(79)	E_WARNING: Undefined array key 2
  #0 /Users/atulgrover/Desktop/RAG/Dokuwiki/techset/lib/plugins/markdowku/syntax/ulists.php(79): dokuwiki\ErrorHandler::errorHandler(2, 'Undefined array...', '/Users/atulgrov...', 79)
  #1 /Users/atulgrover/Desktop/RAG/Dokuwiki/techset/inc/Parsing/Handler/Lists.php(80): Doku_Handler_Markdown_Unordered_List->interpretSyntax('\n    * ', 'u')
  #2 /Users/atulgrover/Desktop/RAG/Dokuwiki/techset/inc/Parsing/Handler/Lists.php(32): dokuwiki\Parsing\Handler\Lists->listOpen(Array)
  #3 /Users/atulgrover/Desktop/RAG/Dokuwiki/techset/lib/plugins/markdowku/syntax/ulists.php(55): dokuwiki\Parsing\Handler\Lists->process()
  #4 /Users/atulgrover/Desktop/RAG/Dokuwiki/techset/inc/parser/handler.php(298): syntax_plugin_markdowku_ulists->handle('\n', 4, 2356, Object(Doku_Handler))
  #5 /Users/atulgrover/Desktop/RAG/Dokuwiki/techset/inc/Parsing/Lexer/Lexer.php(269): Doku_Handler->plugin('\n', 4, 2356, 'markdowku_ulist...')
  #6 /Users/atulgrover/Desktop/RAG/Dokuwiki/techset/inc/Parsing/Lexer/Lexer.php(189): dokuwiki\Parsing\Lexer\Lexer->invokeHandler('\n', 4, 2356)
  #7 /Users/atulgrover/Desktop/RAG/Dokuwiki/techset/inc/Parsing/Lexer/Lexer.php(146): dokuwiki\Parsing\Lexer\Lexer->dispatchTokens('T \xE2\x80\x94 Topic Whi...', '\n', '__exit', 2268, 2356)
  #8 /Users/atulgrover/Desktop/RAG/Dokuwiki/techset/inc/Parsing/Parser.php(113): dokuwiki\Parsing\Lexer\Lexer->parse('\n---\n\n### 34) N...')
  #9 /Users/atulgrover/Desktop/RAG/Dokuwiki/techset/inc/parserutils.php(234): dokuwiki\Parsing\Parser->parse('\n~~NOTOC~~\n\n## ...')
  #10 /Users/atulgrover/Desktop/RAG/Dokuwiki/techset/inc/parserutils.php(198): p_get_instructions('~~NOTOC~~\n\n## C...')
  #11 /Users/atulgrover/Desktop/RAG/Dokuwiki/techset/inc/parserutils.php(520): p_cached_instructions('/Users/atulgrov...', false, 'rbz_prompts:3_s...')
  #12 /Users/atulgrover/Desktop/RAG/Dokuwiki/techset/inc/parserutils.php(299): p_render_metadata('rbz_prompts:3_s...', Array)
  #13 /Users/atulgrover/Desktop/RAG/Dokuwiki/techset/inc/parserutils.php(772): p_get_metadata('rbz_prompts:3_s...', 'title', 1)
  #14 /Users/atulgrover/Desktop/RAG/Dokuwiki/techset/lib/plugins/fuzzysearch/action.php(130): p_get_first_heading('rbz_prompts:3_s...')
  #15 /Users/atulgrover/Desktop/RAG/Dokuwiki/techset/lib/plugins/fuzzysearch/action.php(106): action_plugin_fuzzysearch->generatePageList()
  #16 /Users/atulgrover/Desktop/RAG/Dokuwiki/techset/lib/plugins/fuzzysearch/action.php(51): action_plugin_fuzzysearch->ensureCacheExists(true)
  #17 /Users/atulgrover/Desktop/RAG/Dokuwiki/techset/inc/Extension/EventHandler.php(80): action_plugin_fuzzysearch->update_cache_on_change(Object(dokuwiki\Extension\Event), NULL)
  #18 /Users/atulgrover/Desktop/RAG/Dokuwiki/techset/inc/Extension/Event.php(75): dokuwiki\Extension\EventHandler->process_event(Object(dokuwiki\Extension\Event), 'BEFORE')
  #19 /Users/atulgrover/Desktop/RAG/Dokuwiki/techset/inc/Extension/Event.php(133): dokuwiki\Extension\Event->advise_before(false)
  #20 /Users/atulgrover/Desktop/RAG/Dokuwiki/techset/inc/Extension/Event.php(200): dokuwiki\Extension\Event->trigger(NULL, false)
  #21 /Users/atulgrover/Desktop/RAG/Dokuwiki/techset/inc/indexer.php(43): dokuwiki\Extension\Event::createAndTrigger('INDEXER_VERSION...', Array, NULL, false)
  #22 /Users/atulgrover/Desktop/RAG/Dokuwiki/techset/inc/indexer.php(145): idx_get_version()
  #23 /Users/atulgrover/Desktop/RAG/Dokuwiki/techset/inc/TaskRunner.php(206): idx_addPage('start', true)
  #24 /Users/atulgrover/Desktop/RAG/Dokuwiki/techset/inc/TaskRunner.php(52): dokuwiki\TaskRunner->runIndexer()
  #25 /Users/atulgrover/Desktop/RAG/Dokuwiki/techset/lib/exe/taskrunner.php(20): dokuwiki\TaskRunner->run()
  #26 {main}
2026-04-02 07:40:09	/Users/atulgrover/Desktop/RAG/Dokuwiki/techset/lib/plugins/markdowku/syntax/ulists.php(79)	E_WARNING: Undefined array key 2
  #0 /Users/atulgrover/Desktop/RAG/Dokuwiki/techset/lib/plugins/markdowku/syntax/ulists.php(79): dokuwiki\ErrorHandler::errorHandler(2, 'Undefined array...', '/Users/atulgrov...', 79)
  #1 /Users/atulgrover/Desktop/RAG/Dokuwiki/techset/inc/Parsing/Handler/Lists.php(80): Doku_Handler_Markdown_Unordered_List->interpretSyntax('\n    * ', 'u')
  #2 /Users/atulgrover/Desktop/RAG/Dokuwiki/techset/inc/Parsing/Handler/Lists.php(32): dokuwiki\Parsing\Handler\Lists->listOpen(Array)
  #3 /Users/atulgrover/Desktop/RAG/Dokuwiki/techset/lib/plugins/markdowku/syntax/ulists.php(55): dokuwiki\Parsing\Handler\Lists->process()
  #4 /Users/atulgrover/Desktop/RAG/Dokuwiki/techset/inc/parser/handler.php(298): syntax_plugin_markdowku_ulists->handle('\n', 4, 1104, Object(Doku_Handler))
  #5 /Users/atulgrover/Desktop/RAG/Dokuwiki/techset/inc/Parsing/Lexer/Lexer.php(269): Doku_Handler->plugin('\n', 4, 1104, 'markdowku_ulist...')
  #6 /Users/atulgrover/Desktop/RAG/Dokuwiki/techset/inc/Parsing/Lexer/Lexer.php(189): dokuwiki\Parsing\Lexer\Lexer->invokeHandler('\n', 4, 1104)
  #7 /Users/atulgrover/Desktop/RAG/Dokuwiki/techset/inc/Parsing/Lexer/Lexer.php(146): dokuwiki\Parsing\Lexer\Lexer->dispatchTokens('T \xE2\x80\x94 Topic Whi...', '\n', '__exit', 1005, 1104)
  #8 /Users/atulgrover/Desktop/RAG/Dokuwiki/techset/inc/Parsing/Parser.php(113): dokuwiki\Parsing\Lexer\Lexer->parse('\n---\n\n### 36) I...')
  #9 /Users/atulgrover/Desktop/RAG/Dokuwiki/techset/inc/parserutils.php(234): dokuwiki\Parsing\Parser->parse('\n~~NOTOC~~\n\n## ...')
  #10 /Users/atulgrover/Desktop/RAG/Dokuwiki/techset/inc/parserutils.php(198): p_get_instructions('~~NOTOC~~\n\n## S...')
  #11 /Users/atulgrover/Desktop/RAG/Dokuwiki/techset/inc/parserutils.php(520): p_cached_instructions('/Users/atulgrov...', false, 'rbz_prompts:3_s...')
  #12 /Users/atulgrover/Desktop/RAG/Dokuwiki/techset/inc/parserutils.php(299): p_render_metadata('rbz_prompts:3_s...', Array)
  #13 /Users/atulgrover/Desktop/RAG/Dokuwiki/techset/inc/parserutils.php(772): p_get_metadata('rbz_prompts:3_s...', 'title', 1)
  #14 /Users/atulgrover/Desktop/RAG/Dokuwiki/techset/lib/plugins/fuzzysearch/action.php(130): p_get_first_heading('rbz_prompts:3_s...')
  #15 /Users/atulgrover/Desktop/RAG/Dokuwiki/techset/lib/plugins/fuzzysearch/action.php(106): action_plugin_fuzzysearch->generatePageList()
  #16 /Users/atulgrover/Desktop/RAG/Dokuwiki/techset/lib/plugins/fuzzysearch/action.php(51): action_plugin_fuzzysearch->ensureCacheExists(true)
  #17 /Users/atulgrover/Desktop/RAG/Dokuwiki/techset/inc/Extension/EventHandler.php(80): action_plugin_fuzzysearch->update_cache_on_change(Object(dokuwiki\Extension\Event), NULL)
  #18 /Users/atulgrover/Desktop/RAG/Dokuwiki/techset/inc/Extension/Event.php(75): dokuwiki\Extension\EventHandler->process_event(Object(dokuwiki\Extension\Event), 'BEFORE')
  #19 /Users/atulgrover/Desktop/RAG/Dokuwiki/techset/inc/Extension/Event.php(133): dokuwiki\Extension\Event->advise_before(false)
  #20 /Users/atulgrover/Desktop/RAG/Dokuwiki/techset/inc/Extension/Event.php(200): dokuwiki\Extension\Event->trigger(NULL, false)
  #21 /Users/atulgrover/Desktop/RAG/Dokuwiki/techset/inc/indexer.php(43): dokuwiki\Extension\Event::createAndTrigger('INDEXER_VERSION...', Array, NULL, false)
  #22 /Users/atulgrover/Desktop/RAG/Dokuwiki/techset/inc/indexer.php(145): idx_get_version()
  #23 /Users/atulgrover/Desktop/RAG/Dokuwiki/techset/inc/TaskRunner.php(206): idx_addPage('start', true)
  #24 /Users/atulgrover/Desktop/RAG/Dokuwiki/techset/inc/TaskRunner.php(52): dokuwiki\TaskRunner->runIndexer()
  #25 /Users/atulgrover/Desktop/RAG/Dokuwiki/techset/lib/exe/taskrunner.php(20): dokuwiki\TaskRunner->run()
  #26 {main}
2026-04-02 07:40:09	/Users/atulgrover/Desktop/RAG/Dokuwiki/techset/lib/plugins/markdowku/syntax/ulists.php(79)	E_WARNING: Undefined array key 2
  #0 /Users/atulgrover/Desktop/RAG/Dokuwiki/techset/lib/plugins/markdowku/syntax/ulists.php(79): dokuwiki\ErrorHandler::errorHandler(2, 'Undefined array...', '/Users/atulgrov...', 79)
  #1 /Users/atulgrover/Desktop/RAG/Dokuwiki/techset/inc/Parsing/Handler/Lists.php(80): Doku_Handler_Markdown_Unordered_List->interpretSyntax('\n    * ', 'u')
  #2 /Users/atulgrover/Desktop/RAG/Dokuwiki/techset/inc/Parsing/Handler/Lists.php(32): dokuwiki\Parsing\Handler\Lists->listOpen(Array)
  #3 /Users/atulgrover/Desktop/RAG/Dokuwiki/techset/lib/plugins/markdowku/syntax/ulists.php(55): dokuwiki\Parsing\Handler\Lists->process()
  #4 /Users/atulgrover/Desktop/RAG/Dokuwiki/techset/inc/parser/handler.php(298): syntax_plugin_markdowku_ulists->handle('\n', 4, 2230, Object(Doku_Handler))
  #5 /Users/atulgrover/Desktop/RAG/Dokuwiki/techset/inc/Parsing/Lexer/Lexer.php(269): Doku_Handler->plugin('\n', 4, 2230, 'markdowku_ulist...')
  #6 /Users/atulgrover/Desktop/RAG/Dokuwiki/techset/inc/Parsing/Lexer/Lexer.php(189): dokuwiki\Parsing\Lexer\Lexer->invokeHandler('\n', 4, 2230)
  #7 /Users/atulgrover/Desktop/RAG/Dokuwiki/techset/inc/Parsing/Lexer/Lexer.php(146): dokuwiki\Parsing\Lexer\Lexer->dispatchTokens('T \xE2\x80\x94 Topic Whi...', '\n', '__exit', 2109, 2230)
  #8 /Users/atulgrover/Desktop/RAG/Dokuwiki/techset/inc/Parsing/Parser.php(113): dokuwiki\Parsing\Lexer\Lexer->parse('\n---\n\n### 37) E...')
  #9 /Users/atulgrover/Desktop/RAG/Dokuwiki/techset/inc/parserutils.php(234): dokuwiki\Parsing\Parser->parse('\n~~NOTOC~~\n\n## ...')
  #10 /Users/atulgrover/Desktop/RAG/Dokuwiki/techset/inc/parserutils.php(198): p_get_instructions('~~NOTOC~~\n\n## S...')
  #11 /Users/atulgrover/Desktop/RAG/Dokuwiki/techset/inc/parserutils.php(520): p_cached_instructions('/Users/atulgrov...', false, 'rbz_prompts:3_s...')
  #12 /Users/atulgrover/Desktop/RAG/Dokuwiki/techset/inc/parserutils.php(299): p_render_metadata('rbz_prompts:3_s...', Array)
  #13 /Users/atulgrover/Desktop/RAG/Dokuwiki/techset/inc/parserutils.php(772): p_get_metadata('rbz_prompts:3_s...', 'title', 1)
  #14 /Users/atulgrover/Desktop/RAG/Dokuwiki/techset/lib/plugins/fuzzysearch/action.php(130): p_get_first_heading('rbz_prompts:3_s...')
  #15 /Users/atulgrover/Desktop/RAG/Dokuwiki/techset/lib/plugins/fuzzysearch/action.php(106): action_plugin_fuzzysearch->generatePageList()
  #16 /Users/atulgrover/Desktop/RAG/Dokuwiki/techset/lib/plugins/fuzzysearch/action.php(51): action_plugin_fuzzysearch->ensureCacheExists(true)
  #17 /Users/atulgrover/Desktop/RAG/Dokuwiki/techset/inc/Extension/EventHandler.php(80): action_plugin_fuzzysearch->update_cache_on_change(Object(dokuwiki\Extension\Event), NULL)
  #18 /Users/atulgrover/Desktop/RAG/Dokuwiki/techset/inc/Extension/Event.php(75): dokuwiki\Extension\EventHandler->process_event(Object(dokuwiki\Extension\Event), 'BEFORE')
  #19 /Users/atulgrover/Desktop/RAG/Dokuwiki/techset/inc/Extension/Event.php(133): dokuwiki\Extension\Event->advise_before(false)
  #20 /Users/atulgrover/Desktop/RAG/Dokuwiki/techset/inc/Extension/Event.php(200): dokuwiki\Extension\Event->trigger(NULL, false)
  #21 /Users/atulgrover/Desktop/RAG/Dokuwiki/techset/inc/indexer.php(43): dokuwiki\Extension\Event::createAndTrigger('INDEXER_VERSION...', Array, NULL, false)
  #22 /Users/atulgrover/Desktop/RAG/Dokuwiki/techset/inc/indexer.php(145): idx_get_version()
  #23 /Users/atulgrover/Desktop/RAG/Dokuwiki/techset/inc/TaskRunner.php(206): idx_addPage('start', true)
  #24 /Users/atulgrover/Desktop/RAG/Dokuwiki/techset/inc/TaskRunner.php(52): dokuwiki\TaskRunner->runIndexer()
  #25 /Users/atulgrover/Desktop/RAG/Dokuwiki/techset/lib/exe/taskrunner.php(20): dokuwiki\TaskRunner->run()
  #26 {main}
2026-04-02 07:40:09	/Users/atulgrover/Desktop/RAG/Dokuwiki/techset/lib/plugins/markdowku/syntax/ulists.php(79)	E_WARNING: Undefined array key 2
  #0 /Users/atulgrover/Desktop/RAG/Dokuwiki/techset/lib/plugins/markdowku/syntax/ulists.php(79): dokuwiki\ErrorHandler::errorHandler(2, 'Undefined array...', '/Users/atulgrov...', 79)
  #1 /Users/atulgrover/Desktop/RAG/Dokuwiki/techset/inc/Parsing/Handler/Lists.php(80): Doku_Handler_Markdown_Unordered_List->interpretSyntax('\n    * ', 'u')
  #2 /Users/atulgrover/Desktop/RAG/Dokuwiki/techset/inc/Parsing/Handler/Lists.php(32): dokuwiki\Parsing\Handler\Lists->listOpen(Array)
  #3 /Users/atulgrover/Desktop/RAG/Dokuwiki/techset/inc/Parsing/Handler/Lists.php(20): dokuwiki\Parsing\Handler\Lists->process()
  #4 /Users/atulgrover/Desktop/RAG/Dokuwiki/techset/inc/parser/handler.php(135): dokuwiki\Parsing\Handler\Lists->finalise()
  #5 /Users/atulgrover/Desktop/RAG/Dokuwiki/techset/inc/Parsing/Parser.php(127): Doku_Handler->finalize()
  #6 /Users/atulgrover/Desktop/RAG/Dokuwiki/techset/inc/parserutils.php(234): dokuwiki\Parsing\Parser->parse('\n~~NOTOC~~\n\n## ...')
  #7 /Users/atulgrover/Desktop/RAG/Dokuwiki/techset/inc/parserutils.php(198): p_get_instructions('~~NOTOC~~\n\n## S...')
  #8 /Users/atulgrover/Desktop/RAG/Dokuwiki/techset/inc/parserutils.php(520): p_cached_instructions('/Users/atulgrov...', false, 'rbz_prompts:3_s...')
  #9 /Users/atulgrover/Desktop/RAG/Dokuwiki/techset/inc/parserutils.php(299): p_render_metadata('rbz_prompts:3_s...', Array)
  #10 /Users/atulgrover/Desktop/RAG/Dokuwiki/techset/inc/parserutils.php(772): p_get_metadata('rbz_prompts:3_s...', 'title', 1)
  #11 /Users/atulgrover/Desktop/RAG/Dokuwiki/techset/lib/plugins/fuzzysearch/action.php(130): p_get_first_heading('rbz_prompts:3_s...')
  #12 /Users/atulgrover/Desktop/RAG/Dokuwiki/techset/lib/plugins/fuzzysearch/action.php(106): action_plugin_fuzzysearch->generatePageList()
  #13 /Users/atulgrover/Desktop/RAG/Dokuwiki/techset/lib/plugins/fuzzysearch/action.php(51): action_plugin_fuzzysearch->ensureCacheExists(true)
  #14 /Users/atulgrover/Desktop/RAG/Dokuwiki/techset/inc/Extension/EventHandler.php(80): action_plugin_fuzzysearch->update_cache_on_change(Object(dokuwiki\Extension\Event), NULL)
  #15 /Users/atulgrover/Desktop/RAG/Dokuwiki/techset/inc/Extension/Event.php(75): dokuwiki\Extension\EventHandler->process_event(Object(dokuwiki\Extension\Event), 'BEFORE')
  #16 /Users/atulgrover/Desktop/RAG/Dokuwiki/techset/inc/Extension/Event.php(133): dokuwiki\Extension\Event->advise_before(false)
  #17 /Users/atulgrover/Desktop/RAG/Dokuwiki/techset/inc/Extension/Event.php(200): dokuwiki\Extension\Event->trigger(NULL, false)
  #18 /Users/atulgrover/Desktop/RAG/Dokuwiki/techset/inc/indexer.php(43): dokuwiki\Extension\Event::createAndTrigger('INDEXER_VERSION...', Array, NULL, false)
  #19 /Users/atulgrover/Desktop/RAG/Dokuwiki/techset/inc/indexer.php(145): idx_get_version()
  #20 /Users/atulgrover/Desktop/RAG/Dokuwiki/techset/inc/TaskRunner.php(206): idx_addPage('start', true)
  #21 /Users/atulgrover/Desktop/RAG/Dokuwiki/techset/inc/TaskRunner.php(52): dokuwiki\TaskRunner->runIndexer()
  #22 /Users/atulgrover/Desktop/RAG/Dokuwiki/techset/lib/exe/taskrunner.php(20): dokuwiki\TaskRunner->run()
  #23 {main}
2026-04-02 07:40:10	/Users/atulgrover/Desktop/RAG/Dokuwiki/techset/lib/plugins/markdowku/syntax/ulists.php(79)	E_WARNING: Undefined array key 2
  #0 /Users/atulgrover/Desktop/RAG/Dokuwiki/techset/lib/plugins/markdowku/syntax/ulists.php(79): dokuwiki\ErrorHandler::errorHandler(2, 'Undefined array...', '/Users/atulgrov...', 79)
  #1 /Users/atulgrover/Desktop/RAG/Dokuwiki/techset/inc/Parsing/Handler/Lists.php(80): Doku_Handler_Markdown_Unordered_List->interpretSyntax('\n    * ', 'u')
  #2 /Users/atulgrover/Desktop/RAG/Dokuwiki/techset/inc/Parsing/Handler/Lists.php(32): dokuwiki\Parsing\Handler\Lists->listOpen(Array)
  #3 /Users/atulgrover/Desktop/RAG/Dokuwiki/techset/lib/plugins/markdowku/syntax/ulists.php(55): dokuwiki\Parsing\Handler\Lists->process()
  #4 /Users/atulgrover/Desktop/RAG/Dokuwiki/techset/inc/parser/handler.php(298): syntax_plugin_markdowku_ulists->handle('\n', 4, 1748, Object(Doku_Handler))
  #5 /Users/atulgrover/Desktop/RAG/Dokuwiki/techset/inc/Parsing/Lexer/Lexer.php(269): Doku_Handler->plugin('\n', 4, 1748, 'markdowku_ulist...')
  #6 /Users/atulgrover/Desktop/RAG/Dokuwiki/techset/inc/Parsing/Lexer/Lexer.php(189): dokuwiki\Parsing\Lexer\Lexer->invokeHandler('\n', 4, 1748)
  #7 /Users/atulgrover/Desktop/RAG/Dokuwiki/techset/inc/Parsing/Lexer/Lexer.php(146): dokuwiki\Parsing\Lexer\Lexer->dispatchTokens(' Only assist wi...', '\n', '__exit', 1708, 1748)
  #8 /Users/atulgrover/Desktop/RAG/Dokuwiki/techset/inc/Parsing/Parser.php(113): dokuwiki\Parsing\Lexer\Lexer->parse('\n---\n\n## 5. For...')
  #9 /Users/atulgrover/Desktop/RAG/Dokuwiki/techset/inc/parserutils.php(234): dokuwiki\Parsing\Parser->parse('\n~~NOTOC~~\n\nTop...')
  #10 /Users/atulgrover/Desktop/RAG/Dokuwiki/techset/inc/parserutils.php(198): p_get_instructions('~~NOTOC~~\n\nTopi...')
  #11 /Users/atulgrover/Desktop/RAG/Dokuwiki/techset/inc/parserutils.php(520): p_cached_instructions('/Users/atulgrov...', false, 'rbz_prompts:2_a...')
  #12 /Users/atulgrover/Desktop/RAG/Dokuwiki/techset/inc/parserutils.php(299): p_render_metadata('rbz_prompts:2_a...', Array)
  #13 /Users/atulgrover/Desktop/RAG/Dokuwiki/techset/inc/parserutils.php(772): p_get_metadata('rbz_prompts:2_a...', 'title', 1)
  #14 /Users/atulgrover/Desktop/RAG/Dokuwiki/techset/lib/plugins/fuzzysearch/action.php(130): p_get_first_heading('rbz_prompts:2_a...')
  #15 /Users/atulgrover/Desktop/RAG/Dokuwiki/techset/lib/plugins/fuzzysearch/action.php(106): action_plugin_fuzzysearch->generatePageList()
  #16 /Users/atulgrover/Desktop/RAG/Dokuwiki/techset/lib/plugins/fuzzysearch/action.php(51): action_plugin_fuzzysearch->ensureCacheExists(true)
  #17 /Users/atulgrover/Desktop/RAG/Dokuwiki/techset/inc/Extension/EventHandler.php(80): action_plugin_fuzzysearch->update_cache_on_change(Object(dokuwiki\Extension\Event), NULL)
  #18 /Users/atulgrover/Desktop/RAG/Dokuwiki/techset/inc/Extension/Event.php(75): dokuwiki\Extension\EventHandler->process_event(Object(dokuwiki\Extension\Event), 'BEFORE')
  #19 /Users/atulgrover/Desktop/RAG/Dokuwiki/techset/inc/Extension/Event.php(133): dokuwiki\Extension\Event->advise_before(false)
  #20 /Users/atulgrover/Desktop/RAG/Dokuwiki/techset/inc/Extension/Event.php(200): dokuwiki\Extension\Event->trigger(NULL, false)
  #21 /Users/atulgrover/Desktop/RAG/Dokuwiki/techset/inc/indexer.php(43): dokuwiki\Extension\Event::createAndTrigger('INDEXER_VERSION...', Array, NULL, false)
  #22 /Users/atulgrover/Desktop/RAG/Dokuwiki/techset/inc/indexer.php(145): idx_get_version()
  #23 /Users/atulgrover/Desktop/RAG/Dokuwiki/techset/inc/TaskRunner.php(206): idx_addPage('start', true)
  #24 /Users/atulgrover/Desktop/RAG/Dokuwiki/techset/inc/TaskRunner.php(52): dokuwiki\TaskRunner->runIndexer()
  #25 /Users/atulgrover/Desktop/RAG/Dokuwiki/techset/lib/exe/taskrunner.php(20): dokuwiki\TaskRunner->run()
  #26 {main}
2026-04-02 07:40:10	/Users/atulgrover/Desktop/RAG/Dokuwiki/techset/lib/plugins/markdowku/syntax/ulists.php(79)	E_WARNING: Undefined array key 2
  #0 /Users/atulgrover/Desktop/RAG/Dokuwiki/techset/lib/plugins/markdowku/syntax/ulists.php(79): dokuwiki\ErrorHandler::errorHandler(2, 'Undefined array...', '/Users/atulgrov...', 79)
  #1 /Users/atulgrover/Desktop/RAG/Dokuwiki/techset/inc/Parsing/Handler/Lists.php(80): Doku_Handler_Markdown_Unordered_List->interpretSyntax('\n    * ', 'u')
  #2 /Users/atulgrover/Desktop/RAG/Dokuwiki/techset/inc/Parsing/Handler/Lists.php(32): dokuwiki\Parsing\Handler\Lists->listOpen(Array)
  #3 /Users/atulgrover/Desktop/RAG/Dokuwiki/techset/lib/plugins/markdowku/syntax/ulists.php(55): dokuwiki\Parsing\Handler\Lists->process()
  #4 /Users/atulgrover/Desktop/RAG/Dokuwiki/techset/inc/parser/handler.php(298): syntax_plugin_markdowku_ulists->handle('\n', 4, 2067, Object(Doku_Handler))
  #5 /Users/atulgrover/Desktop/RAG/Dokuwiki/techset/inc/Parsing/Lexer/Lexer.php(269): Doku_Handler->plugin('\n', 4, 2067, 'markdowku_ulist...')
  #6 /Users/atulgrover/Desktop/RAG/Dokuwiki/techset/inc/Parsing/Lexer/Lexer.php(189): dokuwiki\Parsing\Lexer\Lexer->invokeHandler('\n', 4, 2067)
  #7 /Users/atulgrover/Desktop/RAG/Dokuwiki/techset/inc/Parsing/Lexer/Lexer.php(146): dokuwiki\Parsing\Lexer\Lexer->dispatchTokens('CIRP/Liquidatio...', '\n', '__exit', 2041, 2067)
  #8 /Users/atulgrover/Desktop/RAG/Dokuwiki/techset/inc/Parsing/Parser.php(113): dokuwiki\Parsing\Lexer\Lexer->parse('\n---\n\n## 6. Cre...')
  #9 /Users/atulgrover/Desktop/RAG/Dokuwiki/techset/inc/parserutils.php(234): dokuwiki\Parsing\Parser->parse('\n~~NOTOC~~\n\nTop...')
  #10 /Users/atulgrover/Desktop/RAG/Dokuwiki/techset/inc/parserutils.php(198): p_get_instructions('~~NOTOC~~\n\nTopi...')
  #11 /Users/atulgrover/Desktop/RAG/Dokuwiki/techset/inc/parserutils.php(520): p_cached_instructions('/Users/atulgrov...', false, 'rbz_prompts:2_a...')
  #12 /Users/atulgrover/Desktop/RAG/Dokuwiki/techset/inc/parserutils.php(299): p_render_metadata('rbz_prompts:2_a...', Array)
  #13 /Users/atulgrover/Desktop/RAG/Dokuwiki/techset/inc/parserutils.php(772): p_get_metadata('rbz_prompts:2_a...', 'title', 1)
  #14 /Users/atulgrover/Desktop/RAG/Dokuwiki/techset/lib/plugins/fuzzysearch/action.php(130): p_get_first_heading('rbz_prompts:2_a...')
  #15 /Users/atulgrover/Desktop/RAG/Dokuwiki/techset/lib/plugins/fuzzysearch/action.php(106): action_plugin_fuzzysearch->generatePageList()
  #16 /Users/atulgrover/Desktop/RAG/Dokuwiki/techset/lib/plugins/fuzzysearch/action.php(51): action_plugin_fuzzysearch->ensureCacheExists(true)
  #17 /Users/atulgrover/Desktop/RAG/Dokuwiki/techset/inc/Extension/EventHandler.php(80): action_plugin_fuzzysearch->update_cache_on_change(Object(dokuwiki\Extension\Event), NULL)
  #18 /Users/atulgrover/Desktop/RAG/Dokuwiki/techset/inc/Extension/Event.php(75): dokuwiki\Extension\EventHandler->process_event(Object(dokuwiki\Extension\Event), 'BEFORE')
  #19 /Users/atulgrover/Desktop/RAG/Dokuwiki/techset/inc/Extension/Event.php(133): dokuwiki\Extension\Event->advise_before(false)
  #20 /Users/atulgrover/Desktop/RAG/Dokuwiki/techset/inc/Extension/Event.php(200): dokuwiki\Extension\Event->trigger(NULL, false)
  #21 /Users/atulgrover/Desktop/RAG/Dokuwiki/techset/inc/indexer.php(43): dokuwiki\Extension\Event::createAndTrigger('INDEXER_VERSION...', Array, NULL, false)
  #22 /Users/atulgrover/Desktop/RAG/Dokuwiki/techset/inc/indexer.php(145): idx_get_version()
  #23 /Users/atulgrover/Desktop/RAG/Dokuwiki/techset/inc/TaskRunner.php(206): idx_addPage('start', true)
  #24 /Users/atulgrover/Desktop/RAG/Dokuwiki/techset/inc/TaskRunner.php(52): dokuwiki\TaskRunner->runIndexer()
  #25 /Users/atulgrover/Desktop/RAG/Dokuwiki/techset/lib/exe/taskrunner.php(20): dokuwiki\TaskRunner->run()
  #26 {main}
2026-04-02 07:40:10	/Users/atulgrover/Desktop/RAG/Dokuwiki/techset/lib/plugins/markdowku/syntax/ulists.php(79)	E_WARNING: Undefined array key 2
  #0 /Users/atulgrover/Desktop/RAG/Dokuwiki/techset/lib/plugins/markdowku/syntax/ulists.php(79): dokuwiki\ErrorHandler::errorHandler(2, 'Undefined array...', '/Users/atulgrov...', 79)
  #1 /Users/atulgrover/Desktop/RAG/Dokuwiki/techset/inc/Parsing/Handler/Lists.php(80): Doku_Handler_Markdown_Unordered_List->interpretSyntax('\n    * ', 'u')
  #2 /Users/atulgrover/Desktop/RAG/Dokuwiki/techset/inc/Parsing/Handler/Lists.php(32): dokuwiki\Parsing\Handler\Lists->listOpen(Array)
  #3 /Users/atulgrover/Desktop/RAG/Dokuwiki/techset/lib/plugins/markdowku/syntax/ulists.php(55): dokuwiki\Parsing\Handler\Lists->process()
  #4 /Users/atulgrover/Desktop/RAG/Dokuwiki/techset/inc/parser/handler.php(298): syntax_plugin_markdowku_ulists->handle('\n', 4, 2325, Object(Doku_Handler))
  #5 /Users/atulgrover/Desktop/RAG/Dokuwiki/techset/inc/Parsing/Lexer/Lexer.php(269): Doku_Handler->plugin('\n', 4, 2325, 'markdowku_ulist...')
  #6 /Users/atulgrover/Desktop/RAG/Dokuwiki/techset/inc/Parsing/Lexer/Lexer.php(189): dokuwiki\Parsing\Lexer\Lexer->invokeHandler('\n', 4, 2325)
  #7 /Users/atulgrover/Desktop/RAG/Dokuwiki/techset/inc/Parsing/Lexer/Lexer.php(146): dokuwiki\Parsing\Lexer\Lexer->dispatchTokens(' Only provide I...', '\n', '__exit', 2277, 2325)
  #8 /Users/atulgrover/Desktop/RAG/Dokuwiki/techset/inc/Parsing/Parser.php(113): dokuwiki\Parsing\Lexer\Lexer->parse('\n---\n\n## 7. Res...')
  #9 /Users/atulgrover/Desktop/RAG/Dokuwiki/techset/inc/parserutils.php(234): dokuwiki\Parsing\Parser->parse('\n~~NOTOC~~\n\nTop...')
  #10 /Users/atulgrover/Desktop/RAG/Dokuwiki/techset/inc/parserutils.php(198): p_get_instructions('~~NOTOC~~\n\nTopi...')
  #11 /Users/atulgrover/Desktop/RAG/Dokuwiki/techset/inc/parserutils.php(520): p_cached_instructions('/Users/atulgrov...', false, 'rbz_prompts:2_a...')
  #12 /Users/atulgrover/Desktop/RAG/Dokuwiki/techset/inc/parserutils.php(299): p_render_metadata('rbz_prompts:2_a...', Array)
  #13 /Users/atulgrover/Desktop/RAG/Dokuwiki/techset/inc/parserutils.php(772): p_get_metadata('rbz_prompts:2_a...', 'title', 1)
  #14 /Users/atulgrover/Desktop/RAG/Dokuwiki/techset/lib/plugins/fuzzysearch/action.php(130): p_get_first_heading('rbz_prompts:2_a...')
  #15 /Users/atulgrover/Desktop/RAG/Dokuwiki/techset/lib/plugins/fuzzysearch/action.php(106): action_plugin_fuzzysearch->generatePageList()
  #16 /Users/atulgrover/Desktop/RAG/Dokuwiki/techset/lib/plugins/fuzzysearch/action.php(51): action_plugin_fuzzysearch->ensureCacheExists(true)
  #17 /Users/atulgrover/Desktop/RAG/Dokuwiki/techset/inc/Extension/EventHandler.php(80): action_plugin_fuzzysearch->update_cache_on_change(Object(dokuwiki\Extension\Event), NULL)
  #18 /Users/atulgrover/Desktop/RAG/Dokuwiki/techset/inc/Extension/Event.php(75): dokuwiki\Extension\EventHandler->process_event(Object(dokuwiki\Extension\Event), 'BEFORE')
  #19 /Users/atulgrover/Desktop/RAG/Dokuwiki/techset/inc/Extension/Event.php(133): dokuwiki\Extension\Event->advise_before(false)
  #20 /Users/atulgrover/Desktop/RAG/Dokuwiki/techset/inc/Extension/Event.php(200): dokuwiki\Extension\Event->trigger(NULL, false)
  #21 /Users/atulgrover/Desktop/RAG/Dokuwiki/techset/inc/indexer.php(43): dokuwiki\Extension\Event::createAndTrigger('INDEXER_VERSION...', Array, NULL, false)
  #22 /Users/atulgrover/Desktop/RAG/Dokuwiki/techset/inc/indexer.php(145): idx_get_version()
  #23 /Users/atulgrover/Desktop/RAG/Dokuwiki/techset/inc/TaskRunner.php(206): idx_addPage('start', true)
  #24 /Users/atulgrover/Desktop/RAG/Dokuwiki/techset/inc/TaskRunner.php(52): dokuwiki\TaskRunner->runIndexer()
  #25 /Users/atulgrover/Desktop/RAG/Dokuwiki/techset/lib/exe/taskrunner.php(20): dokuwiki\TaskRunner->run()
  #26 {main}
2026-04-02 07:40:10	/Users/atulgrover/Desktop/RAG/Dokuwiki/techset/lib/plugins/markdowku/syntax/ulists.php(79)	E_WARNING: Undefined array key 2
  #0 /Users/atulgrover/Desktop/RAG/Dokuwiki/techset/lib/plugins/markdowku/syntax/ulists.php(79): dokuwiki\ErrorHandler::errorHandler(2, 'Undefined array...', '/Users/atulgrov...', 79)
  #1 /Users/atulgrover/Desktop/RAG/Dokuwiki/techset/inc/Parsing/Handler/Lists.php(80): Doku_Handler_Markdown_Unordered_List->interpretSyntax('\n    * ', 'u')
  #2 /Users/atulgrover/Desktop/RAG/Dokuwiki/techset/inc/Parsing/Handler/Lists.php(32): dokuwiki\Parsing\Handler\Lists->listOpen(Array)
  #3 /Users/atulgrover/Desktop/RAG/Dokuwiki/techset/lib/plugins/markdowku/syntax/ulists.php(55): dokuwiki\Parsing\Handler\Lists->process()
  #4 /Users/atulgrover/Desktop/RAG/Dokuwiki/techset/inc/parser/handler.php(298): syntax_plugin_markdowku_ulists->handle('\n', 4, 2568, Object(Doku_Handler))
  #5 /Users/atulgrover/Desktop/RAG/Dokuwiki/techset/inc/Parsing/Lexer/Lexer.php(269): Doku_Handler->plugin('\n', 4, 2568, 'markdowku_ulist...')
  #6 /Users/atulgrover/Desktop/RAG/Dokuwiki/techset/inc/Parsing/Lexer/Lexer.php(189): dokuwiki\Parsing\Lexer\Lexer->invokeHandler('\n', 4, 2568)
  #7 /Users/atulgrover/Desktop/RAG/Dokuwiki/techset/inc/Parsing/Lexer/Lexer.php(146): dokuwiki\Parsing\Lexer\Lexer->dispatchTokens(' Only support r...', '\n', '__exit', 2499, 2568)
  #8 /Users/atulgrover/Desktop/RAG/Dokuwiki/techset/inc/Parsing/Parser.php(113): dokuwiki\Parsing\Lexer\Lexer->parse('\n---\n\n## 8. Dat...')
  #9 /Users/atulgrover/Desktop/RAG/Dokuwiki/techset/inc/parserutils.php(234): dokuwiki\Parsing\Parser->parse('\n~~NOTOC~~\n\nTop...')
  #10 /Users/atulgrover/Desktop/RAG/Dokuwiki/techset/inc/parserutils.php(198): p_get_instructions('~~NOTOC~~\n\nTopi...')
  #11 /Users/atulgrover/Desktop/RAG/Dokuwiki/techset/inc/parserutils.php(520): p_cached_instructions('/Users/atulgrov...', false, 'rbz_prompts:2_a...')
  #12 /Users/atulgrover/Desktop/RAG/Dokuwiki/techset/inc/parserutils.php(299): p_render_metadata('rbz_prompts:2_a...', Array)
  #13 /Users/atulgrover/Desktop/RAG/Dokuwiki/techset/inc/parserutils.php(772): p_get_metadata('rbz_prompts:2_a...', 'title', 1)
  #14 /Users/atulgrover/Desktop/RAG/Dokuwiki/techset/lib/plugins/fuzzysearch/action.php(130): p_get_first_heading('rbz_prompts:2_a...')
  #15 /Users/atulgrover/Desktop/RAG/Dokuwiki/techset/lib/plugins/fuzzysearch/action.php(106): action_plugin_fuzzysearch->generatePageList()
  #16 /Users/atulgrover/Desktop/RAG/Dokuwiki/techset/lib/plugins/fuzzysearch/action.php(51): action_plugin_fuzzysearch->ensureCacheExists(true)
  #17 /Users/atulgrover/Desktop/RAG/Dokuwiki/techset/inc/Extension/EventHandler.php(80): action_plugin_fuzzysearch->update_cache_on_change(Object(dokuwiki\Extension\Event), NULL)
  #18 /Users/atulgrover/Desktop/RAG/Dokuwiki/techset/inc/Extension/Event.php(75): dokuwiki\Extension\EventHandler->process_event(Object(dokuwiki\Extension\Event), 'BEFORE')
  #19 /Users/atulgrover/Desktop/RAG/Dokuwiki/techset/inc/Extension/Event.php(133): dokuwiki\Extension\Event->advise_before(false)
  #20 /Users/atulgrover/Desktop/RAG/Dokuwiki/techset/inc/Extension/Event.php(200): dokuwiki\Extension\Event->trigger(NULL, false)
  #21 /Users/atulgrover/Desktop/RAG/Dokuwiki/techset/inc/indexer.php(43): dokuwiki\Extension\Event::createAndTrigger('INDEXER_VERSION...', Array, NULL, false)
  #22 /Users/atulgrover/Desktop/RAG/Dokuwiki/techset/inc/indexer.php(145): idx_get_version()
  #23 /Users/atulgrover/Desktop/RAG/Dokuwiki/techset/inc/TaskRunner.php(206): idx_addPage('start', true)
  #24 /Users/atulgrover/Desktop/RAG/Dokuwiki/techset/inc/TaskRunner.php(52): dokuwiki\TaskRunner->runIndexer()
  #25 /Users/atulgrover/Desktop/RAG/Dokuwiki/techset/lib/exe/taskrunner.php(20): dokuwiki\TaskRunner->run()
  #26 {main}
2026-04-02 07:40:10	/Users/atulgrover/Desktop/RAG/Dokuwiki/techset/lib/plugins/markdowku/syntax/ulists.php(79)	E_WARNING: Undefined array key 2
  #0 /Users/atulgrover/Desktop/RAG/Dokuwiki/techset/lib/plugins/markdowku/syntax/ulists.php(79): dokuwiki\ErrorHandler::errorHandler(2, 'Undefined array...', '/Users/atulgrov...', 79)
  #1 /Users/atulgrover/Desktop/RAG/Dokuwiki/techset/inc/Parsing/Handler/Lists.php(80): Doku_Handler_Markdown_Unordered_List->interpretSyntax('\n    * ', 'u')
  #2 /Users/atulgrover/Desktop/RAG/Dokuwiki/techset/inc/Parsing/Handler/Lists.php(32): dokuwiki\Parsing\Handler\Lists->listOpen(Array)
  #3 /Users/atulgrover/Desktop/RAG/Dokuwiki/techset/lib/plugins/markdowku/syntax/ulists.php(55): dokuwiki\Parsing\Handler\Lists->process()
  #4 /Users/atulgrover/Desktop/RAG/Dokuwiki/techset/inc/parser/handler.php(298): syntax_plugin_markdowku_ulists->handle('\n', 4, 2812, Object(Doku_Handler))
  #5 /Users/atulgrover/Desktop/RAG/Dokuwiki/techset/inc/Parsing/Lexer/Lexer.php(269): Doku_Handler->plugin('\n', 4, 2812, 'markdowku_ulist...')
  #6 /Users/atulgrover/Desktop/RAG/Dokuwiki/techset/inc/Parsing/Lexer/Lexer.php(189): dokuwiki\Parsing\Lexer\Lexer->invokeHandler('\n', 4, 2812)
  #7 /Users/atulgrover/Desktop/RAG/Dokuwiki/techset/inc/Parsing/Lexer/Lexer.php(146): dokuwiki\Parsing\Lexer\Lexer->dispatchTokens(' Only assist in...', '\n', '__exit', 2746, 2812)
  #8 /Users/atulgrover/Desktop/RAG/Dokuwiki/techset/inc/Parsing/Parser.php(113): dokuwiki\Parsing\Lexer\Lexer->parse('\n---\n\n## 9. NCL...')
  #9 /Users/atulgrover/Desktop/RAG/Dokuwiki/techset/inc/parserutils.php(234): dokuwiki\Parsing\Parser->parse('\n~~NOTOC~~\n\nTop...')
  #10 /Users/atulgrover/Desktop/RAG/Dokuwiki/techset/inc/parserutils.php(198): p_get_instructions('~~NOTOC~~\n\nTopi...')
  #11 /Users/atulgrover/Desktop/RAG/Dokuwiki/techset/inc/parserutils.php(520): p_cached_instructions('/Users/atulgrov...', false, 'rbz_prompts:2_a...')
  #12 /Users/atulgrover/Desktop/RAG/Dokuwiki/techset/inc/parserutils.php(299): p_render_metadata('rbz_prompts:2_a...', Array)
  #13 /Users/atulgrover/Desktop/RAG/Dokuwiki/techset/inc/parserutils.php(772): p_get_metadata('rbz_prompts:2_a...', 'title', 1)
  #14 /Users/atulgrover/Desktop/RAG/Dokuwiki/techset/lib/plugins/fuzzysearch/action.php(130): p_get_first_heading('rbz_prompts:2_a...')
  #15 /Users/atulgrover/Desktop/RAG/Dokuwiki/techset/lib/plugins/fuzzysearch/action.php(106): action_plugin_fuzzysearch->generatePageList()
  #16 /Users/atulgrover/Desktop/RAG/Dokuwiki/techset/lib/plugins/fuzzysearch/action.php(51): action_plugin_fuzzysearch->ensureCacheExists(true)
  #17 /Users/atulgrover/Desktop/RAG/Dokuwiki/techset/inc/Extension/EventHandler.php(80): action_plugin_fuzzysearch->update_cache_on_change(Object(dokuwiki\Extension\Event), NULL)
  #18 /Users/atulgrover/Desktop/RAG/Dokuwiki/techset/inc/Extension/Event.php(75): dokuwiki\Extension\EventHandler->process_event(Object(dokuwiki\Extension\Event), 'BEFORE')
  #19 /Users/atulgrover/Desktop/RAG/Dokuwiki/techset/inc/Extension/Event.php(133): dokuwiki\Extension\Event->advise_before(false)
  #20 /Users/atulgrover/Desktop/RAG/Dokuwiki/techset/inc/Extension/Event.php(200): dokuwiki\Extension\Event->trigger(NULL, false)
  #21 /Users/atulgrover/Desktop/RAG/Dokuwiki/techset/inc/indexer.php(43): dokuwiki\Extension\Event::createAndTrigger('INDEXER_VERSION...', Array, NULL, false)
  #22 /Users/atulgrover/Desktop/RAG/Dokuwiki/techset/inc/indexer.php(145): idx_get_version()
  #23 /Users/atulgrover/Desktop/RAG/Dokuwiki/techset/inc/TaskRunner.php(206): idx_addPage('start', true)
  #24 /Users/atulgrover/Desktop/RAG/Dokuwiki/techset/inc/TaskRunner.php(52): dokuwiki\TaskRunner->runIndexer()
  #25 /Users/atulgrover/Desktop/RAG/Dokuwiki/techset/lib/exe/taskrunner.php(20): dokuwiki\TaskRunner->run()
  #26 {main}
2026-04-02 07:40:10	/Users/atulgrover/Desktop/RAG/Dokuwiki/techset/lib/plugins/markdowku/syntax/ulists.php(79)	E_WARNING: Undefined array key 2
  #0 /Users/atulgrover/Desktop/RAG/Dokuwiki/techset/lib/plugins/markdowku/syntax/ulists.php(79): dokuwiki\ErrorHandler::errorHandler(2, 'Undefined array...', '/Users/atulgrov...', 79)
  #1 /Users/atulgrover/Desktop/RAG/Dokuwiki/techset/inc/Parsing/Handler/Lists.php(80): Doku_Handler_Markdown_Unordered_List->interpretSyntax('\n    * ', 'u')
  #2 /Users/atulgrover/Desktop/RAG/Dokuwiki/techset/inc/Parsing/Handler/Lists.php(32): dokuwiki\Parsing\Handler\Lists->listOpen(Array)
  #3 /Users/atulgrover/Desktop/RAG/Dokuwiki/techset/lib/plugins/markdowku/syntax/ulists.php(55): dokuwiki\Parsing\Handler\Lists->process()
  #4 /Users/atulgrover/Desktop/RAG/Dokuwiki/techset/inc/parser/handler.php(298): syntax_plugin_markdowku_ulists->handle('\n', 4, 3031, Object(Doku_Handler))
  #5 /Users/atulgrover/Desktop/RAG/Dokuwiki/techset/inc/Parsing/Lexer/Lexer.php(269): Doku_Handler->plugin('\n', 4, 3031, 'markdowku_ulist...')
  #6 /Users/atulgrover/Desktop/RAG/Dokuwiki/techset/inc/Parsing/Lexer/Lexer.php(189): dokuwiki\Parsing\Lexer\Lexer->invokeHandler('\n', 4, 3031)
  #7 /Users/atulgrover/Desktop/RAG/Dokuwiki/techset/inc/Parsing/Lexer/Lexer.php(146): dokuwiki\Parsing\Lexer\Lexer->dispatchTokens(' No opinion on ...', '\n', '__exit', 2979, 3031)
  #8 /Users/atulgrover/Desktop/RAG/Dokuwiki/techset/inc/Parsing/Parser.php(113): dokuwiki\Parsing\Lexer\Lexer->parse('\n---\n\n# High-Va...')
  #9 /Users/atulgrover/Desktop/RAG/Dokuwiki/techset/inc/parserutils.php(234): dokuwiki\Parsing\Parser->parse('\n~~NOTOC~~\n\nTop...')
  #10 /Users/atulgrover/Desktop/RAG/Dokuwiki/techset/inc/parserutils.php(198): p_get_instructions('~~NOTOC~~\n\nTopi...')
  #11 /Users/atulgrover/Desktop/RAG/Dokuwiki/techset/inc/parserutils.php(520): p_cached_instructions('/Users/atulgrov...', false, 'rbz_prompts:2_a...')
  #12 /Users/atulgrover/Desktop/RAG/Dokuwiki/techset/inc/parserutils.php(299): p_render_metadata('rbz_prompts:2_a...', Array)
  #13 /Users/atulgrover/Desktop/RAG/Dokuwiki/techset/inc/parserutils.php(772): p_get_metadata('rbz_prompts:2_a...', 'title', 1)
  #14 /Users/atulgrover/Desktop/RAG/Dokuwiki/techset/lib/plugins/fuzzysearch/action.php(130): p_get_first_heading('rbz_prompts:2_a...')
  #15 /Users/atulgrover/Desktop/RAG/Dokuwiki/techset/lib/plugins/fuzzysearch/action.php(106): action_plugin_fuzzysearch->generatePageList()
  #16 /Users/atulgrover/Desktop/RAG/Dokuwiki/techset/lib/plugins/fuzzysearch/action.php(51): action_plugin_fuzzysearch->ensureCacheExists(true)
  #17 /Users/atulgrover/Desktop/RAG/Dokuwiki/techset/inc/Extension/EventHandler.php(80): action_plugin_fuzzysearch->update_cache_on_change(Object(dokuwiki\Extension\Event), NULL)
  #18 /Users/atulgrover/Desktop/RAG/Dokuwiki/techset/inc/Extension/Event.php(75): dokuwiki\Extension\EventHandler->process_event(Object(dokuwiki\Extension\Event), 'BEFORE')
  #19 /Users/atulgrover/Desktop/RAG/Dokuwiki/techset/inc/Extension/Event.php(133): dokuwiki\Extension\Event->advise_before(false)
  #20 /Users/atulgrover/Desktop/RAG/Dokuwiki/techset/inc/Extension/Event.php(200): dokuwiki\Extension\Event->trigger(NULL, false)
  #21 /Users/atulgrover/Desktop/RAG/Dokuwiki/techset/inc/indexer.php(43): dokuwiki\Extension\Event::createAndTrigger('INDEXER_VERSION...', Array, NULL, false)
  #22 /Users/atulgrover/Desktop/RAG/Dokuwiki/techset/inc/indexer.php(145): idx_get_version()
  #23 /Users/atulgrover/Desktop/RAG/Dokuwiki/techset/inc/TaskRunner.php(206): idx_addPage('start', true)
  #24 /Users/atulgrover/Desktop/RAG/Dokuwiki/techset/inc/TaskRunner.php(52): dokuwiki\TaskRunner->runIndexer()
  #25 /Users/atulgrover/Desktop/RAG/Dokuwiki/techset/lib/exe/taskrunner.php(20): dokuwiki\TaskRunner->run()
  #26 {main}
2026-04-02 10:37:13	/Users/atulgrover/Desktop/RAG/Dokuwiki/techset/lib/plugins/bureaucracy/helper/field.php(84)	E_WARNING: Undefined array key "label"
  #0 /Users/atulgrover/Desktop/RAG/Dokuwiki/techset/lib/plugins/bureaucracy/helper/field.php(84): dokuwiki\ErrorHandler::errorHandler(2, 'Undefined array...', '/Users/atulgrov...', 84)
  #1 /Users/atulgrover/Desktop/RAG/Dokuwiki/techset/lib/plugins/bureaucracy/helper/field.php(53): helper_plugin_bureaucracy_field->init(Array)
  #2 /Users/atulgrover/Desktop/RAG/Dokuwiki/techset/lib/plugins/bureaucracy/helper/fieldsubmit.php(21): helper_plugin_bureaucracy_field->initialize(Array)
  #3 /Users/atulgrover/Desktop/RAG/Dokuwiki/techset/lib/plugins/bureaucracy/syntax.php(128): helper_plugin_bureaucracy_fieldsubmit->initialize(Array)
  #4 /Users/atulgrover/Desktop/RAG/Dokuwiki/techset/inc/parser/handler.php(298): syntax_plugin_bureaucracy->handle('\n\naction pagemo...', 5, 33, Object(Doku_Handler))
  #5 /Users/atulgrover/Desktop/RAG/Dokuwiki/techset/inc/Parsing/Lexer/Lexer.php(269): Doku_Handler->plugin('<form>\n\naction ...', 5, 33, 'bureaucracy')
  #6 /Users/atulgrover/Desktop/RAG/Dokuwiki/techset/inc/Parsing/Lexer/Lexer.php(196): dokuwiki\Parsing\Lexer\Lexer->invokeHandler('<form>\n\naction ...', 5, 33)
  #7 /Users/atulgrover/Desktop/RAG/Dokuwiki/techset/inc/Parsing/Lexer/Lexer.php(146): dokuwiki\Parsing\Lexer\Lexer->dispatchTokens('', '<form>\n\naction ...', '_plugin_bureauc...', 33, 33)
  #8 /Users/atulgrover/Desktop/RAG/Dokuwiki/techset/inc/Parsing/Parser.php(113): dokuwiki\Parsing\Lexer\Lexer->parse('\n')
  #9 /Users/atulgrover/Desktop/RAG/Dokuwiki/techset/inc/parserutils.php(234): dokuwiki\Parsing\Parser->parse('\n~~NOTOC~~\n\n===...')
  #10 /Users/atulgrover/Desktop/RAG/Dokuwiki/techset/inc/parserutils.php(198): p_get_instructions('~~NOTOC~~\n\n====...')
  #11 /Users/atulgrover/Desktop/RAG/Dokuwiki/techset/inc/parserutils.php(520): p_cached_instructions('/Users/atulgrov...', false, 'rbz_teasers:com...')
  #12 /Users/atulgrover/Desktop/RAG/Dokuwiki/techset/inc/parserutils.php(299): p_render_metadata('rbz_teasers:com...', Array)
  #13 /Users/atulgrover/Desktop/RAG/Dokuwiki/techset/inc/parserutils.php(772): p_get_metadata('rbz_teasers:com...', 'title', 1)
  #14 /Users/atulgrover/Desktop/RAG/Dokuwiki/techset/lib/plugins/fuzzysearch/action.php(130): p_get_first_heading('rbz_teasers:com...')
  #15 /Users/atulgrover/Desktop/RAG/Dokuwiki/techset/lib/plugins/fuzzysearch/action.php(106): action_plugin_fuzzysearch->generatePageList()
  #16 /Users/atulgrover/Desktop/RAG/Dokuwiki/techset/lib/plugins/fuzzysearch/action.php(51): action_plugin_fuzzysearch->ensureCacheExists(true)
  #17 /Users/atulgrover/Desktop/RAG/Dokuwiki/techset/inc/Extension/EventHandler.php(80): action_plugin_fuzzysearch->update_cache_on_change(Object(dokuwiki\Extension\Event), NULL)
  #18 /Users/atulgrover/Desktop/RAG/Dokuwiki/techset/inc/Extension/Event.php(75): dokuwiki\Extension\EventHandler->process_event(Object(dokuwiki\Extension\Event), 'BEFORE')
  #19 /Users/atulgrover/Desktop/RAG/Dokuwiki/techset/inc/Extension/Event.php(133): dokuwiki\Extension\Event->advise_before(false)
  #20 /Users/atulgrover/Desktop/RAG/Dokuwiki/techset/inc/Extension/Event.php(200): dokuwiki\Extension\Event->trigger(NULL, false)
  #21 /Users/atulgrover/Desktop/RAG/Dokuwiki/techset/inc/indexer.php(43): dokuwiki\Extension\Event::createAndTrigger('INDEXER_VERSION...', Array, NULL, false)
  #22 /Users/atulgrover/Desktop/RAG/Dokuwiki/techset/inc/indexer.php(145): idx_get_version()
  #23 /Users/atulgrover/Desktop/RAG/Dokuwiki/techset/inc/TaskRunner.php(206): idx_addPage('start', true)
  #24 /Users/atulgrover/Desktop/RAG/Dokuwiki/techset/inc/TaskRunner.php(52): dokuwiki\TaskRunner->runIndexer()
  #25 /Users/atulgrover/Desktop/RAG/Dokuwiki/techset/lib/exe/taskrunner.php(20): dokuwiki\TaskRunner->run()
  #26 {main}
2026-04-02 10:51:44	/Users/atulgrover/Desktop/RAG/Dokuwiki/techset/lib/plugins/bureaucracy/helper/field.php(84)	E_WARNING: Undefined array key "label"
  #0 /Users/atulgrover/Desktop/RAG/Dokuwiki/techset/lib/plugins/bureaucracy/helper/field.php(84): dokuwiki\ErrorHandler::errorHandler(2, 'Undefined array...', '/Users/atulgrov...', 84)
  #1 /Users/atulgrover/Desktop/RAG/Dokuwiki/techset/lib/plugins/bureaucracy/helper/field.php(53): helper_plugin_bureaucracy_field->init(Array)
  #2 /Users/atulgrover/Desktop/RAG/Dokuwiki/techset/lib/plugins/bureaucracy/helper/fieldsubmit.php(21): helper_plugin_bureaucracy_field->initialize(Array)
  #3 /Users/atulgrover/Desktop/RAG/Dokuwiki/techset/lib/plugins/bureaucracy/syntax.php(128): helper_plugin_bureaucracy_fieldsubmit->initialize(Array)
  #4 /Users/atulgrover/Desktop/RAG/Dokuwiki/techset/inc/parser/handler.php(298): syntax_plugin_bureaucracy->handle('\naction pagemod...', 5, 33, Object(Doku_Handler))
  #5 /Users/atulgrover/Desktop/RAG/Dokuwiki/techset/inc/Parsing/Lexer/Lexer.php(269): Doku_Handler->plugin('<form>\naction p...', 5, 33, 'bureaucracy')
  #6 /Users/atulgrover/Desktop/RAG/Dokuwiki/techset/inc/Parsing/Lexer/Lexer.php(196): dokuwiki\Parsing\Lexer\Lexer->invokeHandler('<form>\naction p...', 5, 33)
  #7 /Users/atulgrover/Desktop/RAG/Dokuwiki/techset/inc/Parsing/Lexer/Lexer.php(146): dokuwiki\Parsing\Lexer\Lexer->dispatchTokens('', '<form>\naction p...', '_plugin_bureauc...', 33, 33)
  #8 /Users/atulgrover/Desktop/RAG/Dokuwiki/techset/inc/Parsing/Parser.php(113): dokuwiki\Parsing\Lexer\Lexer->parse('\n\n\n')
  #9 /Users/atulgrover/Desktop/RAG/Dokuwiki/techset/inc/parserutils.php(234): dokuwiki\Parsing\Parser->parse('\n~~NOTOC~~\n\n===...')
  #10 /Users/atulgrover/Desktop/RAG/Dokuwiki/techset/inc/parserutils.php(198): p_get_instructions('~~NOTOC~~\n\n====...')
  #11 /Users/atulgrover/Desktop/RAG/Dokuwiki/techset/inc/parserutils.php(520): p_cached_instructions('/Users/atulgrov...', false, 'rbz_documents:l...')
  #12 /Users/atulgrover/Desktop/RAG/Dokuwiki/techset/inc/parserutils.php(299): p_render_metadata('rbz_documents:l...', Array)
  #13 /Users/atulgrover/Desktop/RAG/Dokuwiki/techset/inc/parserutils.php(772): p_get_metadata('rbz_documents:l...', 'title', 1)
  #14 /Users/atulgrover/Desktop/RAG/Dokuwiki/techset/lib/plugins/fuzzysearch/action.php(130): p_get_first_heading('rbz_documents:l...')
  #15 /Users/atulgrover/Desktop/RAG/Dokuwiki/techset/lib/plugins/fuzzysearch/action.php(106): action_plugin_fuzzysearch->generatePageList()
  #16 /Users/atulgrover/Desktop/RAG/Dokuwiki/techset/lib/plugins/fuzzysearch/action.php(51): action_plugin_fuzzysearch->ensureCacheExists(true)
  #17 /Users/atulgrover/Desktop/RAG/Dokuwiki/techset/inc/Extension/EventHandler.php(80): action_plugin_fuzzysearch->update_cache_on_change(Object(dokuwiki\Extension\Event), NULL)
  #18 /Users/atulgrover/Desktop/RAG/Dokuwiki/techset/inc/Extension/Event.php(75): dokuwiki\Extension\EventHandler->process_event(Object(dokuwiki\Extension\Event), 'BEFORE')
  #19 /Users/atulgrover/Desktop/RAG/Dokuwiki/techset/inc/Extension/Event.php(133): dokuwiki\Extension\Event->advise_before(false)
  #20 /Users/atulgrover/Desktop/RAG/Dokuwiki/techset/inc/Extension/Event.php(200): dokuwiki\Extension\Event->trigger(NULL, false)
  #21 /Users/atulgrover/Desktop/RAG/Dokuwiki/techset/inc/indexer.php(43): dokuwiki\Extension\Event::createAndTrigger('INDEXER_VERSION...', Array, NULL, false)
  #22 /Users/atulgrover/Desktop/RAG/Dokuwiki/techset/inc/indexer.php(145): idx_get_version()
  #23 /Users/atulgrover/Desktop/RAG/Dokuwiki/techset/inc/TaskRunner.php(206): idx_addPage('start', true)
  #24 /Users/atulgrover/Desktop/RAG/Dokuwiki/techset/inc/TaskRunner.php(52): dokuwiki\TaskRunner->runIndexer()
  #25 /Users/atulgrover/Desktop/RAG/Dokuwiki/techset/lib/exe/taskrunner.php(20): dokuwiki\TaskRunner->run()
  #26 {main}
